timestamp,raw_acc:magnitude_stats:mean,raw_acc:magnitude_stats:std,raw_acc:magnitude_stats:moment3,raw_acc:magnitude_stats:moment4,raw_acc:magnitude_stats:percentile25,raw_acc:magnitude_stats:percentile50,raw_acc:magnitude_stats:percentile75,raw_acc:magnitude_stats:value_entropy,raw_acc:magnitude_stats:time_entropy,raw_acc:magnitude_spectrum:log_energy_band0,raw_acc:magnitude_spectrum:log_energy_band1,raw_acc:magnitude_spectrum:log_energy_band2,raw_acc:magnitude_spectrum:log_energy_band3,raw_acc:magnitude_spectrum:log_energy_band4,raw_acc:magnitude_spectrum:spectral_entropy,raw_acc:magnitude_autocorrelation:period,raw_acc:magnitude_autocorrelation:normalized_ac,raw_acc:3d:mean_x,raw_acc:3d:mean_y,raw_acc:3d:mean_z,raw_acc:3d:std_x,raw_acc:3d:std_y,raw_acc:3d:std_z,raw_acc:3d:ro_xy,raw_acc:3d:ro_xz,raw_acc:3d:ro_yz,proc_gyro:magnitude_stats:mean,proc_gyro:magnitude_stats:std,proc_gyro:magnitude_stats:moment3,proc_gyro:magnitude_stats:moment4,proc_gyro:magnitude_stats:percentile25,proc_gyro:magnitude_stats:percentile50,proc_gyro:magnitude_stats:percentile75,proc_gyro:magnitude_stats:value_entropy,proc_gyro:magnitude_stats:time_entropy,proc_gyro:magnitude_spectrum:log_energy_band0,proc_gyro:magnitude_spectrum:log_energy_band1,proc_gyro:magnitude_spectrum:log_energy_band2,proc_gyro:magnitude_spectrum:log_energy_band3,proc_gyro:magnitude_spectrum:log_energy_band4,proc_gyro:magnitude_spectrum:spectral_entropy,proc_gyro:magnitude_autocorrelation:period,proc_gyro:magnitude_autocorrelation:normalized_ac,proc_gyro:3d:mean_x,proc_gyro:3d:mean_y,proc_gyro:3d:mean_z,proc_gyro:3d:std_x,proc_gyro:3d:std_y,proc_gyro:3d:std_z,proc_gyro:3d:ro_xy,proc_gyro:3d:ro_xz,proc_gyro:3d:ro_yz,raw_magnet:magnitude_stats:mean,raw_magnet:magnitude_stats:std,raw_magnet:magnitude_stats:moment3,raw_magnet:magnitude_stats:moment4,raw_magnet:magnitude_stats:percentile25,raw_magnet:magnitude_stats:percentile50,raw_magnet:magnitude_stats:percentile75,raw_magnet:magnitude_stats:value_entropy,raw_magnet:magnitude_stats:time_entropy,raw_magnet:magnitude_spectrum:log_energy_band0,raw_magnet:magnitude_spectrum:log_energy_band1,raw_magnet:magnitude_spectrum:log_energy_band2,raw_magnet:magnitude_spectrum:log_energy_band3,raw_magnet:magnitude_spectrum:log_energy_band4,raw_magnet:magnitude_spectrum:spectral_entropy,raw_magnet:magnitude_autocorrelation:period,raw_magnet:magnitude_autocorrelation:normalized_ac,raw_magnet:3d:mean_x,raw_magnet:3d:mean_y,raw_magnet:3d:mean_z,raw_magnet:3d:std_x,raw_magnet:3d:std_y,raw_magnet:3d:std_z,raw_magnet:3d:ro_xy,raw_magnet:3d:ro_xz,raw_magnet:3d:ro_yz,raw_magnet:avr_cosine_similarity_lag_range0,raw_magnet:avr_cosine_similarity_lag_range1,raw_magnet:avr_cosine_similarity_lag_range2,raw_magnet:avr_cosine_similarity_lag_range3,raw_magnet:avr_cosine_similarity_lag_range4,watch_acceleration:magnitude_stats:mean,watch_acceleration:magnitude_stats:std,watch_acceleration:magnitude_stats:moment3,watch_acceleration:magnitude_stats:moment4,watch_acceleration:magnitude_stats:percentile25,watch_acceleration:magnitude_stats:percentile50,watch_acceleration:magnitude_stats:percentile75,watch_acceleration:magnitude_stats:value_entropy,watch_acceleration:magnitude_stats:time_entropy,watch_acceleration:magnitude_spectrum:log_energy_band0,watch_acceleration:magnitude_spectrum:log_energy_band1,watch_acceleration:magnitude_spectrum:log_energy_band2,watch_acceleration:magnitude_spectrum:log_energy_band3,watch_acceleration:magnitude_spectrum:log_energy_band4,watch_acceleration:magnitude_spectrum:spectral_entropy,watch_acceleration:magnitude_autocorrelation:period,watch_acceleration:magnitude_autocorrelation:normalized_ac,watch_acceleration:3d:mean_x,watch_acceleration:3d:mean_y,watch_acceleration:3d:mean_z,watch_acceleration:3d:std_x,watch_acceleration:3d:std_y,watch_acceleration:3d:std_z,watch_acceleration:3d:ro_xy,watch_acceleration:3d:ro_xz,watch_acceleration:3d:ro_yz,watch_acceleration:spectrum:x_log_energy_band0,watch_acceleration:spectrum:x_log_energy_band1,watch_acceleration:spectrum:x_log_energy_band2,watch_acceleration:spectrum:x_log_energy_band3,watch_acceleration:spectrum:x_log_energy_band4,watch_acceleration:spectrum:y_log_energy_band0,watch_acceleration:spectrum:y_log_energy_band1,watch_acceleration:spectrum:y_log_energy_band2,watch_acceleration:spectrum:y_log_energy_band3,watch_acceleration:spectrum:y_log_energy_band4,watch_acceleration:spectrum:z_log_energy_band0,watch_acceleration:spectrum:z_log_energy_band1,watch_acceleration:spectrum:z_log_energy_band2,watch_acceleration:spectrum:z_log_energy_band3,watch_acceleration:spectrum:z_log_energy_band4,watch_acceleration:relative_directions:avr_cosine_similarity_lag_range0,watch_acceleration:relative_directions:avr_cosine_similarity_lag_range1,watch_acceleration:relative_directions:avr_cosine_similarity_lag_range2,watch_acceleration:relative_directions:avr_cosine_similarity_lag_range3,watch_acceleration:relative_directions:avr_cosine_similarity_lag_range4,watch_heading:mean_cos,watch_heading:std_cos,watch_heading:mom3_cos,watch_heading:mom4_cos,watch_heading:mean_sin,watch_heading:std_sin,watch_heading:mom3_sin,watch_heading:mom4_sin,watch_heading:entropy_8bins,location:num_valid_updates,location:log_latitude_range,location:log_longitude_range,location:min_altitude,location:max_altitude,location:min_speed,location:max_speed,location:best_horizontal_accuracy,location:best_vertical_accuracy,location:diameter,location:log_diameter,location_quick_features:std_lat,location_quick_features:std_long,location_quick_features:lat_change,location_quick_features:long_change,location_quick_features:mean_abs_lat_deriv,location_quick_features:mean_abs_long_deriv,audio_naive:mfcc0:mean,audio_naive:mfcc1:mean,audio_naive:mfcc2:mean,audio_naive:mfcc3:mean,audio_naive:mfcc4:mean,audio_naive:mfcc5:mean,audio_naive:mfcc6:mean,audio_naive:mfcc7:mean,audio_naive:mfcc8:mean,audio_naive:mfcc9:mean,audio_naive:mfcc10:mean,audio_naive:mfcc11:mean,audio_naive:mfcc12:mean,audio_naive:mfcc0:std,audio_naive:mfcc1:std,audio_naive:mfcc2:std,audio_naive:mfcc3:std,audio_naive:mfcc4:std,audio_naive:mfcc5:std,audio_naive:mfcc6:std,audio_naive:mfcc7:std,audio_naive:mfcc8:std,audio_naive:mfcc9:std,audio_naive:mfcc10:std,audio_naive:mfcc11:std,audio_naive:mfcc12:std,audio_properties:max_abs_value,audio_properties:normalization_multiplier,discrete:app_state:is_active,discrete:app_state:is_inactive,discrete:app_state:is_background,discrete:app_state:missing,discrete:battery_plugged:is_ac,discrete:battery_plugged:is_usb,discrete:battery_plugged:is_wireless,discrete:battery_plugged:missing,discrete:battery_state:is_unknown,discrete:battery_state:is_unplugged,discrete:battery_state:is_not_charging,discrete:battery_state:is_discharging,discrete:battery_state:is_charging,discrete:battery_state:is_full,discrete:battery_state:missing,discrete:on_the_phone:is_False,discrete:on_the_phone:is_True,discrete:on_the_phone:missing,discrete:ringer_mode:is_normal,discrete:ringer_mode:is_silent_no_vibrate,discrete:ringer_mode:is_silent_with_vibrate,discrete:ringer_mode:missing,discrete:wifi_status:is_not_reachable,discrete:wifi_status:is_reachable_via_wifi,discrete:wifi_status:is_reachable_via_wwan,discrete:wifi_status:missing,lf_measurements:light,lf_measurements:pressure,lf_measurements:proximity_cm,lf_measurements:proximity,lf_measurements:relative_humidity,lf_measurements:battery_level,lf_measurements:screen_brightness,lf_measurements:temperature_ambient,discrete:time_of_day:between0and6,discrete:time_of_day:between3and9,discrete:time_of_day:between6and12,discrete:time_of_day:between9and15,discrete:time_of_day:between12and18,discrete:time_of_day:between15and21,discrete:time_of_day:between18and24,discrete:time_of_day:between21and3,label:LYING_DOWN,label:SITTING,label:FIX_walking,label:FIX_running,label:BICYCLING,label:SLEEPING,label:LAB_WORK,label:IN_CLASS,label:IN_A_MEETING,label:LOC_main_workplace,label:OR_indoors,label:OR_outside,label:IN_A_CAR,label:ON_A_BUS,label:DRIVE_-_I_M_THE_DRIVER,label:DRIVE_-_I_M_A_PASSENGER,label:LOC_home,label:FIX_restaurant,label:PHONE_IN_POCKET,label:OR_exercise,label:COOKING,label:SHOPPING,label:STROLLING,label:DRINKING__ALCOHOL_,label:BATHING_-_SHOWER,label:CLEANING,label:DOING_LAUNDRY,label:WASHING_DISHES,label:WATCHING_TV,label:SURFING_THE_INTERNET,label:AT_A_PARTY,label:AT_A_BAR,label:LOC_beach,label:SINGING,label:TALKING,label:COMPUTER_WORK,label:EATING,label:TOILET,label:GROOMING,label:DRESSING,label:AT_THE_GYM,label:STAIRS_-_GOING_UP,label:STAIRS_-_GOING_DOWN,label:ELEVATOR,label:OR_standing,label:AT_SCHOOL,label:PHONE_IN_HAND,label:PHONE_IN_BAG,label:PHONE_ON_TABLE,label:WITH_CO-WORKERS,label:WITH_FRIENDS,label_source
1440000455,1.004012,0.04049,0.100981,0.178834,1.000016,1.003875,1.006938,0.327604,6.683913,5.04369,0.016182,0.04584,0.056926,0.229831,0.43519,7.958467,0.150035,-0.027821,0.025006,-1.002564,0.027781,0.025608,0.04144,-0.489121,-0.104388,0.263403,0.072271,0.266049,0.441169,0.593121,0.003142,0.004522,0.006323,0.470247,4.405576,6.19516,4.775561,4.767206,4.089826,4.003712,3.668017,0.0,0.0,0.002099,-0.007737,0.043084,0.102397,0.132126,0.214808,0.109209,-0.13078,-0.348876,348.154912,8.046671,-12.605857,16.223003,349.330791,350.055039,350.736674,1.109382,6.684336,5.046896,0.000646,0.00061,0.000271,0.002173,0.430642,2.87866,0.006446,-286.319909,-41.935078,-193.530572,8.227174,2.735744,3.114147,-0.551348,0.865473,-0.347181,0.999967,0.9999,0.999876,0.999841,0.999473,,,,,,,,,,,,,,,,,,,,,,,,,,,,,,,,,,,,,,,,,,,,,,,,,,,,,,,,3.0,0.001046,0.043473,107.766418,108.074265,,,65.0,10.0,4.15069,1.423275,0.0,2.1e-05,-1e-06,-4.4e-05,2e-06,7.1e-05,-7.92711,1.144116,-2.295483,-0.227049,-2.136211,-1.15717,-1.989409,-1.024,-1.034016,-0.867912,-0.761711,-0.745417,-0.802739,2.913725,1.510766,1.134184,0.712295,0.513551,0.473124,0.529587,0.464772,0.477513,0.489726,0.358699,0.365819,0.385386,-1.797782,1.797844,0.0,1.0,0.0,0.0,0.0,0.0,0.0,1.0,0.0,0.0,0.0,0.0,1.0,0.0,0.0,1.0,0.0,0.0,0.0,0.0,0.0,1.0,0.0,1.0,0.0,0.0,,,,0.0,,0.98,1.0,,0.0,0.0,1.0,1.0,0.0,0.0,0.0,0.0,0.0,1.0,0.0,,0.0,0.0,,,1.0,1,,,0.0,,0.0,0.0,0,,,0.0,0.0,0.0,,,0.0,0.0,0.0,,0.0,0.0,,,0,,0.0,0.0,0.0,,,,0.0,0.0,,,0.0,,0.0,0.0,1.0,,,2
1440000515,1.002203,0.011955,-0.004731,0.025712,0.999446,1.002202,1.004927,1.209564,6.684541,5.043621,0.001333,0.006232,0.006557,0.044704,0.430624,9.658216,0.146625,-0.077047,0.021874,-0.998976,0.004795,0.004121,0.012143,0.304853,-0.466442,-0.22888,0.009555,0.01805,0.033576,0.049731,0.003309,0.00482,0.007446,0.654802,5.965997,5.204461,3.401989,4.228167,4.337464,5.223945,3.20504,5.002743,0.174575,0.000155,0.000238,-0.000539,0.008395,0.018447,0.002445,-0.914706,-0.352618,0.350753,314.386397,1.317783,1.134693,1.797677,313.479246,314.201653,315.163851,2.542353,6.684603,5.042183,0.001269,0.000559,0.000513,0.002441,0.42939,0.0,0.0,-245.80785,-43.033833,-191.179804,0.972457,3.806508,1.407297,-0.127102,0.092016,0.135423,0.999982,0.999972,0.99993,0.999824,0.999685,,,,,,,,,,,,,,,,,,,,,,,,,,,,,,,,,,,,,,,,,,,,,,,,,,,,,,,,9.0,0.016407,0.022139,107.564545,107.921646,,,65.0,10.0,2.421127,0.884233,5e-06,7e-06,4e-06,1.4e-05,3.8e-05,3.3e-05,-16.172884,0.905299,-2.5133,-0.160858,-2.143966,-1.031611,-1.968445,-1.001753,-1.102723,-0.703179,-0.848328,-0.76912,-0.870294,3.138158,1.707343,1.325655,0.805721,0.51778,0.557816,0.535116,0.498154,0.504078,0.457181,0.364171,0.385167,0.435345,-0.218463,0.218483,1.0,0.0,0.0,0.0,0.0,0.0,0.0,1.0,0.0,0.0,0.0,0.0,1.0,0.0,0.0,1.0,0.0,0.0,0.0,0.0,0.0,1.0,0.0,1.0,0.0,0.0,,,,0.0,,0.99,1.0,,0.0,0.0,1.0,1.0,0.0,0.0,0.0,0.0,0.0,1.0,0.0,,0.0,0.0,,,1.0,1,,,0.0,,0.0,0.0,0,,,0.0,0.0,0.0,,,0.0,0.0,0.0,,0.0,0.0,,,0,,0.0,0.0,0.0,,,,0.0,0.0,,,0.0,,0.0,0.0,1.0,,,2
1440000575,1.002147,0.00593,0.006193,0.014327,0.999737,1.002325,1.004686,1.214844,6.684594,5.043792,0.00025,0.000777,0.000733,0.006242,0.429835,0.641491,0.09499,-0.076462,0.021668,-0.998973,0.004256,0.004204,0.005937,-0.04135,0.061433,0.140332,0.004672,0.003534,0.006325,0.009745,0.002908,0.004105,0.005385,1.298665,6.502509,4.732312,2.155947,3.253488,2.653677,4.240141,1.374383,2.433783,0.116147,-0.000264,-0.000161,-2.5e-05,0.003847,0.003753,0.002309,-0.326734,-0.152991,0.095999,313.754037,0.772819,-0.252868,0.997673,313.230515,313.755236,314.303979,2.566967,6.684609,5.043257,8.7e-05,0.000392,0.000284,0.002749,0.42961,0.778754,0.096036,-245.783351,-40.400495,-190.784218,0.805106,0.787443,0.807155,-0.008719,-0.090437,0.053929,0.999987,0.999986,0.999987,0.999987,0.999987,,,,,,,,,,,,,,,,,,,,,,,,,,,,,,,,,,,,,,,,,,,,,,,,,,,,,,,,7.0,0.019059,0.025982,107.560143,107.597893,,,65.0,10.0,3.258793,1.181357,6e-06,1e-05,-3e-06,-1.7e-05,1.2e-05,1.6e-05,-8.767947,1.10429,-2.374085,0.040611,-2.116491,-1.138803,-2.114247,-1.179453,-0.995562,-0.903726,-0.808133,-0.57603,-0.831984,2.926543,1.236835,1.36878,0.805877,0.654581,0.472479,0.456089,0.580333,0.508057,0.477521,0.348337,0.406055,0.408302,-1.694209,1.694265,1.0,0.0,0.0,0.0,0.0,0.0,0.0,1.0,0.0,0.0,0.0,0.0,1.0,0.0,0.0,1.0,0.0,0.0,0.0,0.0,0.0,1.0,0.0,1.0,0.0,0.0,,,,0.0,,0.99,1.0,,0.0,0.0,1.0,1.0,0.0,0.0,0.0,0.0,0.0,1.0,0.0,,0.0,0.0,,,1.0,1,,,0.0,,0.0,0.0,0,,,0.0,0.0,0.0,,,0.0,0.0,0.0,,0.0,0.0,,,0,,0.0,0.0,0.0,,,,0.0,0.0,,,0.0,,0.0,0.0,1.0,,,2
1440000635,1.001937,0.005161,-0.007264,0.015998,0.99973,1.001946,1.00422,0.9192,6.684598,5.043255,0.000362,0.002009,0.002587,0.019017,0.42996,0.318683,0.152107,-0.073926,0.02227,-0.998945,0.003891,0.003024,0.005201,0.161928,-0.085466,-0.016098,0.004462,0.002743,0.003727,0.005376,0.002729,0.003968,0.005312,1.874097,6.529099,5.332863,3.450593,3.555543,2.838692,4.400583,2.009018,4.624169,0.189679,-0.000161,-0.000105,-2.4e-05,0.002958,0.003656,0.002297,-0.303715,0.055562,-0.016968,313.603914,0.791144,-0.319437,1.048576,313.08581,313.603441,314.133613,2.500272,6.684609,5.042666,5.2e-05,0.000602,0.0005,0.002557,0.429458,1.11579,0.120415,-245.615757,-40.352309,-190.763551,0.809652,0.756197,0.819878,-0.044371,-0.044771,-0.007168,0.999987,0.999987,0.999987,0.999987,0.999987,,,,,,,,,,,,,,,,,,,,,,,,,,,,,,,,,,,,,,,,,,,,,,,,,,,,,,,,7.0,0.010748,0.036273,107.52626,107.560143,,,65.0,10.0,3.450246,1.238445,4e-06,1.2e-05,-1.1e-05,-1.9e-05,1e-06,1.9e-05,-9.808279,1.030501,-3.167478,-0.205609,-2.409139,-1.119073,-1.606318,-1.080315,-0.922292,-0.869259,-0.811959,-0.508588,-1.00276,3.306103,1.385086,1.557327,1.129271,0.897579,0.716082,0.696222,0.607321,0.616073,0.513907,0.494927,0.562176,0.531823,-1.072697,1.07273,1.0,0.0,0.0,0.0,0.0,0.0,0.0,1.0,0.0,0.0,0.0,0.0,1.0,0.0,0.0,1.0,0.0,0.0,0.0,0.0,0.0,1.0,0.0,1.0,0.0,0.0,,,,0.0,,0.99,1.0,,0.0,0.0,1.0,1.0,0.0,0.0,0.0,0.0,0.0,1.0,0.0,,0.0,0.0,,,1.0,1,,,0.0,,0.0,0.0,0,,,0.0,0.0,0.0,,,0.0,0.0,0.0,,0.0,0.0,,,0,,0.0,0.0,0.0,,,,0.0,0.0,,,0.0,,0.0,0.0,1.0,,,2
1440000695,1.005683,0.066262,0.166331,0.29131,0.999031,1.003126,1.008375,0.353075,6.682873,5.036964,0.008766,0.035754,0.067424,0.313193,0.434732,1.017184,0.27123,-0.077118,0.021671,-1.002021,0.026722,0.016832,0.065792,0.013068,0.260119,-0.08905,0.032356,0.101697,0.185884,0.268429,0.003996,0.006369,0.012623,0.494555,5.111353,4.875347,4.757046,5.126655,4.992209,5.461717,4.515748,1.108724,0.226248,-7.9e-05,0.000486,-0.002477,0.028406,0.064995,0.079696,-0.946914,0.182161,-0.007368,315.34155,0.926096,-0.622389,1.259,314.756597,315.406005,315.960607,2.487273,6.684607,5.044417,0.000133,0.000434,0.000262,0.002175,0.429917,3.577166,0.093492,-245.917773,-50.007738,-190.94287,1.017375,1.945006,0.909945,-0.395192,0.192874,-0.409395,0.999987,0.999982,0.999971,0.999955,0.999875,,,,,,,,,,,,,,,,,,,,,,,,,,,,,,,,,,,,,,,,,,,,,,,,,,,,,,,,6.0,0.009727,0.021098,107.52626,107.587288,,,65.0,10.0,1.996608,0.69145,3e-06,7e-06,-5e-06,3e-06,1e-06,1.6e-05,-17.736221,0.474473,-2.20213,0.078205,-1.945031,-1.046441,-2.030216,-1.001817,-1.161786,-1.003596,-0.7996,-0.73956,-0.736446,3.260647,1.54888,1.214647,0.864294,0.495709,0.471958,0.408252,0.430149,0.379304,0.410896,0.375308,0.359344,0.442769,-0.041217,0.041237,1.0,0.0,0.0,0.0,0.0,0.0,0.0,1.0,0.0,0.0,0.0,0.0,1.0,0.0,0.0,1.0,0.0,0.0,0.0,0.0,0.0,1.0,0.0,1.0,0.0,0.0,,,,0.0,,0.99,1.0,,0.0,0.0,1.0,1.0,0.0,0.0,0.0,0.0,0.0,1.0,0.0,,0.0,0.0,,,1.0,1,,,0.0,,0.0,0.0,0,,,0.0,0.0,0.0,,,0.0,0.0,0.0,,0.0,0.0,,,0,,0.0,0.0,0.0,,,,0.0,0.0,,,0.0,,0.0,0.0,1.0,,,2
1440000756,1.005005,0.009424,-0.022843,0.039534,1.003228,1.005257,1.008036,0.856471,6.684566,5.04278,0.002477,0.01172,0.013464,0.07671,0.431151,0.443063,0.231224,-0.027316,0.021589,-1.004386,0.004281,0.003418,0.009481,0.098084,-0.121799,0.005732,0.004447,0.003017,0.004732,0.007022,0.002773,0.003838,0.005234,1.639744,6.514947,5.203687,2.898844,4.419153,3.591574,4.558936,2.355364,2.055316,0.155142,1e-06,-0.000286,-0.0001,0.003062,0.003855,0.002134,-0.285674,0.022411,-0.00998,308.207109,0.77619,0.320307,1.014395,307.681964,308.213679,308.700416,2.504505,6.684609,5.042927,0.000199,0.000507,0.000324,0.002345,0.429522,1.010524,0.131346,-236.496506,-58.939524,-188.641578,0.813795,0.809505,0.89297,0.053517,-0.162876,-0.054447,0.999985,0.999985,0.999984,0.999984,0.999983,,,,,,,,,,,,,,,,,,,,,,,,,,,,,,,,,,,,,,,,,,,,,,,,,,,,,,,,5.0,0.009321,0.017558,107.571098,108.0783,,,65.0,10.0,1.707168,0.534836,3e-06,6e-06,9e-06,-4e-06,1e-06,8e-06,-10.363726,1.12008,-2.194346,-0.193318,-1.977102,-1.32114,-1.900928,-0.914245,-0.954383,-1.081896,-0.991968,-0.740276,-0.57974,2.887536,1.257073,1.525585,0.977593,0.749293,0.603177,0.602935,0.559395,0.555901,0.464088,0.435822,0.568974,0.379659,-1.401964,1.402007,0.0,0.0,1.0,0.0,0.0,0.0,0.0,1.0,0.0,0.0,0.0,0.0,1.0,0.0,0.0,1.0,0.0,0.0,0.0,0.0,0.0,1.0,0.0,1.0,0.0,0.0,,,,0.0,,0.99,1.0,,0.0,0.0,1.0,1.0,0.0,0.0,0.0,0.0,0.0,1.0,0.0,,0.0,0.0,,,1.0,1,,,0.0,,0.0,0.0,0,,,0.0,0.0,0.0,,,0.0,0.0,0.0,,0.0,0.0,,,0,,0.0,0.0,0.0,,,,0.0,0.0,,,0.0,,0.0,0.0,1.0,,,2
1440000816,1.002768,0.006641,-0.008154,0.013945,1.000077,1.003245,1.006094,1.587866,6.68459,5.043578,0.000497,0.002232,0.003411,0.015304,0.430002,3.207743,0.136522,-0.026417,0.020758,-1.002179,0.005929,0.004036,0.006631,-0.099303,0.195511,0.195301,0.004957,0.003458,0.005163,0.00741,0.002944,0.004197,0.005936,1.794268,6.50211,4.921399,2.933534,3.195735,3.131921,4.38728,1.68635,3.434472,0.146262,0.000111,-4.9e-05,-6.8e-05,0.003226,0.004492,0.002434,-0.144529,0.054297,-0.06251,313.800173,0.764167,0.174647,1.046866,313.293136,313.793028,314.30934,2.50492,6.684609,5.043432,8.7e-05,0.000319,0.00057,0.0024,0.429654,4.851398,0.0794,-241.292346,-66.406735,-189.3075,0.786464,0.805729,0.82771,-0.085976,-0.047358,-0.081785,0.999987,0.999987,0.999987,0.999986,0.999985,,,,,,,,,,,,,,,,,,,,,,,,,,,,,,,,,,,,,,,,,,,,,,,,,,,,,,,,8.0,0.016521,0.03643,107.701942,107.863228,,,65.0,10.0,3.583092,1.276226,5e-06,1.4e-05,4e-06,3.2e-05,8e-06,1.6e-05,-9.127653,0.463047,-2.460501,-0.118586,-2.338774,-1.437668,-1.820071,-0.799551,-0.950984,-0.889459,-0.724938,-0.824434,-0.744182,3.892976,1.518596,1.786416,1.036638,0.89893,0.816579,0.575463,0.518415,0.586848,0.475753,0.468725,0.459151,0.450391,-1.27885,1.278889,0.0,0.0,1.0,0.0,0.0,0.0,0.0,1.0,0.0,0.0,0.0,0.0,1.0,0.0,0.0,1.0,0.0,0.0,0.0,0.0,0.0,1.0,0.0,1.0,0.0,0.0,,,,0.0,,0.99,1.0,,0.0,0.0,1.0,1.0,0.0,0.0,0.0,0.0,0.0,1.0,0.0,,0.0,0.0,,,1.0,1,,,0.0,,0.0,0.0,0,,,0.0,0.0,0.0,,,0.0,0.0,0.0,,0.0,0.0,,,0,,0.0,0.0,0.0,,,,0.0,0.0,,,0.0,,0.0,0.0,1.0,,,2
1440000876,1.002623,0.007471,-0.007099,0.022283,1.000087,1.002461,1.005272,0.860777,6.684584,5.044225,0.000629,0.00391,0.004083,0.024553,0.430371,3.590217,0.066788,-0.02572,0.022409,-1.002026,0.003684,0.004524,0.00749,0.024174,0.126297,0.276539,0.004332,0.002508,0.003652,0.005691,0.002745,0.003984,0.005391,1.651614,6.545329,4.945086,2.035825,3.250994,2.68481,4.667378,1.688968,4.218697,0.124814,-0.000199,0.000429,0.000188,0.00337,0.002879,0.002271,-0.130598,-0.096157,0.013966,314.059958,0.740662,-0.136024,0.972914,313.553942,314.066579,314.5499,2.619163,6.684609,5.0437,0.000105,0.000459,0.000362,0.002302,0.429724,3.887828,0.083267,-241.805101,-65.739704,-189.317311,0.740367,0.759816,0.78785,0.032359,-0.034388,-0.096649,0.999988,0.999988,0.999988,0.999988,0.999987,,,,,,,,,,,,,,,,,,,,,,,,,,,,,,,,,,,,,,,,,,,,,,,,,,,,,,,,9.0,0.014355,0.033293,107.64399,107.687889,,,65.0,10.0,3.260664,1.181931,4e-06,1e-05,-6e-06,5e-06,2.4e-05,4.7e-05,-6.498916,1.415446,-1.793887,-0.067267,-2.115703,-1.256625,-2.066656,-1.046559,-1.158493,-0.921562,-0.800672,-0.634663,-0.509686,2.391691,1.101715,1.181656,0.694261,0.496596,0.428085,0.475229,0.475242,0.4675,0.377321,0.360849,0.391294,0.304153,-2.378841,2.37895,0.0,0.0,1.0,0.0,0.0,0.0,0.0,1.0,0.0,0.0,0.0,0.0,1.0,0.0,0.0,1.0,0.0,0.0,0.0,0.0,0.0,1.0,0.0,1.0,0.0,0.0,,,,0.0,,0.99,1.0,,0.0,0.0,1.0,1.0,0.0,0.0,0.0,0.0,0.0,1.0,0.0,,0.0,0.0,,,1.0,1,,,0.0,,0.0,0.0,0,,,0.0,0.0,0.0,,,0.0,0.0,0.0,,0.0,0.0,,,0,,0.0,0.0,0.0,,,,0.0,0.0,,,0.0,,0.0,0.0,1.0,,,2
1440000936,1.002355,0.018411,0.037079,0.064638,0.999278,1.001612,1.00442,0.345708,6.68445,5.041601,0.00299,0.009025,0.006201,0.126866,0.431443,0.06399,0.48553,-0.026658,0.023549,-1.001702,0.004734,0.004625,0.018399,0.176529,-0.168525,-0.255739,0.00567,0.014717,0.033369,0.05175,0.002771,0.003998,0.005459,0.140401,5.989389,4.819459,3.920574,4.908044,3.168168,4.606661,2.697543,8.437333,0.033804,-0.000507,-8.4e-05,-0.000454,0.008231,0.002855,0.013129,-0.153192,-0.251435,-0.088487,313.61063,0.782436,0.40152,1.061252,313.080545,313.617795,314.094925,2.469998,6.684609,5.042686,0.000179,0.000359,0.000392,0.002466,0.429459,2.205982,0.125534,-242.15525,-65.841044,-188.082119,0.892118,0.818406,1.296954,0.144497,-0.446871,-0.196188,0.999986,0.999985,0.999981,0.999971,0.999969,,,,,,,,,,,,,,,,,,,,,,,,,,,,,,,,,,,,,,,,,,,,,,,,,,,,,,,,6.0,0.010437,0.020657,107.589546,107.648918,,,65.0,10.0,2.119057,0.750971,4e-06,7e-06,6e-06,1e-06,7e-06,9e-06,-9.670887,1.611799,-2.039215,-0.092204,-2.001851,-1.240992,-2.057178,-1.238819,-1.136265,-0.910051,-0.820532,-0.510919,-0.515851,2.294417,1.002098,1.2237,0.734638,0.454692,0.49472,0.502797,0.428378,0.498799,0.39556,0.333735,0.447207,0.325919,-1.754434,1.754493,0.0,0.0,1.0,0.0,0.0,0.0,0.0,1.0,0.0,0.0,0.0,0.0,1.0,0.0,0.0,1.0,0.0,0.0,0.0,0.0,0.0,1.0,0.0,1.0,0.0,0.0,,,,0.0,,0.99,1.0,,0.0,0.0,1.0,1.0,0.0,0.0,0.0,0.0,0.0,1.0,0.0,,0.0,0.0,,,1.0,1,,,0.0,,0.0,0.0,0,,,0.0,0.0,0.0,,,0.0,0.0,0.0,,0.0,0.0,,,0,,0.0,0.0,0.0,,,,0.0,0.0,,,0.0,,0.0,0.0,1.0,,,2
1440000996,1.002615,0.01333,-0.020165,0.044714,1.00027,1.002427,1.005263,0.847169,6.684522,5.04398,0.00326,0.011553,0.010689,0.096911,0.431705,0.607885,0.155742,-0.023615,0.024897,-1.001995,0.005981,0.005406,0.013406,-0.09085,-0.18038,0.268799,0.004522,0.003227,0.004833,0.006768,0.002769,0.003915,0.005219,1.864649,6.498984,5.00329,3.639931,4.109434,3.58997,4.171439,2.008428,9.329788,0.171908,0.000182,-3.3e-05,0.000137,0.003221,0.003682,0.002623,-0.195473,-0.083172,0.041489,314.018943,0.750896,0.23781,0.999193,313.545508,314.005735,314.496048,2.526399,6.684609,5.043525,5.9e-05,0.00023,0.000392,0.002542,0.429677,3.814748,0.090499,-242.100614,-65.495752,-188.955542,0.807051,0.761771,0.794557,0.065616,-0.149227,-0.007866,0.999987,0.999987,0.999987,0.999987,0.999987,,,,,,,,,,,,,,,,,,,,,,,,,,,,,,,,,,,,,,,,,,,,,,,,,,,,,,,,9.0,0.019695,0.031212,107.528709,107.661415,,,65.0,10.0,3.040994,1.112184,7e-06,1.1e-05,1.3e-05,3e-06,6.1e-05,6.3e-05,-10.586751,1.378616,-2.290051,-0.088019,-2.213551,-1.344291,-1.848289,-1.05963,-1.070346,-0.871266,-0.699671,-0.631893,-0.710506,3.253032,1.294362,1.471274,0.960087,0.70356,0.607009,0.599074,0.552463,0.513441,0.4245,0.442051,0.468688,0.384201,-1.375477,1.375519,0.0,0.0,1.0,0.0,0.0,0.0,0.0,1.0,0.0,0.0,0.0,0.0,1.0,0.0,0.0,1.0,0.0,0.0,0.0,0.0,0.0,1.0,0.0,1.0,0.0,0.0,,,,0.0,,0.99,0.983354,,0.0,0.0,1.0,1.0,0.0,0.0,0.0,0.0,0.0,1.0,0.0,,0.0,0.0,,,1.0,1,,,0.0,,0.0,0.0,0,,,0.0,0.0,0.0,,,0.0,0.0,0.0,,0.0,0.0,,,0,,0.0,0.0,0.0,,,,0.0,0.0,,,0.0,,0.0,0.0,1.0,,,2
1440001056,1.002665,0.005267,0.009626,0.017023,1.000467,1.002474,1.004482,0.994703,6.684598,5.043873,0.000175,0.002034,0.003301,0.009019,0.429968,0.254941,0.064288,-0.025448,0.023237,-1.002063,0.003579,0.002667,0.00529,-0.101414,-0.178754,0.069318,0.00368,0.001716,0.001593,0.002423,0.002416,0.003493,0.004666,2.503402,6.577177,4.977606,1.160041,2.640598,2.405619,4.357945,1.346014,1.865967,0.092152,-0.000137,8.5e-05,0.000147,0.002403,0.002494,0.002109,-0.030347,0.049076,-0.01635,314.372082,0.778388,0.404858,1.020204,313.849743,314.343817,314.874599,2.593031,6.684609,5.042464,5e-05,0.000245,0.000362,0.002361,0.429391,3.944178,0.106206,-241.730519,-67.677488,-189.220449,0.950109,3.253299,0.812845,-0.56259,-0.087615,-0.037922,0.999985,0.999979,0.999946,0.999869,0.999773,,,,,,,,,,,,,,,,,,,,,,,,,,,,,,,,,,,,,,,,,,,,,,,,,,,,,,,,9.0,0.015909,0.06489,107.497093,107.571716,,,65.0,10.0,6.419652,1.859364,6e-06,2e-05,-5e-06,1e-06,2.5e-05,8.8e-05,-9.401022,0.795269,-1.885524,0.021677,-2.247294,-1.563413,-1.713185,-1.025474,-1.109431,-0.892836,-0.801774,-0.696879,-0.622101,2.695992,1.477908,1.453321,1.145623,0.760336,0.733915,0.530418,0.566114,0.44353,0.381302,0.433758,0.388172,0.383627,-1.613513,1.613565,0.0,0.0,1.0,0.0,0.0,0.0,0.0,1.0,0.0,0.0,0.0,0.0,1.0,0.0,0.0,1.0,0.0,0.0,0.0,0.0,0.0,1.0,0.0,1.0,0.0,0.0,,,,0.0,,0.99,0.983404,,0.0,0.0,1.0,1.0,0.0,0.0,0.0,0.0,0.0,1.0,0.0,,0.0,0.0,,,1.0,1,,,0.0,,0.0,0.0,0,,,0.0,0.0,0.0,,,0.0,0.0,0.0,,0.0,0.0,,,0,,0.0,0.0,0.0,,,,0.0,0.0,,,0.0,,0.0,0.0,1.0,,,2
1440001116,1.003433,0.013439,0.012366,0.045149,1.000459,1.003331,1.006106,0.789266,6.684522,5.042228,0.000601,0.004761,0.004343,0.022196,0.429828,0.509501,0.120085,-0.024151,0.023669,-1.002832,0.005904,0.005323,0.013413,-0.346674,-0.103164,-0.28341,0.005016,0.012373,0.031773,0.052067,0.002616,0.003918,0.005311,0.109608,6.146476,4.864229,2.99572,4.017466,3.479946,4.765322,2.194278,1.298116,0.472054,-0.000136,0.000579,-0.000134,0.006184,0.011546,0.002518,-0.851172,-0.057419,0.084589,307.597835,1.069928,0.563176,1.375784,306.770282,307.560643,308.307589,2.589428,6.684606,5.042782,9.8e-05,0.000428,0.000296,0.002704,0.429486,7.129926,0.014025,-236.186902,-57.332338,-188.530521,0.942886,0.835941,0.988915,0.064862,0.229091,0.069807,0.999986,0.999986,0.999985,0.999985,0.999984,,,,,,,,,,,,,,,,,,,,,,,,,,,,,,,,,,,,,,,,,,,,,,,,,,,,,,,,4.0,0.012741,0.019878,107.520248,107.554985,,,65.0,10.0,2.16175,0.770918,5e-06,1e-05,-3e-06,-2e-05,1.4e-05,1.9e-05,-7.245434,1.496871,-1.577752,0.058778,-1.925413,-1.248911,-1.921505,-1.148036,-1.305044,-1.040687,-0.873737,-0.521887,-0.474076,2.11662,0.96806,0.949538,0.734958,0.385558,0.456858,0.432634,0.388401,0.355937,0.364781,0.323485,0.319466,0.319806,-2.370815,2.370923,0.0,0.0,1.0,0.0,0.0,0.0,0.0,1.0,0.0,0.0,0.0,0.0,1.0,0.0,0.0,1.0,0.0,0.0,0.0,0.0,0.0,1.0,0.0,1.0,0.0,0.0,,,,0.0,,0.99,0.983404,,0.0,0.0,1.0,1.0,0.0,0.0,0.0,0.0,0.0,1.0,0.0,,0.0,0.0,,,1.0,1,,,0.0,,0.0,0.0,0,,,0.0,0.0,0.0,,,0.0,0.0,0.0,,0.0,0.0,,,0,,0.0,0.0,0.0,,,,0.0,0.0,,,0.0,,0.0,0.0,1.0,,,2
1440001175,1.002462,0.011654,0.028491,0.048451,0.999335,1.002174,1.004266,0.783243,6.684548,5.04563,0.009501,0.033136,0.031242,0.082782,0.432752,0.160951,0.126598,-0.021711,0.023439,-1.001937,0.003477,0.004448,0.011621,-0.100409,0.069061,-0.169305,0.004272,0.002429,0.003236,0.004614,0.002748,0.003881,0.005211,2.079004,6.547868,5.048295,3.331063,3.057326,3.237538,4.523938,1.81231,10.060188,0.144961,0.000316,-0.000198,-0.000126,0.00352,0.002648,0.002143,-0.070951,-0.066688,0.068557,294.378695,10.233973,8.39421,12.347984,287.288838,288.392108,305.999049,1.984312,6.684011,5.017874,0.03939,0.010565,0.000812,0.003085,0.427499,0.0,0.0,-228.542827,-17.317568,-181.38261,10.673528,33.797676,8.716052,0.836616,-0.408094,-0.177037,0.999686,0.998991,0.99423,0.983566,0.973387,1001.188382,50.812918,46.140296,100.802869,986.379184,1001.087409,1012.719112,1.60008,6.213328,5.043926,0.043357,0.183781,0.316539,0.903566,0.454998,0.38958,0.12888,32.672,80.256,-982.352,77.212618,152.902369,55.635134,-0.103913,0.102601,-0.041097,6.253087,5.076205,4.875821,2.368671,3.00359,6.074535,2.530435,2.740573,1.64302,1.608837,5.033358,0.152553,0.282135,0.34793,0.951143,0.994694,0.990462,0.980134,0.963063,0.953244,,,,,,,,,,6.0,0.019163,0.066729,107.335854,107.520248,,,65.0,10.0,6.536857,1.877456,6e-06,2.1e-05,6e-06,1.6e-05,1.1e-05,3.7e-05,-15.286535,1.177327,-1.574281,0.044988,-2.134847,-1.364076,-1.88311,-0.960315,-1.114196,-1.024561,-0.882327,-0.665282,-0.494342,2.618891,1.265122,1.048555,0.789469,0.67787,0.569005,0.3567,0.389226,0.390183,0.328007,0.352988,0.309915,0.287319,-0.859157,0.859185,1.0,0.0,0.0,0.0,0.0,0.0,0.0,1.0,0.0,0.0,0.0,0.0,1.0,0.0,0.0,1.0,0.0,0.0,0.0,0.0,0.0,1.0,0.0,1.0,0.0,0.0,,,,0.0,,1.0,0.983404,,0.0,0.0,1.0,1.0,0.0,0.0,0.0,0.0,0.0,1.0,0.0,,0.0,0.0,,,1.0,1,,,0.0,,0.0,0.0,0,,,0.0,0.0,0.0,,,0.0,0.0,0.0,,0.0,0.0,,,0,,0.0,0.0,0.0,,,,0.0,0.0,,,0.0,,0.0,0.0,1.0,,,2
1440001235,1.002255,0.023942,0.028168,0.079267,0.9983,1.001272,1.004447,0.834094,6.684327,5.04798,0.01651,0.063403,0.060011,0.329081,0.438511,0.899095,0.234124,-0.022314,0.022816,-1.001666,0.010031,0.007837,0.023922,-0.057465,-0.017762,-0.016466,0.009008,0.051214,0.129563,0.209774,0.00285,0.004176,0.006049,0.072676,5.099116,4.701733,4.692038,5.76498,5.481306,5.26143,5.162677,1.108771,0.046078,-0.000174,6e-06,-0.003249,0.005132,0.005707,0.051327,-0.477927,0.117994,-0.226657,301.680781,8.871517,-6.474271,10.219601,290.102805,304.502098,308.788175,2.221443,6.684178,5.062902,0.040124,0.01221,0.000634,0.002466,0.436306,0.0,0.0,-232.542757,-29.004127,-187.701772,8.558218,29.335738,2.615436,0.719046,0.256671,0.641993,0.999771,0.999016,0.996438,0.990945,0.976641,1004.072847,86.059457,86.426899,167.445412,988.558527,1001.231241,1013.382455,1.503083,6.210983,5.042978,0.16666,0.892549,0.550541,1.155952,0.482147,1.909138,0.167564,92.784,88.192,-976.448,166.482363,91.300795,98.381417,-0.174958,0.371671,-0.204367,6.305283,3.087634,3.487794,2.546268,3.437437,5.949256,2.77305,3.213357,3.214765,3.442507,5.063964,0.296815,1.029137,0.5305,1.251821,0.99272,0.986913,0.958421,0.957395,0.968034,,,,,,,,,,6.0,0.009096,0.008534,107.428223,107.607964,,,65.0,10.0,1.040499,0.039701,3e-06,4e-06,2e-06,5e-06,2e-06,1e-06,-16.168929,0.222781,-2.167884,-0.195768,-2.211042,-1.015864,-1.839011,-0.925869,-1.111935,-1.002581,-0.925627,-0.73318,-0.482532,3.866091,1.943129,1.463006,0.836158,0.675872,0.624738,0.515339,0.590559,0.422532,0.419365,0.417388,0.346914,0.379333,-0.213766,0.213787,1.0,0.0,0.0,0.0,0.0,0.0,0.0,1.0,0.0,0.0,0.0,0.0,1.0,0.0,0.0,1.0,0.0,0.0,0.0,0.0,0.0,1.0,0.0,1.0,0.0,0.0,,,,0.0,,1.0,0.983404,,0.0,0.0,1.0,1.0,0.0,0.0,0.0,0.0,0.0,1.0,0.0,,0.0,0.0,,,1.0,1,,,0.0,,0.0,0.0,0,,,0.0,0.0,0.0,,,0.0,0.0,0.0,,0.0,0.0,,,0,,0.0,0.0,0.0,,,,0.0,0.0,,,0.0,,0.0,0.0,1.0,,,2
1440001295,1.002233,0.003461,-0.002279,0.005717,1.00039,1.002314,1.004292,1.861743,6.684606,5.043158,0.000126,0.000914,0.000823,0.005184,0.429648,0.446871,0.141639,-0.021637,0.025512,-1.001666,0.003082,0.002569,0.003463,-0.127343,0.122115,0.137266,0.003772,0.001639,0.001556,0.002444,0.002591,0.00357,0.004692,2.279073,6.591672,4.952934,2.166005,2.651005,2.589634,4.159655,1.253788,5.949606,0.08106,0.000246,-0.000242,0.000177,0.002471,0.00246,0.002145,-0.028151,-0.011797,-0.035756,308.605346,0.728673,-0.291836,0.941601,308.100044,308.634405,309.114367,2.649,6.684609,5.04327,8.6e-05,0.000335,0.000343,0.002228,0.429605,1.34837,0.109624,-237.376972,-56.504977,-188.931953,0.797743,0.783855,0.786153,-0.013466,-0.165102,0.015538,0.999987,0.999986,0.999986,0.999986,0.999986,999.515264,11.427189,-5.856023,16.263244,992.515995,1000.319949,1008.31741,2.372235,6.214543,5.046261,0.003557,0.011879,0.010865,0.042375,0.431437,2.454228,0.092926,2.848,28.784,-999.056,6.285292,6.461683,11.426498,-0.077039,0.026727,-0.012624,4.198897,4.892831,5.47453,4.796174,5.5136,5.082952,1.135497,1.971539,1.438469,2.367422,5.046238,0.003578,0.0119,0.01083,0.042328,0.999928,0.999918,0.999923,0.999919,0.999904,,,,,,,,,,7.0,0.020476,0.042227,107.503349,107.607964,,,65.0,10.0,4.531199,1.510987,8e-06,1.4e-05,2e-06,-5e-06,9e-06,2.1e-05,-13.573212,0.822996,-2.545688,-0.024874,-2.285367,-1.226848,-1.720948,-0.83025,-1.111696,-0.983555,-0.99112,-0.663697,-0.471038,3.975983,1.278325,1.914458,0.905218,0.755691,0.730965,0.501082,0.686414,0.467782,0.428416,0.448394,0.399014,0.36999,-0.764739,0.764765,1.0,0.0,0.0,0.0,0.0,0.0,0.0,1.0,0.0,0.0,0.0,0.0,1.0,0.0,0.0,1.0,0.0,0.0,0.0,0.0,0.0,1.0,0.0,1.0,0.0,0.0,,,,0.0,,1.0,0.984209,,0.0,0.0,1.0,1.0,0.0,0.0,0.0,0.0,0.0,1.0,0.0,,0.0,0.0,,,1.0,1,,,0.0,,0.0,0.0,0,,,0.0,0.0,0.0,,,0.0,0.0,0.0,,0.0,0.0,,,0,,0.0,0.0,0.0,,,,0.0,0.0,,,0.0,,0.0,0.0,1.0,,,2
1440001355,1.001928,0.004611,0.003503,0.007915,0.9994,1.002126,1.004313,1.904354,6.684601,5.043501,0.000487,0.001487,0.001785,0.00894,0.429836,3.449114,0.080478,-0.021461,0.025515,-1.001361,0.003607,0.003252,0.004619,0.01196,0.116157,0.221213,0.004153,0.002265,0.003384,0.005336,0.002744,0.003889,0.00518,1.686024,6.559172,4.845346,2.464822,2.982373,2.940306,4.306398,1.468871,3.109975,0.114623,8.7e-05,-0.000302,-7.8e-05,0.003163,0.002686,0.002248,-0.196401,-0.132355,0.050912,308.4352,0.762061,-0.209583,0.98616,307.912135,308.445698,308.980486,2.592308,6.684609,5.043229,4.6e-05,0.00034,0.000316,0.002607,0.4296,0.700748,0.108075,-237.256209,-55.974075,-188.962222,0.82886,1.012023,0.902923,0.02321,-0.193839,-0.168344,0.999986,0.999985,0.999983,0.99998,0.999968,999.737397,46.883872,53.25814,109.263566,992.322528,1000.463891,1008.31741,0.899132,6.213523,5.054522,0.077756,0.224797,0.029041,0.10457,0.439619,1.012856,0.140793,-36.128,0.656,-981.616,133.894703,109.436747,83.024891,0.80939,-0.732577,-0.722868,6.455725,4.443535,5.259486,3.412768,3.765096,5.84516,3.033183,3.972478,3.416515,4.22702,5.071736,0.075504,0.239859,0.033318,0.109408,0.994976,0.988461,0.977103,0.967548,0.892126,,,,,,,,,,6.0,0.010825,0.019242,107.488052,107.53672,,,65.0,10.0,1.817581,0.597506,4e-06,7e-06,-1.1e-05,1e-05,1e-06,1.3e-05,-8.067407,1.653528,-2.017797,-0.296638,-2.145016,-1.06515,-1.907929,-0.930819,-1.057142,-0.991126,-0.84899,-0.686988,-0.61367,2.445237,1.210473,1.146325,0.799633,0.53903,0.418286,0.538642,0.403988,0.452477,0.386151,0.307226,0.38183,0.365904,-2.053717,2.053797,1.0,0.0,0.0,0.0,0.0,0.0,0.0,1.0,0.0,0.0,0.0,0.0,1.0,0.0,0.0,1.0,0.0,0.0,0.0,0.0,0.0,1.0,0.0,1.0,0.0,0.0,,,,0.0,,1.0,0.984209,,0.0,0.0,1.0,1.0,0.0,0.0,0.0,0.0,0.0,1.0,0.0,,0.0,0.0,,,1.0,1,,,0.0,,0.0,0.0,0,,,0.0,0.0,0.0,,,0.0,0.0,0.0,,0.0,0.0,,,0,,0.0,0.0,0.0,,,,0.0,0.0,,,0.0,,0.0,0.0,1.0,,,2
1440001415,1.001874,0.004897,0.007323,0.013298,0.999445,1.001544,1.00435,1.329641,6.6846,5.043755,0.000524,0.001389,0.001374,0.006812,0.42986,0.095865,0.129708,-0.023153,0.027005,-1.00123,0.003126,0.003575,0.004936,0.091162,0.025046,0.404651,0.004088,0.001907,0.00189,0.002765,0.002701,0.003838,0.005177,2.484043,6.579754,4.945087,2.073407,2.746103,2.271597,4.244076,1.293542,9.032443,0.107368,-7e-06,0.00012,0.00011,0.003052,0.002455,0.002232,-0.004417,0.048529,-0.006463,308.062135,0.755858,-0.223861,0.988581,307.578759,308.050847,308.588354,2.599134,6.684609,5.043425,0.000104,0.00035,0.000381,0.002599,0.429653,3.683642,0.071614,-237.268567,-54.429768,-188.790836,0.81084,0.781991,0.79311,-0.037255,-0.108481,-0.014183,0.999987,0.999986,0.999986,0.999986,0.999985,999.396941,11.026955,4.252353,15.704267,992.322528,1000.319949,1008.158718,1.782905,6.214547,5.046053,0.001263,0.0116,0.008488,0.050407,0.431439,3.93496,0.104991,1.376,26.208,-998.592,24.12556,16.457118,13.719531,0.902127,-0.560792,-0.52796,4.519096,4.431304,5.262558,5.137484,5.935612,5.037469,1.391776,2.493273,2.009497,2.598811,5.046409,0.001199,0.011746,0.008598,0.051056,0.999504,0.999486,0.999429,0.999237,0.994748,,,,,,,,,,6.0,0.020032,0.016697,107.53672,107.552879,,,65.0,10.0,2.368936,0.862441,6e-06,7e-06,-4e-06,-1.7e-05,9e-06,9e-06,-8.266979,1.593628,-1.710738,-0.037221,-1.873008,-1.176328,-1.997976,-0.959441,-1.089012,-1.007831,-0.960765,-0.617986,-0.556241,2.14242,1.038423,0.99892,0.684046,0.419005,0.421164,0.425064,0.437983,0.422463,0.335759,0.304767,0.300426,0.290425,-2.142245,2.142331,1.0,0.0,0.0,0.0,0.0,0.0,0.0,1.0,0.0,0.0,0.0,0.0,1.0,0.0,0.0,1.0,0.0,0.0,0.0,0.0,0.0,1.0,0.0,1.0,0.0,0.0,,,,0.0,,1.0,0.984209,,0.0,0.0,1.0,1.0,0.0,0.0,0.0,0.0,0.0,1.0,0.0,,0.0,0.0,,,1.0,1,,,0.0,,0.0,0.0,0,,,0.0,0.0,0.0,,,0.0,0.0,0.0,,0.0,0.0,,,0,,0.0,0.0,0.0,,,,0.0,0.0,,,0.0,,0.0,0.0,1.0,,,2
1440001475,1.002103,0.005849,-0.00538,0.01496,0.999985,1.002152,1.004314,1.124315,6.684595,5.042688,0.001182,0.004482,0.003967,0.017273,0.429856,1.11519,0.110286,-0.023716,0.018924,-1.001628,0.004161,0.003611,0.005899,0.135649,-0.180872,0.296804,0.004315,0.002638,0.004308,0.006577,0.002815,0.003964,0.005211,1.638741,6.5453,5.075836,3.127131,4.088404,3.35853,4.26684,1.945742,0.784257,0.158708,-4.3e-05,-0.000102,-6.7e-05,0.003698,0.002603,0.00226,-0.059483,-0.066921,-0.011022,319.687648,0.777921,-0.279127,1.03398,319.20386,319.700034,320.210595,2.58706,6.684609,5.043314,0.000117,0.000294,0.000329,0.002918,0.429628,8.353223,0.087797,-252.768105,-48.12743,-189.712062,0.826647,0.871189,0.850906,-0.009948,-0.117009,-0.11596,0.999987,0.999986,0.999986,0.999985,0.999982,996.66617,53.007186,17.400603,118.760583,985.0157,1000.287959,1008.285674,1.122757,6.213177,5.05228,0.016543,0.182271,0.098353,0.580976,0.446359,0.740126,0.259928,-14.288,-80.624,-948.208,62.211101,274.18743,106.308329,-0.130365,-0.374866,-0.32911,6.465764,4.347995,4.705207,3.108394,4.259334,6.528238,5.628485,3.512811,1.457488,1.504951,5.128443,0.397724,0.247621,0.108679,0.776757,0.987805,0.964293,0.930717,0.91278,0.835496,,,,,,,,,,8.0,0.014628,0.036888,107.280655,107.547638,,,65.0,10.0,3.515706,1.25724,4e-06,1.3e-05,1e-05,-1.5e-05,1.7e-05,3.5e-05,-8.49535,1.293482,-2.197121,-0.248708,-2.107346,-0.93601,-1.89482,-1.12164,-1.015511,-0.853099,-0.652159,-0.670875,-0.892909,3.059138,1.265649,1.275527,0.801289,0.545383,0.460527,0.56912,0.418753,0.469618,0.414275,0.357802,0.358316,0.453665,-1.766264,1.766324,1.0,0.0,0.0,0.0,0.0,0.0,0.0,1.0,0.0,0.0,0.0,0.0,1.0,0.0,0.0,1.0,0.0,0.0,0.0,0.0,0.0,1.0,0.0,1.0,0.0,0.0,,,,0.0,,1.0,0.984209,,0.0,0.0,1.0,1.0,0.0,0.0,0.0,0.0,0.0,1.0,0.0,,0.0,0.0,,,1.0,1,,,0.0,,0.0,0.0,0,,,0.0,0.0,0.0,,,0.0,0.0,0.0,,0.0,0.0,,,0,,0.0,0.0,0.0,,,,0.0,0.0,,,0.0,,0.0,0.0,1.0,,,2
1440001535,1.003198,0.040634,0.022558,0.140978,1.000841,1.002828,1.004829,0.221261,6.683757,5.043991,0.031445,0.162917,0.201556,0.700606,0.448838,1.08395,0.185812,-0.021409,0.01416,-1.002665,0.019419,0.004035,0.040828,-0.241601,-0.685164,0.021613,0.01083,0.047274,0.095223,0.139434,0.002774,0.003898,0.005161,0.20469,4.883168,4.579687,4.980245,5.872435,5.238188,4.867594,4.609124,1.108775,0.357154,-0.000474,0.000545,-0.004069,0.008869,0.018231,0.043864,-0.935741,0.213075,-0.22324,332.962436,1.063439,0.831938,1.405796,332.222422,332.828441,333.635611,2.63525,6.684607,5.041761,7.5e-05,0.00034,0.000238,0.002326,0.429206,4.229286,0.044093,-268.761979,-46.423658,-190.976897,1.164293,1.630376,0.876516,0.640044,-0.282875,-0.307826,0.999988,0.999987,0.999978,0.999966,0.99994,1001.219684,12.439024,5.007837,18.853473,992.644952,1000.543852,1008.412614,2.036148,6.214531,5.043723,0.000923,0.013963,0.012948,0.052754,0.430961,0.58428,0.103318,13.024,27.568,-1000.72,5.755643,6.129713,12.439678,-0.040068,0.045159,-0.031777,4.921248,2.324062,3.370644,3.206351,3.706883,4.98116,0.950642,2.269258,1.945676,2.359918,5.04377,0.00092,0.013882,0.012885,0.052965,0.999933,0.99993,0.999929,0.999928,0.999931,,,,,,,,,,9.0,0.029188,0.038636,107.233582,107.325073,,,65.0,10.0,4.286588,1.455491,1e-05,1.4e-05,1.4e-05,5e-06,3.6e-05,3.4e-05,-14.779808,0.87726,-2.477323,0.169408,-2.106676,-1.364141,-1.979981,-1.055676,-0.797288,-0.919657,-1.008384,-0.689541,-0.637728,3.158291,1.604349,1.404436,0.967043,0.662888,0.676349,0.522221,0.478396,0.567009,0.473795,0.500635,0.374006,0.37297,-0.447069,0.447091,1.0,0.0,0.0,0.0,0.0,0.0,0.0,1.0,0.0,0.0,0.0,0.0,1.0,0.0,0.0,1.0,0.0,0.0,0.0,0.0,0.0,1.0,0.0,1.0,0.0,0.0,,,,0.0,,1.0,0.984209,,0.0,0.0,1.0,1.0,0.0,0.0,0.0,0.0,0.0,1.0,0.0,,0.0,0.0,,,1.0,1,,,0.0,,0.0,0.0,0,,,0.0,0.0,0.0,,,0.0,0.0,0.0,,0.0,0.0,,,0,,0.0,0.0,0.0,,,,0.0,0.0,,,0.0,,0.0,0.0,1.0,,,6
1440001595,1.00255,0.006392,-0.00691,0.013124,1.000122,1.002974,1.005146,1.633242,6.684591,5.043466,0.00032,0.001523,0.001775,0.011279,0.429867,0.508605,0.110846,-0.020351,0.020403,-1.002123,0.003945,0.003004,0.006411,0.067917,-0.126794,0.111468,0.004153,0.002285,0.003198,0.004869,0.002722,0.003807,0.005066,1.772315,6.556082,4.98207,1.87394,2.74763,2.451976,4.231933,1.335942,4.894883,0.083853,5.1e-05,-0.000452,0.00011,0.003199,0.002612,0.002278,0.212981,0.070241,0.003319,333.190771,0.787623,-0.35525,1.044784,332.681104,333.175549,333.696503,2.537481,6.684609,5.04341,8.2e-05,0.000298,0.000267,0.002247,0.429641,2.620707,0.08319,-269.548564,-48.490225,-189.755275,0.79304,0.761262,0.840964,0.01314,-0.039693,-0.09841,0.999989,0.999988,0.999988,0.999988,0.999988,1001.365814,12.555616,4.777905,18.586189,992.548236,1000.543852,1008.539538,1.82507,6.214529,5.045483,0.003543,0.010598,0.01277,0.049856,0.431374,8.998836,0.094649,8.944,31.136,-1000.8,6.093018,6.808635,12.552609,-0.042048,-0.105602,-0.021566,4.961191,3.686566,3.856874,3.592431,4.249804,4.994249,1.377427,2.093049,1.752578,2.195159,5.04553,0.003535,0.010588,0.012691,0.049982,0.999922,0.999916,0.999918,0.999915,0.999911,,,,,,,,,,6.0,0.014112,0.027261,107.170341,107.238876,,,65.0,10.0,2.846336,1.046033,4e-06,1.1e-05,-4e-06,1.3e-05,7e-06,1.7e-05,-14.196301,0.624457,-2.55988,0.150297,-2.279918,-1.171666,-1.837687,-0.95778,-0.880507,-0.878091,-0.771107,-0.68887,-0.723495,3.794625,1.640842,1.435396,1.078968,0.798642,0.629909,0.622276,0.549209,0.571384,0.479297,0.530024,0.410827,0.538383,-0.374551,0.374573,1.0,0.0,0.0,0.0,0.0,0.0,0.0,1.0,0.0,0.0,0.0,0.0,1.0,0.0,0.0,1.0,0.0,0.0,0.0,0.0,0.0,1.0,0.0,1.0,0.0,0.0,,,,0.0,,1.0,0.984209,,0.0,0.0,1.0,1.0,0.0,0.0,0.0,0.0,0.0,1.0,0.0,,0.0,0.0,,,1.0,1,,,0.0,,0.0,0.0,0,,,0.0,0.0,0.0,,,0.0,0.0,0.0,,0.0,0.0,,,0,,0.0,0.0,0.0,,,,0.0,0.0,,,0.0,,0.0,0.0,1.0,,,6
1440001655,1.001787,0.012631,-0.031401,0.055533,0.999347,1.00208,1.004507,0.520476,6.684526,5.042213,0.010984,0.025346,0.020409,0.098115,0.431799,12.508124,0.108585,-0.02195,0.019158,-1.001339,0.005276,0.00439,0.012717,0.22834,-0.278696,-0.05718,0.004494,0.003745,0.00614,0.008976,0.002654,0.003681,0.005153,1.427382,6.458672,5.255068,1.935897,4.675853,3.453654,4.743382,2.527635,10.40024,0.097379,0.000177,-0.000388,0.000111,0.004037,0.003567,0.002238,0.204865,-0.113361,-0.054288,333.562231,0.855586,0.326183,1.09537,332.997002,333.564845,334.124252,2.658666,6.684608,5.042364,5.7e-05,0.000262,0.00028,0.002132,0.42936,4.821121,0.083694,-269.717892,-48.452843,-190.176329,0.817409,0.788107,0.865452,-0.013253,0.081905,-0.116064,0.999989,0.999989,0.999989,0.999988,0.999987,1015.479951,180.424271,386.039012,583.941166,984.845165,1000.319949,1008.539538,0.507672,6.20373,5.033561,0.088166,0.212345,0.110701,0.313984,0.438477,4.051632,0.017052,-47.456,-114.416,-923.536,294.940306,293.953879,148.633592,0.378079,0.112341,-0.618449,6.40152,3.730511,4.974978,3.919979,2.911575,6.587598,5.136586,4.170741,1.603155,1.874065,5.163875,0.165839,0.242156,0.127653,0.338934,0.972603,0.961104,0.92011,0.864601,0.715069,,,,,,,,,,7.0,0.016247,0.01108,107.223289,107.386169,,,65.0,10.0,1.853136,0.616879,5e-06,4e-06,5e-06,1.1e-05,6.2e-05,1.8e-05,-11.79421,0.372988,-2.822679,0.106245,-2.392018,-1.120893,-1.823962,-0.885362,-0.972955,-0.825885,-0.965973,-0.737325,-0.568217,3.974331,1.680004,1.61393,1.09668,0.79744,0.730605,0.638605,0.634779,0.595141,0.537651,0.54529,0.407023,0.455742,-0.628808,0.628833,1.0,0.0,0.0,0.0,0.0,0.0,0.0,1.0,0.0,0.0,0.0,0.0,1.0,0.0,0.0,1.0,0.0,0.0,0.0,0.0,0.0,1.0,0.0,1.0,0.0,0.0,,,,0.0,,1.0,0.984209,,0.0,0.0,1.0,1.0,0.0,0.0,0.0,0.0,0.0,1.0,0.0,,0.0,0.0,,,1.0,1,,,0.0,,0.0,0.0,0,,,0.0,0.0,0.0,,,0.0,0.0,0.0,,0.0,0.0,,,0,,0.0,0.0,0.0,,,,0.0,0.0,,,0.0,,0.0,0.0,1.0,,,6
1440001715,1.001778,0.006931,0.006277,0.019999,0.999052,1.001902,1.004007,0.93049,6.684588,5.044067,0.001013,0.004614,0.00422,0.022481,0.430311,0.255741,0.109923,-0.018052,0.017487,-1.001446,0.004645,0.003224,0.006953,0.128242,-0.129298,0.170155,0.004139,0.0024,0.003255,0.004637,0.002688,0.003823,0.005012,2.035253,6.544685,4.922329,2.880293,3.533218,3.126923,4.236835,1.589303,1.622592,0.133814,-8.7e-05,0.000395,0.000133,0.002853,0.003076,0.00226,0.101938,0.082023,-0.150001,333.523369,0.761366,0.357806,0.989758,333.013094,333.515035,334.026512,2.631005,6.684609,5.043202,3.8e-05,0.000273,0.00028,0.002208,0.429583,3.996058,0.081024,-269.934703,-47.575568,-190.021852,0.787773,0.829758,0.79108,0.054014,-0.061212,-0.159694,0.999989,0.999989,0.999988,0.999988,0.999986,996.301918,65.823701,35.592346,127.62066,974.351066,999.023523,1016.503812,1.685384,6.21241,5.039637,0.046746,0.206313,0.299494,1.077846,0.459137,0.233748,0.158814,-112.704,-216.112,-943.216,118.819865,152.289788,102.84416,0.584309,-0.548326,-0.481368,5.522904,3.852853,3.592915,1.963156,2.150755,5.460868,2.351483,2.207288,0.671941,1.027306,5.046524,0.531102,0.477619,0.387851,1.275338,0.987281,0.972037,0.957095,0.958287,0.943982,,,,,,,,,,9.0,0.025712,0.057017,107.265953,107.364792,,,65.0,10.0,5.572279,1.717804,7e-06,1.4e-05,-6e-06,3e-06,3.7e-05,1.6e-05,-12.649332,1.050264,-2.535344,-0.042665,-2.045657,-1.116338,-1.803998,-1.326886,-0.938658,-0.800881,-0.664455,-0.591474,-0.767152,3.337553,1.536705,1.516456,0.932197,0.619492,0.552022,0.567911,0.579202,0.579364,0.532819,0.453982,0.442169,0.469238,-0.704845,0.704871,1.0,0.0,0.0,0.0,0.0,0.0,0.0,1.0,0.0,0.0,0.0,0.0,1.0,0.0,0.0,1.0,0.0,0.0,0.0,0.0,0.0,1.0,0.0,1.0,0.0,0.0,,,,0.0,,1.0,0.984209,,0.0,0.0,1.0,1.0,0.0,0.0,0.0,0.0,0.0,1.0,0.0,,0.0,0.0,,,1.0,1,,,0.0,,0.0,0.0,0,,,0.0,0.0,0.0,,,0.0,0.0,0.0,,0.0,0.0,,,0,,0.0,0.0,0.0,,,,0.0,0.0,,,0.0,,0.0,0.0,1.0,,,2
1440001775,1.001678,0.011629,-0.010196,0.029885,0.998054,1.001639,1.004877,1.121495,6.684544,5.044546,0.001715,0.010783,0.010182,0.065177,0.431322,0.095949,0.163531,-0.018736,0.017954,-1.001304,0.006566,0.005572,0.011681,-0.114299,-0.224073,0.179989,0.004667,0.00269,0.003514,0.004997,0.00283,0.004186,0.005664,1.977243,6.544571,5.02818,2.934384,3.092385,2.630364,4.436152,1.619293,3.028832,0.117482,0.00014,-0.000226,0.00016,0.003862,0.00254,0.002748,0.140113,0.070449,-0.019394,333.51235,0.759547,0.384876,1.01299,333.01672,333.495706,333.97953,2.612176,6.684609,5.043739,8.8e-05,0.000319,0.000292,0.001988,0.429723,0.908251,0.136322,-270.067824,-47.689657,-189.784709,0.749705,0.850367,0.78135,0.095077,-0.026702,-0.034758,0.99999,0.999989,0.999989,0.999988,0.999987,998.117623,35.268032,53.315786,92.807421,992.322528,1000.367931,1008.539538,1.326228,6.214004,5.051636,0.017116,0.080965,0.042056,0.180504,0.436696,2.06488,0.116225,19.28,-91.552,-935.072,57.820633,288.107854,167.392147,-0.161604,0.082949,-0.966144,5.975186,4.627128,4.519581,3.688248,4.30568,6.779542,3.777882,3.259274,2.010054,3.841449,5.129544,0.034481,0.096488,0.047644,0.191051,0.995224,0.983092,0.930455,0.888007,0.68661,,,,,,,,,,6.0,0.017694,0.015097,107.347733,107.36898,,,65.0,10.0,2.440925,0.892377,6e-06,6e-06,5e-06,1.1e-05,7e-06,6e-06,-12.052651,-0.394276,-3.084115,0.038334,-2.418077,-1.394425,-1.736369,-0.711909,-0.904844,-0.935095,-0.804969,-0.70743,-0.499363,4.002293,1.636825,1.75978,1.13922,0.890431,0.947167,0.643164,0.616099,0.557459,0.474626,0.570043,0.415815,0.444705,-0.450483,0.450505,1.0,0.0,0.0,0.0,0.0,0.0,0.0,1.0,0.0,0.0,0.0,0.0,1.0,0.0,0.0,1.0,0.0,0.0,0.0,0.0,0.0,1.0,0.0,1.0,0.0,0.0,,,,0.0,,1.0,0.984209,,0.0,0.0,1.0,1.0,0.0,0.0,0.0,0.0,0.0,1.0,0.0,,0.0,0.0,,,1.0,1,,,0.0,,0.0,0.0,0,,,0.0,0.0,0.0,,,0.0,0.0,0.0,,0.0,0.0,,,0,,0.0,0.0,0.0,,,,0.0,0.0,,,0.0,,0.0,0.0,1.0,,,2
1440001835,1.002135,0.066838,-0.089758,0.214611,0.999983,1.00209,1.004908,0.256659,6.681879,5.04384,0.003704,0.027327,0.027118,0.314663,0.435831,0.191701,0.107905,-0.020428,0.016407,-1.001706,0.009946,0.00797,0.066924,-0.10691,0.208951,-0.444932,0.006631,0.023531,0.050381,0.075144,0.002618,0.003778,0.005199,0.133512,5.549703,5.294051,5.13934,5.434873,3.445629,5.286013,4.46156,7.896629,0.012145,-0.000443,-0.000164,0.001254,0.013847,0.007436,0.018677,-0.345473,-0.189502,0.127408,332.399051,0.814623,-0.238049,1.064215,331.817107,332.383918,332.99879,2.585671,6.684609,5.042093,7.5e-05,0.000319,0.000277,0.00208,0.429288,4.383498,0.053534,-268.611295,-46.197425,-190.266928,0.890342,0.804918,0.786062,0.24323,-0.146692,-0.136013,0.999989,0.999989,0.999988,0.999987,0.999985,,,,,,,,,,,,,,,,,,,,,,,,,,,,,,,,,,,,,,,,,,,,,,,,,,,,,,,,8.0,0.014993,0.026054,107.266075,107.331093,,,65.0,10.0,2.555873,0.938394,5e-06,1.1e-05,1.1e-05,2.2e-05,2.7e-05,2.4e-05,-15.986193,1.121939,-2.485625,-0.072923,-2.131711,-1.245084,-1.899258,-0.947124,-0.903732,-0.855478,-0.897585,-0.641006,-0.784457,3.222569,1.450177,1.242628,0.854472,0.584802,0.556928,0.472029,0.500212,0.526036,0.471329,0.383348,0.344161,0.376238,-0.260269,0.26029,1.0,0.0,0.0,0.0,0.0,0.0,0.0,1.0,0.0,0.0,0.0,0.0,1.0,0.0,0.0,1.0,0.0,0.0,0.0,0.0,0.0,1.0,0.0,1.0,0.0,0.0,,,,0.0,,1.0,0.984209,,0.0,0.0,1.0,1.0,0.0,0.0,0.0,0.0,0.0,1.0,0.0,,0.0,0.0,,,1.0,1,,,0.0,,0.0,0.0,0,,,0.0,0.0,0.0,,,0.0,0.0,0.0,,0.0,0.0,,,0,,0.0,0.0,0.0,,,,0.0,0.0,,,0.0,,0.0,0.0,1.0,,,2
1440001895,1.001555,0.005147,0.004771,0.011598,0.999115,1.00194,1.003964,1.390954,6.684599,5.043604,0.000615,0.002336,0.00219,0.015461,0.429995,8.645533,0.094803,-0.019914,0.016918,-1.001201,0.00379,0.003474,0.005168,0.195784,-0.146766,0.158692,0.004029,0.002358,0.003641,0.0054,0.002657,0.003618,0.004877,1.653528,6.553983,5.068458,3.189202,3.919976,3.283359,4.549638,2.012723,4.353986,0.156098,-0.000248,7.4e-05,0.000158,0.003209,0.002561,0.0022,-0.172348,-0.057372,0.029566,331.503551,0.780692,0.312594,1.02288,330.951347,331.527006,332.034467,2.50599,6.684609,5.044358,8.6e-05,0.000325,0.00029,0.002056,0.429892,3.606308,0.09768,-267.770723,-45.97897,-189.9419,0.803838,0.834562,0.848642,-0.068987,-0.056179,-0.14282,0.999988,0.999987,0.999987,0.999987,0.999986,,,,,,,,,,,,,,,,,,,,,,,,,,,,,,,,,,,,,,,,,,,,,,,,,,,,,,,,6.0,0.031005,0.011602,107.266075,107.41214,,,65.0,10.0,3.504373,1.254012,1.1e-05,4e-06,-1.6e-05,4e-06,9e-06,4e-06,-12.325998,0.340442,-2.786901,0.18516,-2.652203,-1.281761,-1.700886,-0.605305,-0.962656,-0.984454,-0.957946,-0.731691,-0.691287,3.84171,1.368224,1.277198,0.982231,0.812506,0.734975,0.46147,0.640678,0.510876,0.491275,0.45644,0.387008,0.364434,-0.592728,0.592752,1.0,0.0,0.0,0.0,0.0,0.0,0.0,1.0,0.0,0.0,0.0,0.0,1.0,0.0,0.0,1.0,0.0,0.0,0.0,0.0,0.0,1.0,0.0,1.0,0.0,0.0,,,,0.0,,1.0,0.984209,,0.0,0.0,1.0,1.0,0.0,0.0,0.0,0.0,,,,,,,,,,0,,,,,,,0,,,,,,,,,,,,,,,,0,,,,,,,,,,,,,,,,,,,-1
1440001955,1.001158,0.050957,0.052264,0.099158,0.986942,0.999443,1.0147,1.652864,6.683333,5.041149,0.01082,0.380071,0.193688,0.287832,0.442003,0.544948,0.301386,-0.130898,-0.086769,-0.966296,0.120571,0.160891,0.078104,-0.336444,-0.10345,-0.657087,0.213497,0.423028,0.834279,1.263513,0.038391,0.104187,0.240328,0.766138,5.904461,5.271494,4.333397,4.643546,3.515786,2.993815,2.323946,2.352748,0.078565,-0.017244,0.002379,0.030343,0.320511,0.233171,0.257319,0.74028,-0.607465,-0.526836,353.389348,8.061191,10.689324,13.228805,349.508493,351.093556,352.453149,2.019394,6.684356,5.035891,0.001443,0.000984,0.000233,0.002264,0.427804,0.0,0.0,-289.095946,-86.166603,-182.055004,8.060085,25.430346,9.600659,-0.882842,-0.953171,0.961297,0.999788,0.99915,0.996587,0.994861,0.984333,,,,,,,,,,,,,,,,,,,,,,,,,,,,,,,,,,,,,,,,,,,,,,,,,,,,,,,,7.0,0.03193,0.040476,107.210014,107.626923,,,65.0,10.0,4.613849,1.529062,1e-05,1.3e-05,6e-06,1.1e-05,1.7e-05,7e-06,-13.317084,1.264369,-3.276429,-0.801891,-2.164912,-1.32176,-1.48282,-0.662494,-0.800971,-1.070468,-1.03708,-0.783095,-0.331091,3.648684,1.384408,1.87118,1.140426,0.870207,0.815459,0.605189,0.687963,0.526785,0.444,0.50057,0.439789,0.468035,-0.252345,0.252366,1.0,0.0,0.0,0.0,0.0,0.0,0.0,1.0,0.0,1.0,0.0,0.0,0.0,0.0,0.0,1.0,0.0,0.0,0.0,0.0,0.0,1.0,0.0,1.0,0.0,0.0,,,,0.0,,1.0,0.990196,,0.0,0.0,1.0,1.0,0.0,0.0,0.0,0.0,,,,,,,,,,0,,,,,,,0,,,,,,,,,,,,,,,,0,,,,,,,,,,,,,,,,,,,-1
1440002015,1.018698,0.189727,0.150325,0.261273,0.903975,0.993768,1.129155,2.493768,6.667475,5.024152,0.675487,3.032402,1.262991,1.106378,0.640446,0.577145,0.419008,-0.067726,-0.208425,-0.888276,0.329512,0.255757,0.250378,0.351486,-0.404432,-0.465204,1.22417,0.97301,1.115263,1.446996,0.555029,0.920977,1.550908,2.416172,6.412133,5.458318,3.6258,4.482026,2.586285,2.197551,1.776454,2.785391,0.192138,-0.00808,-0.017998,0.002431,0.734992,0.814589,1.114081,-0.242904,-0.267668,0.436568,321.069688,18.594709,-13.795851,22.70329,306.425335,322.28285,337.58368,2.75464,6.682919,4.972114,0.164087,0.048126,0.001626,0.002576,0.422043,0.0,0.0,-259.636437,-92.121919,-162.454143,23.490231,15.763742,18.502588,-0.178094,-0.166791,-0.486711,0.999459,0.998062,0.992858,0.991631,0.992244,,,,,,,,,,,,,,,,,,,,,,,,,,,,,,,,,,,,,,,,,,,,,,,,,,,,,,,,7.0,0.036222,0.057349,107.216576,107.471718,,,65.0,10.0,5.634261,1.728866,1.1e-05,1.9e-05,-7e-06,-3.5e-05,1.2e-05,3e-06,-13.681072,0.580413,-2.64527,-0.696115,-2.240465,-0.988899,-1.50653,-0.552219,-0.685768,-0.792546,-0.925817,-0.799937,-0.523414,3.301035,1.243254,1.34171,0.804834,0.654492,0.55914,0.451674,0.453113,0.406671,0.454156,0.390642,0.408568,0.402828,-0.521321,0.521344,1.0,0.0,0.0,0.0,0.0,0.0,0.0,1.0,0.0,1.0,0.0,0.0,0.0,0.0,0.0,1.0,0.0,0.0,0.0,0.0,0.0,1.0,0.0,1.0,0.0,0.0,,,,0.0,,1.0,0.990196,,0.0,0.0,1.0,1.0,0.0,0.0,0.0,0.0,0.0,0.0,1.0,,0.0,0.0,,,0.0,1,,,0.0,,0.0,0.0,0,,,0.0,0.0,0.0,,,0.0,0.0,0.0,,0.0,0.0,,,0,,0.0,0.0,0.0,,,,0.0,0.0,,,0.0,,1.0,0.0,0.0,,,2
1440002080,1.022447,0.247621,0.125631,0.31013,0.822823,1.026199,1.220342,2.606382,6.654893,5.002323,0.478676,3.189003,0.917067,1.159178,0.623484,0.485539,0.482255,-0.029078,-0.269065,-0.929087,0.204156,0.253619,0.253512,-0.285166,0.0729,-0.17963,1.0691,0.666164,0.742767,1.053485,0.570959,0.931348,1.43483,2.209026,6.505939,4.896547,3.557685,3.807968,2.948804,3.190609,1.439762,5.057046,0.077469,0.010045,-0.017673,-0.071265,0.579847,0.684726,0.881014,0.086427,0.123959,0.311556,321.661962,13.471122,-11.933479,18.680489,314.95215,323.064535,329.909019,2.659752,6.683725,5.056344,0.043687,0.023125,0.000593,0.002388,0.439921,6.960367,0.33167,-264.058713,-96.675755,-154.625279,13.719847,20.248946,8.212945,0.028607,-0.083715,0.297167,0.999719,0.999099,0.996489,0.993918,0.994573,,,,,,,,,,,,,,,,,,,,,,,,,,,,,,,,,,,,,,,,,,,,,,,,,,,,,,,,8.0,0.027262,0.040514,106.907188,106.960503,,,65.0,10.0,4.604615,1.527059,9e-06,1.4e-05,-2.8e-05,-3.6e-05,,,-14.281402,-0.856049,-2.193126,-0.602828,-1.703676,-0.652398,-1.473814,-0.585077,-0.872687,-0.6617,-0.72896,-0.683318,-0.449012,3.324372,1.168369,1.273016,0.868266,0.582011,0.413083,0.382927,0.352665,0.37275,0.325208,0.366818,0.285983,0.291636,-0.692895,0.692921,1.0,0.0,0.0,0.0,0.0,0.0,0.0,1.0,0.0,1.0,0.0,0.0,0.0,0.0,0.0,1.0,0.0,0.0,0.0,0.0,0.0,1.0,0.0,1.0,0.0,0.0,,,,0.0,,1.0,1.0,,0.0,0.0,1.0,1.0,0.0,0.0,0.0,0.0,0.0,0.0,1.0,,0.0,0.0,,,0.0,1,,,0.0,,0.0,0.0,0,,,0.0,0.0,0.0,,,0.0,0.0,0.0,,0.0,0.0,,,0,,0.0,0.0,0.0,,,,0.0,0.0,,,0.0,,1.0,0.0,0.0,,,2
1440002140,1.102773,0.322879,0.258738,0.444447,0.865275,1.080412,1.317591,2.518376,6.641999,4.925095,1.542547,3.620871,1.863824,1.987486,0.815835,0.513827,0.485415,-0.553722,-0.104772,-0.460242,0.465918,0.611634,0.446963,-0.361309,-0.534448,0.627838,1.565366,1.417892,1.687119,2.181474,0.60128,0.991137,1.987646,2.221327,6.346436,5.327031,2.416654,4.40076,2.71338,2.910095,1.713679,10.438714,0.11354,0.039996,0.029399,0.07265,1.124238,1.085015,1.418407,-0.245609,-0.29213,0.408986,324.945508,15.758134,-11.103927,18.508687,310.876877,326.559786,339.450149,2.827074,6.683428,5.09722,0.027088,0.016291,0.000476,0.002269,0.448744,0.0,0.0,-272.207956,-78.687075,-157.980565,13.99807,12.078389,15.791841,0.527165,-0.019352,0.420952,0.999676,0.999042,0.997491,0.996868,0.993397,,,,,,,,,,,,,,,,,,,,,,,,,,,,,,,,,,,,,,,,,,,,,,,,,,,,,,,,4.0,0.109027,0.069318,106.863853,107.241173,,,65.0,10.0,14.456523,2.671146,0.001414,0.001148,3.1e-05,6.4e-05,0.007615,0.006275,-16.702315,-1.123198,-2.254978,-0.303728,-1.731993,-0.568562,-1.467027,-0.614019,-0.702599,-0.593078,-0.62229,-0.639634,-0.502048,3.973677,1.743204,1.570159,0.924344,0.734678,0.494555,0.4982,0.450389,0.402409,0.404057,0.342049,0.338539,0.384175,0.063168,-0.063148,1.0,0.0,0.0,0.0,0.0,0.0,0.0,1.0,0.0,1.0,0.0,0.0,0.0,0.0,0.0,1.0,0.0,0.0,0.0,0.0,0.0,1.0,0.0,1.0,0.0,0.0,,,,0.0,,1.0,1.0,,0.0,0.0,1.0,1.0,0.0,0.0,0.0,0.0,0.0,0.0,1.0,,0.0,0.0,,,0.0,1,,,0.0,,0.0,0.0,0,,,0.0,0.0,0.0,,,0.0,0.0,0.0,,0.0,0.0,,,0,,0.0,0.0,0.0,,,,0.0,0.0,,,0.0,,1.0,0.0,0.0,,,2
1440002200,0.997748,0.114574,0.12416,0.235994,0.985574,0.991072,0.997934,1.068101,6.678099,5.044448,0.49217,1.477403,0.852516,0.520922,0.49959,2.160021,0.256515,-0.406812,-0.875608,0.131914,0.137435,0.127582,0.154517,-0.348023,-0.367958,0.222556,0.315378,0.510497,0.663861,0.849573,0.019333,0.036943,0.415328,1.649191,5.721904,6.181131,3.436921,4.427985,2.241309,2.351203,2.278393,0.0,0.0,0.038073,0.065735,-0.00407,0.354254,0.3493,0.326767,0.431515,0.24334,-0.084245,318.964392,3.531639,-3.568014,5.237848,318.591864,319.753406,320.499188,2.241366,6.68455,5.049615,0.004093,0.001026,0.000463,0.002173,0.431549,0.0,0.0,-256.380814,-126.660201,-140.969287,3.819058,3.821989,8.677243,-0.737752,-0.689286,0.896019,0.999927,0.999727,0.999426,0.999148,0.997814,,,,,,,,,,,,,,,,,,,,,,,,,,,,,,,,,,,,,,,,,,,,,,,,,,,,,,,,5.0,0.012465,0.054318,107.173164,107.555214,,,65.0,10.0,5.348518,1.67682,5e-06,2.1e-05,1.3e-05,2.4e-05,8e-06,3.9e-05,-16.279898,0.415719,-1.046969,0.107017,-1.196713,-0.52768,-1.313746,-0.63802,-1.023765,-0.377592,-0.67916,-0.461451,-0.534989,6.923302,2.037746,1.008466,0.520047,0.590635,0.498196,0.356933,0.330118,0.334876,0.336772,0.368275,0.32503,0.258886,-1.346251,1.346292,1.0,0.0,0.0,0.0,0.0,0.0,0.0,1.0,0.0,1.0,0.0,0.0,0.0,0.0,0.0,1.0,0.0,0.0,0.0,0.0,0.0,1.0,0.0,1.0,0.0,0.0,,,,0.0,,1.0,1.0,,0.0,0.0,1.0,1.0,0.0,0.0,0.0,0.0,,,,,,,,,,0,,,,,,,0,,,,,,,,,,,,,,,,0,,,,,,,,,,,,,,,,,,,-1
1440002260,1.06631,0.302792,0.459412,0.674304,0.988663,0.994297,1.057241,1.348155,6.651146,4.941416,1.2067,2.70802,1.724237,2.529556,0.72723,5.623559,0.155531,0.70061,-0.134421,0.290816,0.366261,0.374315,0.600785,0.39137,0.125919,0.074685,1.366725,1.645576,1.750005,2.266301,0.028542,0.711178,2.333664,2.201792,5.967916,5.749966,4.521565,4.392178,2.882278,2.499448,2.166374,0.0,0.0,0.071363,-0.002962,-0.080113,1.168272,1.272519,1.25705,0.215527,0.094267,-0.200405,303.954059,18.753069,-17.487533,26.540128,302.458259,305.590774,312.376152,2.270669,6.682672,5.091346,0.054247,0.039929,0.002523,0.002777,0.451028,9.705472,0.065735,-246.410149,-118.045186,-131.031809,17.712267,15.110087,19.384174,0.519889,-0.011422,-0.396877,0.998958,0.997714,0.996535,0.994113,0.986379,,,,,,,,,,,,,,,,,,,,,,,,,,,,,,,,,,,,,,,,,,,,,,,,,,,,,,,,7.0,0.037391,0.03729,107.134377,107.573715,,,65.0,10.0,4.246137,1.44601,1.2e-05,1.2e-05,-1.3e-05,1.7e-05,1.2e-05,7e-06,-18.362534,-0.688363,-1.690436,-0.110047,-1.838113,-0.733746,-1.55792,-0.705193,-0.796535,-0.593963,-0.684823,-0.719948,-0.544981,4.167076,1.282228,1.031198,0.7716,0.541412,0.428945,0.446816,0.43141,0.320181,0.302986,0.283874,0.265404,0.254617,-0.073535,0.073555,1.0,0.0,0.0,0.0,0.0,0.0,0.0,1.0,0.0,1.0,0.0,0.0,0.0,0.0,0.0,1.0,0.0,0.0,0.0,0.0,0.0,1.0,0.0,1.0,0.0,0.0,,,,0.0,,1.0,1.0,,0.0,0.0,1.0,1.0,0.0,0.0,0.0,0.0,0.0,0.0,1.0,,0.0,0.0,,,0.0,1,,,0.0,,0.0,0.0,0,,,0.0,0.0,0.0,,,0.0,0.0,0.0,,0.0,0.0,,,0,,0.0,0.0,0.0,,,,0.0,0.0,,,0.0,,1.0,0.0,0.0,,,2
1440002320,1.039474,0.195728,0.307797,0.431077,0.998847,1.000871,1.003013,0.758251,6.669687,5.006404,0.037496,0.340421,0.034987,0.037887,0.428186,1.500712,0.218883,0.097239,0.064911,-0.914118,0.321973,0.284941,0.290995,0.617608,0.787252,0.715043,0.503259,1.305622,1.894408,2.462288,0.00283,0.004181,0.006263,0.867023,4.806492,6.31637,3.055653,4.471538,3.399534,4.175867,2.927928,0.0,0.0,-0.013567,-0.094354,0.006654,0.623116,0.653536,1.064615,0.191119,-0.370542,0.171062,296.583865,9.312857,-11.517805,13.896984,299.690756,300.531918,301.143582,1.451078,6.684109,5.062271,0.00251,0.001587,0.000671,0.002875,0.43498,0.0,0.0,-237.52462,-61.057517,-165.690858,5.313427,8.453259,18.697659,-0.500337,0.159068,-0.704109,0.999689,0.999328,0.997419,0.996051,0.987309,,,,,,,,,,,,,,,,,,,,,,,,,,,,,,,,,,,,,,,,,,,,,,,,,,,,,,,,5.0,0.05849,0.06225,106.736946,107.251045,,,65.0,10.0,8.912774,2.187486,0.0002,0.000267,-0.000176,-0.000244,0.00329,0.002832,-18.377701,-1.173139,-2.188193,-0.376128,-1.936934,-0.911814,-1.437059,-0.464706,-0.87742,-0.693932,-0.467736,-0.351966,-0.65474,5.9955,1.668365,1.255391,0.605643,0.573088,0.49287,0.347927,0.37042,0.310674,0.310167,0.30158,0.269539,0.266413,-0.013341,0.013361,1.0,0.0,0.0,0.0,0.0,0.0,0.0,1.0,0.0,1.0,0.0,0.0,0.0,0.0,0.0,1.0,0.0,0.0,0.0,0.0,0.0,1.0,0.0,1.0,0.0,0.0,,,,0.0,,1.0,1.0,,0.0,0.0,1.0,1.0,0.0,0.0,0.0,0.0,0.0,1.0,0.0,,0.0,0.0,,,0.0,1,,,0.0,,0.0,0.0,0,,,0.0,0.0,0.0,,,0.0,0.0,0.0,,0.0,0.0,,,0,,0.0,1.0,0.0,,,,0.0,0.0,,,0.0,,0.0,0.0,1.0,,,2
1440002380,1.003667,0.027318,0.06209,0.101187,1.000129,1.00247,1.004102,0.686919,6.684274,5.040352,0.004168,0.020972,0.027552,0.079107,0.430903,1.334716,0.082621,-0.023669,0.014389,-1.003254,0.007145,0.003178,0.027308,0.357451,0.089927,-0.312828,0.006392,0.026019,0.0582,0.088828,0.002533,0.003637,0.004827,0.116078,5.428581,3.671862,3.92483,5.008925,4.740594,6.132166,5.020683,2.893514,0.33148,-3.6e-05,0.001097,0.000225,0.011201,0.024048,0.003579,-0.971323,-0.248931,0.267723,297.27947,0.773098,0.299653,1.015595,296.792784,297.290267,297.763066,2.581885,6.684608,5.043374,9.4e-05,0.000476,0.000423,0.002633,0.429644,7.103698,0.087831,-239.176279,-59.829331,-166.098759,0.818334,0.800226,0.85565,-0.006431,-0.147813,0.026794,0.999984,0.999984,0.999984,0.999983,0.999984,1003.529684,13.195652,-8.441627,21.671325,1000.159987,1000.543852,1008.412614,1.819347,6.214522,5.045716,0.003587,0.012344,0.014801,0.057302,0.431582,0.155904,0.094151,11.504,20.768,-1002.24,7.165053,37.22948,27.566472,-0.469543,0.400703,-0.87125,4.985155,3.510982,3.061354,3.615399,3.984737,5.070374,1.824405,3.076783,2.498358,3.285504,5.046471,0.003774,0.013121,0.015761,0.060508,0.998869,0.998826,0.998677,0.998191,0.986816,,,,,,,,,,6.0,0.025377,0.070753,106.736946,107.229027,,,65.0,10.0,7.102342,1.960425,1e-05,3e-05,2.3e-05,6.7e-05,1e-05,3.8e-05,-19.163453,0.234352,-1.211137,-0.588374,-2.35696,-1.14253,-1.472158,-0.669499,-0.973803,-0.571793,-0.585395,-0.568335,-0.683415,2.833523,0.854336,0.66376,0.418756,0.277769,0.377588,0.30387,0.245747,0.253133,0.234183,0.238265,0.211614,0.243591,-0.984306,0.984336,1.0,0.0,0.0,0.0,0.0,0.0,0.0,1.0,0.0,1.0,0.0,0.0,0.0,0.0,0.0,1.0,0.0,0.0,0.0,0.0,0.0,1.0,0.0,1.0,0.0,0.0,,,,0.0,,1.0,1.0,,0.0,0.0,1.0,1.0,0.0,0.0,0.0,0.0,0.0,1.0,0.0,,0.0,0.0,,,0.0,1,,,0.0,,0.0,0.0,0,,,0.0,0.0,0.0,,,0.0,0.0,0.0,,0.0,0.0,,,0,,0.0,1.0,0.0,,,,0.0,0.0,,,0.0,,0.0,0.0,1.0,,,2
1440002440,1.000781,0.002553,-0.001041,0.003423,0.999013,1.000967,1.00284,2.357244,6.684608,5.043477,0.000142,0.000799,0.00036,0.002447,0.429673,3.55316,0.086652,-0.024185,0.01406,-1.000385,0.002261,0.002067,0.002551,-0.041756,0.04958,-0.008864,0.003546,0.001528,0.001268,0.002032,0.002411,0.003347,0.00449,2.569903,6.591433,4.94431,1.464377,2.179871,2.344545,4.232072,1.194594,0.892384,0.090337,-2.2e-05,0.00026,-0.00029,0.002352,0.002198,0.002096,0.061438,0.07408,-0.061574,296.904242,0.730711,0.257041,0.957519,296.406524,296.905118,297.40726,2.547533,6.684609,5.043021,0.00011,0.000445,0.000307,0.002662,0.429548,1.012254,0.091781,-238.724013,-60.004354,-166.015258,0.793333,0.782086,0.824061,0.047253,-0.205248,0.005192,0.999985,0.999984,0.999984,0.999984,0.999984,1003.696375,11.948704,5.605234,17.419765,1000.159987,1000.543852,1008.412614,1.951044,6.214537,5.04583,0.001909,0.012056,0.016391,0.050898,0.431524,2.260492,0.116235,11.264,22.32,-1003.344,6.2047,6.625526,11.939249,-0.075226,-0.087652,-0.040275,5.110156,2.594869,3.622921,3.071278,3.913377,5.050719,2.077735,2.768743,2.131812,2.73364,5.045809,0.001921,0.011983,0.01649,0.051038,0.999926,0.999918,0.999918,0.999918,0.999919,,,,,,,,,,22.0,0.038447,0.059547,108.301033,109.412556,,,10.0,4.0,5.873002,1.770366,8e-06,2.8e-05,9e-06,1.8e-05,1e-06,3e-06,-2.268907,0.339782,-1.500941,-0.390343,-2.159986,-1.374861,-1.801267,-0.492781,-0.634534,-0.708997,-0.718475,-0.48463,-0.601759,1.188228,0.420271,0.650565,0.366114,0.299978,0.343989,0.287432,0.259922,0.28253,0.237321,0.248429,0.237778,0.238524,-4.162426,4.163068,1.0,0.0,0.0,0.0,0.0,0.0,0.0,1.0,0.0,1.0,0.0,0.0,0.0,0.0,0.0,1.0,0.0,0.0,0.0,0.0,0.0,1.0,0.0,1.0,0.0,0.0,,,,0.0,,1.0,1.0,,0.0,0.0,1.0,1.0,0.0,0.0,0.0,0.0,0.0,1.0,0.0,,0.0,0.0,,,0.0,1,,,0.0,,0.0,0.0,0,,,0.0,0.0,0.0,,,0.0,0.0,0.0,,0.0,0.0,,,0,,0.0,1.0,0.0,,,,0.0,0.0,,,0.0,,0.0,0.0,1.0,,,2
1440002500,1.000806,0.007987,0.008666,0.019878,0.998139,1.000922,1.003001,1.123802,6.68458,5.042783,0.000834,0.002788,0.001731,0.007309,0.429653,1.854322,0.122882,-0.023797,0.015361,-1.000399,0.00266,0.002469,0.00799,0.155928,-0.155821,-0.229144,0.00367,0.001612,0.001378,0.002178,0.002523,0.003455,0.004701,2.600286,6.588113,4.934504,1.691973,2.527027,2.112235,4.237916,1.215643,0.973497,0.105683,-4.7e-05,0.000242,-9.6e-05,0.002492,0.002267,0.002156,-0.068455,0.040984,0.0025,296.845841,0.748888,-0.073396,1.013139,296.340878,296.855019,297.322733,2.461201,6.684609,5.043524,4.5e-05,0.000631,0.000399,0.002571,0.429683,1.090085,0.08678,-238.704933,-60.038926,-165.925911,0.808183,0.756261,0.814499,0.002411,-0.16679,0.044966,0.999985,0.999985,0.999985,0.999985,0.999985,1004.003999,12.186637,-2.366939,17.158273,1000.159987,1000.639795,1008.412614,1.857203,6.214534,5.043228,0.003232,0.01189,0.017854,0.043348,0.430744,2.376804,0.089689,11.888,23.008,-1003.632,6.527745,5.794475,12.184932,-0.053698,-0.073507,0.008796,4.850417,2.774815,4.097667,2.961145,3.796819,4.991308,1.538381,2.106391,2.139288,2.569933,5.04327,0.003284,0.011876,0.017865,0.043335,0.999929,0.999925,0.999926,0.999925,0.999919,,,,,,,,,,8.0,0.036273,0.017458,106.779808,108.354568,,,65.0,10.0,4.34175,1.468277,1.3e-05,5e-06,-7e-06,-1.8e-05,3.5e-05,3e-06,-17.926703,-0.093204,-1.560589,-0.458276,-2.16025,-1.171742,-1.640404,-0.621002,-0.675364,-0.529785,-0.664781,-0.471326,-0.676326,4.018122,1.372841,0.959012,0.469531,0.444535,0.317079,0.28174,0.268951,0.271143,0.262998,0.25992,0.24594,0.305646,-1.141333,1.141367,1.0,0.0,0.0,0.0,0.0,0.0,0.0,1.0,0.0,1.0,0.0,0.0,0.0,0.0,0.0,1.0,0.0,0.0,0.0,0.0,0.0,1.0,0.0,1.0,0.0,0.0,,,,0.0,,1.0,1.0,,0.0,0.0,1.0,1.0,0.0,0.0,0.0,0.0,0.0,1.0,0.0,,0.0,0.0,,,0.0,1,,,0.0,,0.0,0.0,0,,,0.0,0.0,0.0,,,0.0,0.0,0.0,,0.0,0.0,,,0,,0.0,1.0,0.0,,,,0.0,0.0,,,0.0,,0.0,0.0,1.0,,,2
1440002560,1.00101,0.013304,0.014449,0.026148,0.997117,1.000813,1.003962,1.588298,6.684524,5.0429,0.003149,0.00758,0.013249,0.060825,0.430864,0.257184,0.120687,-0.023416,0.015687,-1.000601,0.003432,0.003517,0.01331,0.213872,-0.364175,-0.41194,0.003853,0.001615,0.00125,0.002132,0.002598,0.003701,0.004927,2.54365,6.595197,4.957465,1.477858,2.377918,2.50697,4.272369,1.250432,0.405623,0.113335,-7e-05,-7.9e-05,0.000203,0.002648,0.002418,0.002131,-0.018324,0.010161,0.022475,296.859103,0.743032,-0.375943,0.965385,296.375445,296.856246,297.374041,2.681996,6.684609,5.043289,3.5e-05,0.000293,0.00031,0.002767,0.429617,5.761684,0.083044,-238.756751,-60.087976,-165.856814,0.837796,0.778946,0.85805,-0.027355,-0.227923,-0.025447,0.999984,0.999983,0.999983,0.999983,0.999984,1003.401163,14.583081,-5.787211,19.895105,992.515993,1000.543852,1008.634721,2.010583,6.214502,5.045381,0.004933,0.023822,0.016733,0.082553,0.432092,3.07942,0.141946,11.232,22.768,-1003.04,6.423875,6.187906,14.602137,-0.025413,-0.011244,0.097378,4.962637,3.314144,3.775746,3.44133,3.921091,5.064249,1.350174,2.237264,2.245392,2.614924,5.045363,0.004895,0.024038,0.016757,0.082637,0.999926,0.999921,0.999922,0.99992,0.999913,,,,,,,,,,10.0,0.034718,0.050672,106.786659,108.300678,,,50.0,4.0,5.686804,1.738148,1.1e-05,1.9e-05,7e-06,3e-06,1.3e-05,2.2e-05,-15.568441,-1.57575,-2.150571,0.424611,-1.29292,-1.310214,-1.609856,-0.780404,-1.227745,-1.059867,-1.026459,-0.778056,-0.571431,6.121933,2.553847,1.585361,0.615516,0.647474,0.364057,0.416594,0.326477,0.306005,0.364881,0.297319,0.289812,0.352212,-0.297313,0.297333,1.0,0.0,0.0,0.0,0.0,0.0,0.0,1.0,0.0,1.0,0.0,0.0,0.0,0.0,0.0,1.0,0.0,0.0,0.0,0.0,0.0,1.0,0.0,1.0,0.0,0.0,,,,0.0,,1.0,1.0,,0.0,0.0,1.0,1.0,0.0,0.0,0.0,0.0,0.0,1.0,0.0,,0.0,0.0,,,0.0,1,,,0.0,,0.0,0.0,0,,,0.0,0.0,0.0,,,0.0,0.0,0.0,,0.0,0.0,,,0,,0.0,1.0,0.0,,,,0.0,0.0,,,0.0,,0.0,0.0,1.0,,,2
1440002620,0.999229,0.002497,-0.000814,0.003259,0.997235,0.999111,1.001013,2.529526,6.684609,5.043507,0.000109,0.00054,0.000509,0.00251,0.429681,1.350245,0.101619,-0.023508,0.016507,-0.998812,0.002287,0.002136,0.002497,-0.037304,0.038506,0.057869,0.003594,0.001536,0.00121,0.002017,0.002491,0.003438,0.004588,2.704953,6.591762,4.97025,1.244271,2.455499,2.413525,4.232741,1.2265,2.622941,0.089203,-5.5e-05,-0.000215,-0.000306,0.002271,0.00232,0.002143,0.086255,0.023276,0.019916,296.210059,0.748964,0.380365,0.983844,295.696088,296.189371,296.715613,2.55488,6.684609,5.043452,6.7e-05,0.000429,0.000287,0.002679,0.429662,0.467246,0.076729,-239.660416,-60.276395,-163.305436,0.816897,0.797211,0.795707,-0.047864,-0.14507,-0.002039,0.999985,0.999984,0.999984,0.999984,0.999984,1002.463911,10.933719,-3.04301,15.860921,1000.159987,1000.415914,1008.412614,2.193068,6.214549,5.044958,0.004032,0.010314,0.010673,0.035987,0.430994,2.218782,0.088289,11.04,22.72,-1002.112,5.766663,5.848213,10.929019,-0.017459,-0.05248,-0.038291,4.877529,2.262854,3.796028,3.206976,3.996592,5.075453,2.003713,2.547006,2.15804,2.526849,5.044933,0.004103,0.010116,0.010682,0.036055,0.999936,0.999933,0.999932,0.999931,0.999936,,,,,,,,,,9.0,0.030132,0.028625,106.947983,108.300373,,,50.0,4.0,3.993022,1.384548,8e-06,1e-05,-5e-06,2e-06,1.1e-05,2e-05,-1.505825,0.464461,-1.381685,-0.559463,-2.222163,-1.18829,-1.737476,-0.648351,-0.778232,-0.517191,-0.61248,-0.488929,-0.714342,0.825619,0.428707,0.421419,0.262396,0.24481,0.272776,0.228972,0.225212,0.255911,0.21826,0.234303,0.193534,0.210984,-4.320239,4.320992,0.0,0.0,1.0,0.0,0.0,0.0,0.0,1.0,0.0,1.0,0.0,0.0,0.0,0.0,0.0,1.0,0.0,0.0,0.0,0.0,0.0,1.0,0.0,1.0,0.0,0.0,,,,0.0,,1.0,1.0,,0.0,0.0,1.0,1.0,0.0,0.0,0.0,0.0,0.0,1.0,0.0,,0.0,0.0,,,0.0,1,,,0.0,,0.0,0.0,0,,,0.0,0.0,0.0,,,0.0,0.0,0.0,,0.0,0.0,,,0,,0.0,1.0,0.0,,,,0.0,0.0,,,0.0,,0.0,0.0,1.0,,,2
1440002680,1.001785,0.00459,-0.007472,0.013114,1.00002,1.001961,1.003962,1.200349,6.684601,5.045401,0.000194,0.00066,0.000911,0.00574,0.430253,0.063197,0.25425,-0.02349,0.016256,-1.001372,0.002389,0.00227,0.004587,0.013715,0.023749,-0.066161,0.004069,0.00187,0.002036,0.003216,0.002764,0.003891,0.005068,2.021338,6.583726,4.87417,1.393538,2.561472,2.248245,4.30338,1.240653,0.973462,0.129122,9.4e-05,0.000827,0.000663,0.002624,0.002684,0.002198,-0.049915,0.032957,0.052386,297.281006,0.767025,-0.322338,0.991829,296.750717,297.280781,297.809962,2.59885,6.684608,5.043649,6.3e-05,0.000376,0.000425,0.003005,0.429721,1.555951,0.090935,-239.115572,-60.225617,-166.044901,0.856263,0.807469,0.953257,0.015952,-0.263121,-0.039323,0.999984,0.999982,0.999981,0.99998,0.999974,1012.145717,124.90851,284.545833,440.63762,992.395082,1000.319949,1008.412614,0.33839,6.209146,5.033055,0.036953,0.08151,0.028215,0.088882,0.430683,2.221974,0.010638,2.4,28.464,-1003.104,139.165513,102.375821,56.210721,-0.586578,0.433243,-0.677361,4.88869,4.18537,5.29826,3.880469,5.832222,4.754737,2.596999,4.345117,3.789594,4.129732,5.041139,0.007512,0.023295,0.019895,0.067879,0.991304,0.993382,0.994742,0.992729,0.976564,,,,,,,,,,5.0,0.00854,0.051618,106.987167,108.300247,,,65.0,10.0,4.961837,1.601776,3e-06,1.6e-05,-2e-06,-2.6e-05,7.1e-05,0.000361,-6.837283,0.33134,-1.450369,-0.62311,-2.277015,-1.069983,-1.531516,-0.699328,-0.902603,-0.468009,-0.553433,-0.58466,-0.723534,1.936709,0.762477,0.716831,0.399043,0.287627,0.31116,0.232788,0.196933,0.246647,0.193035,0.199784,0.223443,0.211868,-3.271894,3.272158,0.0,0.0,1.0,0.0,0.0,0.0,0.0,1.0,0.0,1.0,0.0,0.0,0.0,0.0,0.0,1.0,0.0,0.0,0.0,0.0,0.0,1.0,0.0,1.0,0.0,0.0,,,,0.0,,1.0,1.0,,0.0,0.0,1.0,1.0,0.0,0.0,0.0,0.0,0.0,1.0,0.0,,0.0,0.0,,,0.0,1,,,0.0,,0.0,0.0,0,,,0.0,0.0,0.0,,,0.0,0.0,0.0,,0.0,0.0,,,0,,0.0,1.0,0.0,,,,0.0,0.0,,,0.0,,0.0,0.0,1.0,,,2
1440002740,1.002767,0.028087,0.034495,0.079336,0.999671,1.001658,1.003751,0.700426,6.684223,5.044934,0.017817,0.140164,0.158355,0.418797,0.44185,5.454465,0.115906,-0.018176,0.012958,-1.002355,0.009018,0.016042,0.027901,0.017918,0.393867,-0.046689,0.038997,0.187902,0.341447,0.473937,0.002597,0.003658,0.004892,0.29969,4.007738,6.310135,5.476044,4.874477,2.158002,1.519864,3.505264,0.0,0.0,-0.000497,0.000885,-0.034628,0.005829,0.011449,0.188315,-0.852205,0.306374,-0.355423,306.916757,9.416852,-3.834078,9.524088,297.170621,314.313664,316.086654,1.862303,6.684141,5.051023,0.0062,0.001133,0.0003,0.002316,0.433463,0.0,0.0,-251.035362,-57.452477,-166.807266,11.580318,2.651442,1.111411,-0.941092,0.673853,-0.639181,0.999981,0.999957,0.999805,0.999339,0.998843,993.368507,7.024553,-6.215117,11.219691,988.574732,994.786408,998.046091,2.060373,6.214583,5.04525,0.003198,0.010399,0.004955,0.011868,0.430594,6.50632,0.097415,-972.32,15.6,-202.32,6.63759,6.842222,12.511499,-0.023956,0.010327,0.016074,5.044853,0.00344,0.009595,0.004786,0.010838,5.021326,1.947903,3.372241,3.053351,3.402732,5.05303,0.140831,0.244867,0.315705,0.780904,0.999803,0.999796,0.999803,0.999802,0.999785,,,,,,,,,,4.0,0.017542,0.007782,106.987167,107.170326,,,65.0,10.0,2.057871,0.721672,7e-06,3e-06,-1.8e-05,6e-06,7e-06,7e-06,-24.630319,0.140586,-1.086991,-0.411412,-2.295722,-1.362581,-1.608191,-0.513055,-0.758477,-0.469221,-0.502863,-0.478103,-0.763384,4.703868,1.08445,0.775711,0.307007,0.261861,0.258648,0.236017,0.221015,0.261648,0.258894,0.22848,0.178371,0.206067,-0.004959,0.00498,1.0,0.0,0.0,0.0,0.0,0.0,0.0,1.0,0.0,1.0,0.0,0.0,0.0,0.0,0.0,1.0,0.0,0.0,0.0,0.0,0.0,1.0,0.0,1.0,0.0,0.0,,,,0.0,,1.0,0.988385,,0.0,0.0,1.0,1.0,0.0,0.0,0.0,0.0,0.0,1.0,0.0,,0.0,0.0,,,0.0,1,,,0.0,,0.0,0.0,0,,,0.0,0.0,0.0,,,0.0,0.0,0.0,,0.0,0.0,,,0,,0.0,1.0,0.0,,,,0.0,0.0,,,0.0,,0.0,0.0,1.0,,,2
1440002800,1.000919,0.008828,0.00788,0.014648,0.9968,1.000705,1.003835,2.009127,6.684573,5.042874,0.000911,0.004732,0.004084,0.018177,0.429926,1.282808,0.127279,-0.01325,0.011508,-1.000756,0.003156,0.002907,0.008826,0.123716,-0.185171,-0.276401,0.003754,0.001576,0.001279,0.002137,0.002582,0.003633,0.004779,2.488884,6.595387,4.898365,1.048269,2.67247,2.551478,4.132295,1.173122,0.811239,0.093349,3e-05,-0.000195,-0.00014,0.00246,0.002331,0.002243,0.069762,-0.037576,-0.010396,315.952093,0.74553,0.225112,0.999604,315.457169,315.963815,316.436633,2.367154,6.684609,5.043465,0.000127,0.000272,0.000359,0.002396,0.429658,3.605736,0.091149,-262.270034,-55.050126,-167.357122,0.768343,0.759908,0.787359,0.050863,-0.084634,-0.054611,0.999988,0.999988,0.999988,0.999988,0.999988,994.326978,6.951594,-5.121648,9.992768,989.108686,996.313204,998.046091,2.119746,6.214584,5.046264,0.002615,0.005428,0.002789,0.010493,0.430727,3.545542,0.136645,-973.152,15.664,-203.056,6.961673,6.520054,11.89844,0.023902,-0.120538,0.008213,5.045734,0.002492,0.006815,0.002743,0.009168,5.093327,2.16996,3.267445,2.561207,3.254094,5.056075,0.119976,0.34061,0.302285,0.758578,0.999818,0.999811,0.999813,0.999811,0.999818,,,,,,,,,,10.0,0.018425,0.029571,106.895172,108.300312,,,50.0,4.0,2.877978,1.057088,7e-06,8e-06,1.6e-05,-1.2e-05,1.4e-05,2e-05,-9.011523,-2.121382,-2.334889,-0.230969,-1.670965,-1.106636,-1.643836,-0.741314,-0.882574,-0.279972,-0.536155,-0.600845,-0.476875,5.655941,2.311221,1.185157,0.496712,0.500793,0.401084,0.372565,0.426703,0.375249,0.290007,0.289979,0.393923,0.318102,-1.830745,1.830809,1.0,0.0,0.0,0.0,0.0,0.0,0.0,1.0,0.0,1.0,0.0,0.0,0.0,0.0,0.0,1.0,0.0,0.0,0.0,0.0,0.0,1.0,0.0,1.0,0.0,0.0,,,,0.0,,0.99,0.988636,,0.0,0.0,1.0,1.0,0.0,0.0,0.0,0.0,0.0,1.0,0.0,,0.0,0.0,,,0.0,1,,,0.0,,0.0,0.0,0,,,0.0,0.0,0.0,,,0.0,0.0,0.0,,0.0,0.0,,,0,,0.0,1.0,0.0,,,,0.0,0.0,,,0.0,,0.0,0.0,1.0,,,2
1440002860,1.000239,0.008075,0.00522,0.015196,0.997763,0.999915,1.00277,1.628567,6.684579,5.04356,0.003432,0.010707,0.006305,0.026418,0.430449,10.701814,0.115644,-0.013426,0.012243,-1.000065,0.002944,0.00298,0.008073,0.121178,-0.249244,-0.302396,0.003765,0.001718,0.001841,0.002826,0.002503,0.003556,0.004778,2.132331,6.5854,5.023639,1.650835,2.754298,2.335863,4.218181,1.296439,4.380659,0.084622,-2.5e-05,0.000211,8.5e-05,0.002734,0.002298,0.002078,0.023914,-0.056349,0.010177,315.866055,0.765497,-0.299486,0.990286,315.338176,315.864328,316.439353,2.598329,6.684609,5.043551,6.9e-05,0.000431,0.000311,0.002708,0.429688,3.217483,0.08271,-262.20846,-54.981413,-167.313284,0.797098,0.767734,0.871165,0.090876,-0.132508,-0.145031,0.999987,0.999986,0.999986,0.999986,0.999987,1006.868207,185.757084,88.580469,245.383459,949.104841,996.024096,1099.381644,2.08891,3.201669,0.0,0.0,5.387803,2.306045,0.6104,0.640686,0.384,0.000746,-804.16,-159.36,-418.24,250.399949,281.74469,243.342274,-0.944148,-0.131487,0.207366,0.0,0.0,5.468432,1.778022,0.784289,0.0,0.0,6.678902,3.667756,2.205867,0.0,0.0,5.701226,3.720803,3.491123,0.869068,0.626466,0.0,0.0,0.0,,,,,,,,,,8.0,0.020093,0.054149,107.298462,108.300308,,,65.0,10.0,5.479917,1.70109,6e-06,2.2e-05,-1e-06,4e-05,2e-05,6e-05,-16.565789,-1.145681,-2.226957,-0.278833,-1.957809,-1.101824,-1.679064,-0.698351,-0.750106,-0.361475,-0.533831,-0.603846,-0.573913,4.941422,2.044645,1.338937,0.540058,0.489142,0.461714,0.357684,0.338055,0.332418,0.317985,0.269349,0.303285,0.293596,-0.83063,0.830657,1.0,0.0,0.0,0.0,0.0,0.0,0.0,1.0,0.0,1.0,0.0,0.0,0.0,0.0,0.0,1.0,0.0,0.0,0.0,0.0,0.0,1.0,0.0,1.0,0.0,0.0,,,,0.0,,0.99,0.988636,,0.0,0.0,1.0,1.0,0.0,0.0,0.0,0.0,0.0,1.0,0.0,,0.0,0.0,,,0.0,1,,,0.0,,0.0,0.0,0,,,0.0,0.0,0.0,,,0.0,0.0,0.0,,0.0,0.0,,,0,,0.0,1.0,0.0,,,,0.0,0.0,,,0.0,,0.0,0.0,1.0,,,2
1440002920,1.000347,0.013214,0.011788,0.023504,0.994781,0.999828,1.005923,1.855712,6.684525,5.044881,0.005123,0.021479,0.01142,0.056438,0.431537,2.887819,0.106841,-0.013562,0.012565,-1.000162,0.004027,0.003453,0.013209,0.026435,-0.182225,-0.349986,0.003878,0.001709,0.001633,0.00249,0.002654,0.003681,0.004782,2.401838,6.589603,4.991568,1.439328,2.35859,2.423204,4.177349,1.193604,0.189285,0.112243,1.1e-05,-0.000421,-2.7e-05,0.002708,0.002458,0.002099,0.067327,-0.014725,0.036991,315.316019,0.78583,-0.187678,1.01461,314.779585,315.326711,315.85475,2.584858,6.684609,5.043519,8.9e-05,0.000473,0.000287,0.002613,0.42968,0.986521,0.10888,-262.944312,-55.398011,-164.967318,0.805197,0.741963,0.862515,0.081065,-0.099944,-0.062595,0.999987,0.999987,0.999987,0.999986,0.999987,,,,,,,,,,,,,,,,,,,,,,,,,,,,,,,,,,,,,,,,,,,,,,,,,,,,,,,,7.0,0.009803,0.056211,106.889236,107.298462,,,65.0,10.0,5.409826,1.688217,4e-06,2.6e-05,-3e-06,-5.8e-05,3e-06,2.4e-05,-6.574529,-3.579211,-2.921277,0.015776,-1.551227,-1.034445,-1.522304,-0.894491,-0.945885,-0.305081,-0.642434,-0.677272,-0.391925,4.325545,1.665252,0.975713,0.519216,0.464815,0.372856,0.374492,0.388552,0.35224,0.345125,0.32493,0.382216,0.298871,-1.636539,1.636593,1.0,0.0,0.0,0.0,0.0,0.0,0.0,1.0,0.0,1.0,0.0,0.0,0.0,0.0,0.0,1.0,0.0,0.0,0.0,0.0,0.0,1.0,0.0,1.0,0.0,0.0,,,,0.0,,0.98,0.988636,,0.0,0.0,1.0,1.0,0.0,0.0,0.0,0.0,0.0,1.0,0.0,,0.0,0.0,,,0.0,1,,,0.0,,0.0,0.0,0,,,0.0,0.0,0.0,,,0.0,0.0,0.0,,0.0,0.0,,,0,,0.0,1.0,0.0,,,,0.0,0.0,,,0.0,,0.0,0.0,1.0,,,2
1440002980,0.998364,0.006604,0.003235,0.011871,0.995928,0.998733,1.000793,1.814817,6.68459,5.043912,0.000519,0.002315,0.002224,0.008602,0.429962,3.26727,0.115029,-0.013448,0.013553,-0.998173,0.002954,0.002587,0.0066,0.012769,-0.159853,-0.310102,0.003822,0.001734,0.001888,0.002999,0.002585,0.003577,0.004784,1.997344,6.586126,4.970258,2.014311,2.636497,2.414885,4.38274,1.356818,2.947315,0.092149,-0.00016,0.000409,8.3e-05,0.002592,0.002551,0.002047,0.150879,0.063141,-0.026313,315.428101,0.748217,0.439486,0.975661,314.865826,315.388681,315.908036,2.514877,6.684609,5.043205,5.6e-05,0.00039,0.000278,0.00238,0.42959,2.647572,0.080537,-263.054235,-55.48898,-164.975877,0.751842,0.754889,0.845131,-0.033093,-0.070997,-0.012519,0.999988,0.999988,0.999987,0.999987,0.999986,,,,,,,,,,,,,,,,,,,,,,,,,,,,,,,,,,,,,,,,,,,,,,,,,,,,,,,,19.0,0.034683,0.009706,106.866982,109.450092,,,10.0,3.0,4.028559,1.393409,1.2e-05,4e-06,-3.5e-05,-1e-05,9e-06,3e-06,-11.075894,-1.663107,-2.154942,-0.312462,-1.83772,-1.13581,-1.628368,-0.673226,-0.782392,-0.365936,-0.570024,-0.560321,-0.555135,5.596733,2.250442,1.16106,0.461806,0.487504,0.318347,0.346765,0.342856,0.303815,0.292559,0.28475,0.303835,0.312467,-1.707602,1.707659,0.0,0.0,1.0,0.0,0.0,0.0,0.0,1.0,0.0,1.0,0.0,0.0,0.0,0.0,0.0,1.0,0.0,0.0,0.0,0.0,0.0,1.0,0.0,1.0,0.0,0.0,,,,0.0,,0.98,0.988636,,0.0,0.0,1.0,1.0,0.0,0.0,0.0,0.0,0.0,1.0,0.0,,0.0,0.0,,,0.0,1,,,0.0,,0.0,0.0,0,,,0.0,0.0,0.0,,,0.0,0.0,0.0,,0.0,0.0,,,0,,0.0,1.0,0.0,,,,0.0,0.0,,,0.0,,0.0,0.0,1.0,,,2
1440003040,0.998202,0.002557,-0.001222,0.003354,0.996795,0.997978,0.99988,2.482633,6.684608,5.043861,0.000116,0.000376,0.0005,0.002228,0.429767,6.463641,0.083042,-0.013353,0.014062,-0.998009,0.002283,0.002087,0.002557,0.024584,-0.009498,-0.007393,0.003469,0.001438,0.001194,0.001956,0.002423,0.00333,0.00437,2.529045,6.598136,4.95312,1.544753,2.375965,2.284331,4.185953,1.190865,2.136076,0.086201,-0.000111,0.000131,-6e-05,0.00225,0.002239,0.001997,0.03259,-0.011667,0.036935,315.542635,0.726414,0.207435,0.953609,315.029298,315.555963,316.029614,2.635387,6.684609,5.043341,2.7e-05,0.000429,0.000322,0.002145,0.429623,4.647321,0.076226,-263.238089,-55.556829,-164.878598,0.806736,0.734843,0.82835,0.039542,-0.212571,-0.109605,0.999987,0.999987,0.999987,0.999986,0.999986,,,,,,,,,,,,,,,,,,,,,,,,,,,,,,,,,,,,,,,,,,,,,,,,,,,,,,,,9.0,0.034143,0.046394,106.896156,108.332718,,,50.0,4.0,5.611501,1.724818,1.5e-05,1.5e-05,3.5e-05,2.6e-05,2.1e-05,3.4e-05,-5.661742,0.494422,-1.104532,-0.419379,-2.155607,-1.312501,-1.71421,-0.489959,-0.653903,-0.413803,-0.506934,-0.444111,-0.733603,0.875682,0.328315,0.475412,0.248986,0.210624,0.194048,0.192387,0.17496,0.194998,0.17422,0.171267,0.167386,0.175896,-3.640167,3.640548,0.0,0.0,1.0,0.0,0.0,0.0,0.0,1.0,0.0,1.0,0.0,0.0,0.0,0.0,0.0,1.0,0.0,0.0,0.0,0.0,0.0,1.0,0.0,1.0,0.0,0.0,,,,0.0,,0.98,0.988636,,0.0,0.0,1.0,1.0,0.0,0.0,0.0,0.0,0.0,1.0,0.0,,0.0,0.0,,,0.0,1,,,0.0,,0.0,0.0,0,,,0.0,0.0,0.0,,,0.0,0.0,0.0,,0.0,0.0,,,0,,0.0,1.0,0.0,,,,0.0,0.0,,,0.0,,0.0,0.0,1.0,,,2
1440003100,0.997015,0.019623,-0.039585,0.066657,0.995902,0.997928,0.999941,0.371825,6.684406,5.039864,0.030415,0.087762,0.038361,0.093577,0.432767,7.243883,0.187474,-0.01357,0.015143,-0.996791,0.004155,0.003738,0.019702,0.091026,-0.105676,0.102214,0.003947,0.002466,0.004373,0.007014,0.002534,0.003574,0.004776,1.348362,6.544997,4.974951,2.573187,3.430353,3.025708,4.578475,1.766605,7.030016,0.218877,-0.000114,-7.1e-05,8.7e-05,0.003206,0.002707,0.002007,-0.04023,-0.015305,0.030235,315.653386,0.722935,0.353395,0.938447,315.155079,315.653448,316.129295,2.599865,6.684609,5.043314,8.6e-05,0.000451,0.000369,0.002141,0.429617,2.879688,0.089022,-263.363839,-55.552075,-164.891541,0.756173,0.739894,0.835559,-0.002107,-0.140091,-0.04741,0.999988,0.999987,0.999987,0.999987,0.999987,,,,,,,,,,,,,,,,,,,,,,,,,,,,,,,,,,,,,,,,,,,,,,,,,,,,,,,,6.0,0.033033,0.042093,106.651367,108.30043,,,65.0,10.0,5.482918,1.701637,1e-05,1.5e-05,-5e-06,-2.2e-05,2.1e-05,2.6e-05,-19.849443,-0.209068,-1.672928,-0.332699,-2.099814,-1.201038,-1.646845,-0.662256,-0.768218,-0.459395,-0.506469,-0.478189,-0.735465,4.157407,1.259402,1.077734,0.569936,0.437232,0.37306,0.346568,0.314233,0.334347,0.252095,0.270783,0.253662,0.245744,-0.518141,0.518164,0.0,0.0,1.0,0.0,0.0,0.0,0.0,1.0,0.0,1.0,0.0,0.0,0.0,0.0,0.0,1.0,0.0,0.0,0.0,0.0,0.0,1.0,0.0,1.0,0.0,0.0,,,,0.0,,0.98,0.988636,,0.0,0.0,1.0,1.0,0.0,0.0,0.0,0.0,0.0,1.0,0.0,,0.0,0.0,,,0.0,1,,,0.0,,0.0,0.0,0,,,0.0,0.0,0.0,,,0.0,0.0,0.0,,0.0,0.0,,,0,,0.0,1.0,0.0,,,,0.0,0.0,,,0.0,,0.0,0.0,1.0,,,2
1440003160,0.99796,0.002406,-0.001103,0.003133,0.995989,0.997915,0.999812,2.488133,6.684609,5.043479,6.3e-05,0.00045,0.000392,0.002112,0.42966,6.715407,0.092819,-0.013942,0.014461,-0.997753,0.002288,0.001998,0.002407,0.060284,-0.059916,-0.005649,0.003565,0.001487,0.001261,0.002046,0.002472,0.0034,0.004499,2.522089,6.597187,4.908351,1.055619,2.498639,2.271348,4.216674,1.180774,3.190513,0.142438,7.4e-05,0.000107,3.6e-05,0.002264,0.002345,0.002067,-0.032138,0.054208,0.044312,315.753018,0.712413,0.33289,0.93034,315.251284,315.707076,316.258761,2.403078,6.684609,5.043654,8e-05,0.00033,0.000293,0.002254,0.429706,1.764725,0.115829,-263.425846,-55.589672,-164.970449,0.753704,0.765239,0.827927,0.035216,-0.169468,-0.058568,0.999987,0.999987,0.999987,0.999987,0.999986,,,,,,,,,,,,,,,,,,,,,,,,,,,,,,,,,,,,,,,,,,,,,,,,,,,,,,,,5.0,0.012349,0.015782,106.754547,108.300247,,,65.0,10.0,2.028649,0.70737,4e-06,5e-06,-2e-06,5e-06,1e-05,1.8e-05,-0.927457,0.633246,-1.25189,-0.676889,-2.228218,-1.166473,-1.577351,-0.596252,-0.779276,-0.383544,-0.491296,-0.448866,-0.766391,0.827158,0.353722,0.300023,0.208477,0.175068,0.196546,0.183612,0.18531,0.179539,0.177344,0.171715,0.171031,0.168993,-4.441579,4.442428,0.0,0.0,1.0,0.0,0.0,0.0,0.0,1.0,0.0,1.0,0.0,0.0,0.0,0.0,0.0,1.0,0.0,0.0,0.0,0.0,0.0,1.0,0.0,1.0,0.0,0.0,,,,0.0,,0.98,0.988636,,0.0,0.0,1.0,1.0,0.0,0.0,0.0,0.0,0.0,1.0,0.0,,0.0,0.0,,,0.0,1,,,0.0,,0.0,0.0,0,,,0.0,0.0,0.0,,,0.0,0.0,0.0,,0.0,0.0,,,0,,0.0,1.0,0.0,,,,0.0,0.0,,,0.0,,0.0,0.0,1.0,,,2
1440003220,0.997022,0.011979,-0.02967,0.04832,0.995922,0.997909,0.999852,0.239398,6.684535,5.040348,0.022678,0.069856,0.036929,0.046351,0.431674,2.319357,0.03975,-0.01374,0.015522,-0.9968,0.002522,0.002529,0.011988,0.042782,0.164094,0.098045,0.003736,0.002449,0.00486,0.007927,0.002501,0.003443,0.004627,1.186757,6.546652,5.052073,3.1809,4.461231,4.096473,4.5767,2.505411,2.13599,0.08882,-5.2e-05,-8e-05,0.0,0.003119,0.002445,0.002059,-0.067775,0.023236,0.013977,315.770659,0.772874,-0.34193,0.996696,315.218737,315.794003,316.312082,2.510926,6.684609,5.043252,9.7e-05,0.000371,0.000348,0.002305,0.429602,5.2689,0.115471,-263.39701,-55.566984,-165.057917,0.805046,0.775888,0.815856,0.056052,-0.096872,-0.077813,0.999988,0.999987,0.999987,0.999987,0.999986,,,,,,,,,,,,,,,,,,,,,,,,,,,,,,,,,,,,,,,,,,,,,,,,,,,,,,,,14.0,0.022874,0.019204,106.829826,108.300678,,,50.0,4.0,3.004848,1.100227,7e-06,7e-06,-1.5e-05,-2e-05,1.3e-05,1.2e-05,-9.621416,0.243202,-1.493337,-0.529064,-2.190898,-1.196035,-1.612087,-0.590206,-0.718924,-0.375363,-0.549841,-0.495594,-0.723071,2.509415,0.934355,0.865741,0.392373,0.324301,0.319464,0.23749,0.233677,0.275917,0.218176,0.253086,0.222378,0.249694,-2.671644,2.671789,0.0,0.0,1.0,0.0,0.0,0.0,0.0,1.0,0.0,1.0,0.0,0.0,0.0,0.0,0.0,1.0,0.0,0.0,0.0,0.0,0.0,1.0,0.0,1.0,0.0,0.0,,,,0.0,,0.98,0.988636,,0.0,0.0,1.0,1.0,0.0,0.0,0.0,0.0,0.0,1.0,0.0,,0.0,0.0,,,0.0,1,,,0.0,,0.0,0.0,0,,,0.0,0.0,0.0,,,0.0,0.0,0.0,,0.0,0.0,,,0,,0.0,1.0,0.0,,,,0.0,0.0,,,0.0,,0.0,0.0,1.0,,,2
1440003280,1.000645,0.002684,-0.001551,0.003603,0.998863,1.000814,1.002729,2.41341,6.684608,5.044637,4.8e-05,0.000373,0.000311,0.002349,0.42997,4.013883,0.050608,-0.014034,0.014172,-1.000441,0.002279,0.002158,0.002684,-0.010228,0.010836,0.022355,0.003725,0.001614,0.001323,0.002158,0.002485,0.003604,0.004724,2.672032,6.589864,4.922042,1.097631,2.691867,2.355198,4.228362,1.223024,3.406828,0.10748,-0.000176,0.000566,0.000478,0.002374,0.002495,0.00201,0.065166,0.003343,-0.012592,316.504529,0.80104,-0.431582,1.056169,315.969779,316.518438,317.073798,2.593628,6.684609,5.044304,5e-05,0.000264,0.000273,0.002287,0.429876,3.140076,0.122403,-262.928701,-55.362142,-167.260678,0.81016,0.782416,1.37355,0.149674,-0.356254,-0.175855,0.999987,0.999985,0.99998,0.999973,0.999969,,,,,,,,,,,,,,,,,,,,,,,,,,,,,,,,,,,,,,,,,,,,,,,,,,,,,,,,7.0,0.053358,0.01981,106.982025,108.379902,,,10.0,4.0,6.132892,1.813666,1.6e-05,7e-06,-8e-06,-1e-06,6.7e-05,1.5e-05,-0.082291,0.628267,-1.024474,-0.460872,-2.256315,-1.37486,-1.661296,-0.509989,-0.656774,-0.333195,-0.51887,-0.495621,-0.836705,0.738898,0.268259,0.311617,0.228332,0.194565,0.194942,0.187655,0.177279,0.164574,0.165088,0.155162,0.172782,0.166291,-4.67102,4.672089,0.0,0.0,1.0,0.0,0.0,0.0,0.0,1.0,0.0,1.0,0.0,0.0,0.0,0.0,0.0,1.0,0.0,0.0,0.0,0.0,0.0,1.0,0.0,1.0,0.0,0.0,,,,0.0,,0.98,0.988636,,0.0,0.0,1.0,1.0,0.0,0.0,0.0,0.0,0.0,1.0,0.0,,0.0,0.0,,,0.0,1,,,0.0,,0.0,0.0,0,,,0.0,0.0,0.0,,,0.0,0.0,0.0,,0.0,0.0,,,0,,0.0,1.0,0.0,,,,0.0,0.0,,,0.0,,0.0,0.0,1.0,,,2
1440003340,0.997722,0.002539,-0.000939,0.003308,0.995957,0.997891,0.999032,2.503849,6.684608,5.043577,0.00013,0.000479,0.00047,0.002601,0.4297,10.908669,0.074176,-0.013868,0.015413,-0.997503,0.002155,0.001998,0.002538,-0.03282,-0.011715,-0.043236,0.003481,0.001538,0.001242,0.00202,0.002359,0.003302,0.004494,2.69119,6.586016,4.91584,1.943394,2.251806,2.615972,4.271949,1.264814,0.405568,0.092038,-6.9e-05,-0.000146,-0.000226,0.002228,0.002319,0.002016,0.049114,-0.023885,-0.031936,315.839431,0.730935,0.275004,0.963654,315.303004,315.787685,316.372475,2.380853,6.684609,5.043453,1.1e-05,0.00028,0.000377,0.002492,0.429656,3.89447,0.114709,-263.517556,-55.614521,-164.981095,0.756985,0.778029,0.814417,0.068458,-0.101093,-0.188046,0.999987,0.999987,0.999987,0.999987,0.999986,,,,,,,,,,,,,,,,,,,,,,,,,,,,,,,,,,,,,,,,,,,,,,,,,,,,,,,,12.0,0.028376,0.013439,106.734497,109.322529,,,10.0,4.0,3.390054,1.220846,1.1e-05,6e-06,2.9e-05,1.1e-05,2.6e-05,8e-06,-6.095758,0.739395,-1.123189,-0.562636,-2.249632,-1.318506,-1.689493,-0.535577,-0.721595,-0.413313,-0.58165,-0.50971,-0.773425,1.0111,0.36747,0.464316,0.242761,0.1934,0.226671,0.175006,0.179373,0.20656,0.191558,0.179429,0.186371,0.1785,-3.502122,3.502454,0.0,0.0,1.0,0.0,0.0,0.0,0.0,1.0,0.0,1.0,0.0,0.0,0.0,0.0,0.0,1.0,0.0,0.0,0.0,0.0,0.0,1.0,0.0,1.0,0.0,0.0,,,,0.0,,0.97,0.98592,,0.0,0.0,1.0,1.0,0.0,0.0,0.0,0.0,0.0,1.0,0.0,,0.0,0.0,,,0.0,1,,,0.0,,0.0,0.0,0,,,0.0,0.0,0.0,,,0.0,0.0,0.0,,0.0,0.0,,,0,,0.0,1.0,0.0,,,,0.0,0.0,,,0.0,,0.0,0.0,1.0,,,2
1440003400,1.002123,0.019744,-0.042969,0.08257,0.999808,1.001829,1.003822,0.136587,6.684399,5.043322,0.000341,0.001415,0.001831,0.012603,0.429848,0.220621,0.133583,-0.014284,0.013947,-1.001911,0.002998,0.004232,0.019716,0.220483,0.150409,0.017319,0.003985,0.001826,0.002044,0.003171,0.002838,0.003716,0.00501,2.051434,6.585148,4.954872,0.950222,2.475766,2.540581,4.277708,1.248404,3.217545,0.084775,1.5e-05,0.000845,0.000593,0.002751,0.002478,0.002107,0.11813,-0.057639,-0.088986,316.596352,0.859412,-0.411523,1.120397,315.990628,316.649401,317.179229,2.584764,6.684608,5.044453,5.9e-05,0.000359,0.000313,0.00284,0.429928,2.592023,0.139762,-263.022363,-55.380293,-167.279048,0.886503,0.816023,1.586422,0.201985,-0.42058,-0.197693,0.999986,0.999983,0.999976,0.999968,0.999951,,,,,,,,,,,,,,,,,,,,,,,,,,,,,,,,,,,,,,,,,,,,,,,,,,,,,,,,6.0,0.041273,0.030508,106.957787,108.347183,,,65.0,10.0,5.017175,1.612867,1.4e-05,1.1e-05,-1.5e-05,-1.4e-05,7.9e-05,1.7e-05,-10.81332,0.166494,-1.319955,-0.438197,-2.199754,-1.236715,-1.593234,-0.588015,-0.715533,-0.322782,-0.554781,-0.508557,-0.7383,2.366891,1.086635,0.733188,0.381816,0.275296,0.296545,0.259309,0.291259,0.273585,0.250888,0.225227,0.238238,0.206638,-2.497204,2.497326,0.0,0.0,1.0,0.0,0.0,0.0,0.0,1.0,0.0,1.0,0.0,0.0,0.0,0.0,0.0,1.0,0.0,0.0,0.0,0.0,0.0,1.0,0.0,1.0,0.0,0.0,,,,0.0,,0.97,0.98592,,0.0,0.0,1.0,1.0,0.0,0.0,0.0,0.0,0.0,1.0,0.0,,0.0,0.0,,,0.0,1,,,0.0,,0.0,0.0,0,,,0.0,0.0,0.0,,,0.0,0.0,0.0,,0.0,0.0,,,0,,0.0,1.0,0.0,,,,0.0,0.0,,,0.0,,0.0,0.0,1.0,,,2
1440003460,1.000436,0.010106,-0.014451,0.025976,0.99688,1.000695,1.003819,1.296744,6.68456,5.042725,0.000807,0.005278,0.004412,0.034959,0.430177,5.491046,0.079156,-0.013071,0.012482,-1.000261,0.003442,0.003117,0.010106,-0.02173,-0.088127,-0.1719,0.004364,0.002307,0.004097,0.006972,0.00305,0.004069,0.005438,1.353465,6.575416,4.878555,1.9542,2.770231,2.680476,4.286737,1.343487,10.626733,0.127377,-0.00016,-0.000313,0.000828,0.003476,0.002591,0.002182,0.010603,-0.066683,0.082641,317.015783,0.739242,-0.263015,0.97679,316.529197,317.04651,317.485795,2.605625,6.684609,5.043338,0.000111,0.000425,0.000345,0.002203,0.429625,4.408759,0.082385,-263.279717,-55.319143,-167.69384,0.787609,0.766105,0.839734,0.069681,-0.168032,-0.093693,0.999988,0.999987,0.999987,0.999986,0.999985,,,,,,,,,,,,,,,,,,,,,,,,,,,,,,,,,,,,,,,,,,,,,,,,,,,,,,,,6.0,0.015051,0.046287,106.957787,107.372421,,,65.0,10.0,4.466386,1.496579,6e-06,1.9e-05,-9e-06,2.6e-05,4e-06,2.8e-05,-13.523535,-1.754102,-2.031182,-0.311965,-1.95603,-1.066505,-1.293392,-0.801406,-0.858543,-0.255414,-0.607686,-0.481536,-0.604812,5.770131,2.190086,1.151882,0.48654,0.435972,0.385256,0.431161,0.415217,0.340179,0.300489,0.266615,0.357177,0.300427,-1.149061,1.149096,1.0,0.0,0.0,0.0,0.0,0.0,0.0,1.0,0.0,1.0,0.0,0.0,0.0,0.0,0.0,1.0,0.0,0.0,0.0,0.0,0.0,1.0,0.0,1.0,0.0,0.0,,,,0.0,,0.97,0.985366,,0.0,0.0,1.0,1.0,0.0,0.0,0.0,0.0,0.0,1.0,0.0,,0.0,0.0,,,0.0,1,,,0.0,,0.0,0.0,0,,,0.0,0.0,0.0,,,0.0,0.0,0.0,,0.0,0.0,,,0,,0.0,1.0,0.0,,,,0.0,0.0,,,0.0,,0.0,0.0,1.0,,,2
1440003520,0.999536,0.005325,-0.012579,0.021466,0.997883,0.999812,1.001765,0.736834,6.684597,5.042738,0.001669,0.007232,0.007844,0.01361,0.429941,6.662025,0.075355,-0.01331,0.013339,-0.999353,0.002398,0.002375,0.005336,0.025515,-0.002586,0.191613,0.003629,0.002051,0.004356,0.007563,0.002563,0.003406,0.004556,1.078603,6.576197,4.885861,2.455211,3.610803,3.242784,5.059127,2.235153,5.867604,0.090133,-1e-05,2.3e-05,-7e-05,0.002871,0.002218,0.002052,-0.031099,0.034111,-0.041911,316.708304,0.760437,0.390862,0.991015,316.173989,316.669802,317.223492,2.639772,6.684609,5.043225,0.000115,0.000396,0.000275,0.002321,0.429595,2.672976,0.088756,-263.089574,-55.375107,-167.39261,0.822584,0.762359,0.810877,0.036534,-0.162577,-0.013969,0.999987,0.999987,0.999986,0.999987,0.999987,,,,,,,,,,,,,,,,,,,,,,,,,,,,,,,,,,,,,,,,,,,,,,,,,,,,,,,,7.0,0.053647,0.052672,107.279282,107.35051,,,65.0,10.0,7.468983,2.010759,1.9e-05,2.2e-05,-1.5e-05,1e-05,0.000159,8.7e-05,-12.607402,0.138465,-1.082783,-0.495356,-2.228672,-1.253867,-1.558214,-0.564195,-0.682076,-0.405562,-0.557178,-0.519821,-0.74019,1.369239,0.886633,0.584955,0.301499,0.260489,0.246197,0.238367,0.235478,0.20594,0.2131,0.191837,0.198607,0.176299,-2.236327,2.236422,1.0,0.0,0.0,0.0,0.0,0.0,0.0,1.0,0.0,1.0,0.0,0.0,0.0,0.0,0.0,1.0,0.0,0.0,0.0,0.0,0.0,1.0,0.0,1.0,0.0,0.0,,,,0.0,,0.97,0.985417,,0.0,0.0,1.0,1.0,0.0,0.0,0.0,0.0,0.0,1.0,0.0,,0.0,0.0,,,0.0,1,,,0.0,,0.0,0.0,0,,,0.0,0.0,0.0,,,0.0,0.0,0.0,,0.0,0.0,,,0,,0.0,1.0,0.0,,,,0.0,0.0,,,0.0,,0.0,0.0,1.0,,,2
1440003580,0.999729,0.0038,0.002258,0.005598,0.997738,0.999785,1.001791,2.232311,6.684605,5.043438,0.000167,0.000994,0.000669,0.005073,0.429719,6.217265,0.085326,-0.013489,0.013083,-0.999546,0.00248,0.00239,0.003796,0.007108,-0.021652,-0.186504,0.003661,0.001545,0.001292,0.00214,0.002585,0.00356,0.004618,2.512251,6.594701,4.919847,1.050203,2.339802,2.406653,4.425907,1.292593,1.595343,0.121614,-0.000133,8.5e-05,-0.000172,0.002522,0.002306,0.002014,0.119422,0.010786,0.004673,316.593787,0.756181,0.361123,0.985819,316.085693,316.561264,317.099367,2.571338,6.684609,5.043251,8.3e-05,0.000411,0.000267,0.002403,0.429602,5.787392,0.08372,-262.974233,-55.347881,-167.366307,0.783587,0.753924,0.836554,0.132267,-0.131937,-0.10046,0.999987,0.999987,0.999987,0.999987,0.999986,,,,,,,,,,,,,,,,,,,,,,,,,,,,,,,,,,,,,,,,,,,,,,,,,,,,,,,,7.0,0.036039,0.017463,107.195412,107.32959,,,65.0,10.0,4.361511,1.472818,1.3e-05,6e-06,3e-06,-1.1e-05,0.000201,2.9e-05,-9.420929,-0.569567,-2.276127,-0.041575,-2.001598,-1.127899,-1.70704,-0.818917,-0.5377,-0.357019,-0.87838,-0.561456,-0.692128,3.36002,1.303514,1.324927,0.646937,0.422117,0.325787,0.360789,0.339909,0.320052,0.274155,0.350417,0.254881,0.305896,-2.318962,2.319065,1.0,0.0,0.0,0.0,0.0,0.0,0.0,1.0,0.0,1.0,0.0,0.0,0.0,0.0,0.0,1.0,0.0,0.0,0.0,0.0,0.0,1.0,0.0,1.0,0.0,0.0,,,,0.0,,0.96,0.985417,,0.0,0.0,1.0,1.0,0.0,0.0,0.0,0.0,0.0,1.0,0.0,,0.0,0.0,,,0.0,1,,,0.0,,0.0,0.0,0,,,0.0,0.0,0.0,,,0.0,0.0,0.0,,0.0,0.0,,,0,,0.0,1.0,0.0,,,,0.0,0.0,,,0.0,,0.0,0.0,1.0,,,2
1440003640,0.99844,0.009013,0.019273,0.035752,0.996836,0.997986,0.999884,0.178034,6.684572,5.043651,0.000307,0.000833,0.001292,0.028316,0.430174,0.095967,0.284,-0.013444,0.014119,-0.998243,0.002408,0.002652,0.009037,-0.068984,-0.103553,0.401648,0.003643,0.002527,0.00529,0.008727,0.002461,0.003361,0.004498,1.034466,6.539953,4.87524,1.814926,3.014521,2.784954,4.274022,1.366718,4.596647,0.078288,-3.6e-05,4.3e-05,-0.000236,0.003185,0.002355,0.001976,-0.086881,0.001101,0.008541,315.917156,0.732156,-0.244888,0.948545,315.416233,315.934967,316.403446,2.662198,6.684609,5.043243,2.1e-05,0.000278,0.000308,0.002347,0.429596,5.113617,0.108403,-263.69404,-55.664651,-164.830794,0.767532,0.77854,0.836539,-0.034355,-0.11952,-0.090466,0.999987,0.999987,0.999986,0.999986,0.999986,,,,,,,,,,,,,,,,,,,,,,,,,,,,,,,,,,,,,,,,,,,,,,,,,,,,,,,,6.0,0.046017,0.065887,107.068832,107.229378,,,65.0,10.0,6.54886,1.879291,2.2e-05,2.2e-05,4.1e-05,-3.2e-05,8.2e-05,2.5e-05,-14.340412,0.610515,-1.064327,-0.474594,-2.188566,-1.245339,-1.59121,-0.53191,-0.717671,-0.419664,-0.56207,-0.523921,-0.801863,1.502382,0.542419,0.583517,0.256022,0.193339,0.227616,0.213908,0.202153,0.200187,0.1905,0.169841,0.187818,0.187443,-1.977502,1.977576,0.0,0.0,1.0,0.0,0.0,0.0,0.0,1.0,0.0,1.0,0.0,0.0,0.0,0.0,0.0,1.0,0.0,0.0,0.0,0.0,0.0,1.0,0.0,1.0,0.0,0.0,,,,0.0,,0.96,0.985417,,0.0,0.0,1.0,1.0,0.0,0.0,0.0,0.0,0.0,1.0,0.0,,0.0,0.0,,,0.0,1,,,0.0,,0.0,0.0,0,,,0.0,0.0,0.0,,,0.0,0.0,0.0,,0.0,0.0,,,0,,0.0,1.0,0.0,,,,0.0,0.0,,,0.0,,0.0,0.0,1.0,,,2
1440003700,0.998015,0.002452,-0.00083,0.00329,0.996768,0.997898,0.999807,2.432434,6.684609,5.043265,0.000132,0.000484,0.000539,0.002298,0.429612,0.900463,0.066812,-0.012746,0.013907,-0.997831,0.002384,0.002122,0.002448,0.017022,0.029351,-0.085877,0.00356,0.001578,0.001324,0.002081,0.002221,0.003327,0.004519,2.700729,6.586551,4.896385,1.71036,2.255408,2.607818,4.402146,1.318698,3.839446,0.082257,9.4e-05,0.000195,-4e-05,0.002268,0.002431,0.002015,0.047056,0.013939,-0.002055,316.039606,0.73866,-0.301606,1.016146,315.539312,316.056156,316.520201,2.342217,6.684609,5.043514,0.000149,0.000306,0.000331,0.002205,0.42967,0.389313,0.087272,-263.828679,-55.765127,-164.816389,0.77792,0.745439,0.808496,0.028327,-0.128544,-0.053052,0.999988,0.999987,0.999987,0.999987,0.999988,,,,,,,,,,,,,,,,,,,,,,,,,,,,,,,,,,,,,,,,,,,,,,,,,,,,,,,,5.0,0.032387,0.039826,106.992004,107.054626,,,65.0,10.0,4.920243,1.593358,1.1e-05,1.3e-05,2e-06,-6e-06,4.9e-05,3.3e-05,-0.033561,0.721579,-0.989098,-0.542531,-2.204178,-1.190944,-1.618127,-0.522588,-0.703142,-0.442454,-0.584201,-0.482076,-0.747475,0.887151,0.409735,0.347314,0.240341,0.193759,0.193376,0.195847,0.175189,0.178519,0.176003,0.181551,0.174624,0.172187,-4.6347,4.635731,0.0,0.0,1.0,0.0,0.0,0.0,0.0,1.0,0.0,1.0,0.0,0.0,0.0,0.0,0.0,1.0,0.0,0.0,0.0,0.0,0.0,1.0,0.0,1.0,0.0,0.0,,,,0.0,,0.96,0.985417,,0.0,0.0,1.0,1.0,0.0,0.0,0.0,0.0,0.0,1.0,0.0,,0.0,0.0,,,0.0,1,,,0.0,,0.0,0.0,0,,,0.0,0.0,0.0,,,0.0,0.0,0.0,,0.0,0.0,,,0,,0.0,1.0,0.0,,,,0.0,0.0,,,0.0,,0.0,0.0,1.0,,,2
1440003760,0.997902,0.007198,0.010363,0.018106,0.995818,0.9979,0.999927,1.215751,6.684586,5.043442,0.000268,0.000759,0.000759,0.008622,0.429779,5.081115,0.182525,-0.013242,0.015031,-0.997693,0.002894,0.002672,0.007193,0.039404,-0.240447,-0.29939,0.003655,0.00165,0.001576,0.002378,0.002423,0.003485,0.00459,2.455123,6.585022,4.937828,2.108941,2.779494,2.269725,4.104729,1.228853,0.730025,0.076332,0.000121,0.000151,-5.6e-05,0.002572,0.002332,0.001996,0.071259,0.063811,0.062954,316.178112,0.737722,0.356028,0.978245,315.680151,316.169339,316.656425,2.569597,6.684609,5.043365,3e-05,0.000288,0.000339,0.002343,0.429629,6.671018,0.076193,-263.930796,-55.790841,-164.909702,0.785825,0.768683,0.800959,-0.008018,-0.124216,-0.083707,0.999988,0.999987,0.999987,0.999987,0.999986,,,,,,,,,,,,,,,,,,,,,,,,,,,,,,,,,,,,,,,,,,,,,,,,,,,,,,,,17.0,0.03293,0.040643,107.015839,110.017902,,,10.0,4.0,4.421742,1.486534,1e-05,1.2e-05,-1.4e-05,-2.3e-05,2.1e-05,7e-06,-14.85458,0.378837,-1.287985,-0.544772,-2.191197,-1.222001,-1.593258,-0.613165,-0.763514,-0.407615,-0.604589,-0.488993,-0.741664,3.046937,1.202716,0.753281,0.387401,0.346105,0.237832,0.253302,0.274596,0.224137,0.223153,0.187963,0.249493,0.198655,-1.758021,1.758081,0.0,0.0,1.0,0.0,0.0,0.0,0.0,1.0,0.0,1.0,0.0,0.0,0.0,0.0,0.0,1.0,0.0,0.0,0.0,0.0,0.0,1.0,0.0,1.0,0.0,0.0,,,,0.0,,0.95,0.985417,,0.0,0.0,1.0,1.0,0.0,0.0,0.0,0.0,0.0,1.0,0.0,,0.0,0.0,,,0.0,1,,,0.0,,0.0,0.0,0,,,0.0,0.0,0.0,,,0.0,0.0,0.0,,0.0,0.0,,,0,,0.0,1.0,0.0,,,,0.0,0.0,,,0.0,,0.0,0.0,1.0,,,2
1440003820,0.998023,0.011483,-0.005627,0.026515,0.994925,0.997883,1.0008,1.210298,6.684545,5.043732,0.00157,0.006627,0.005652,0.063968,0.43094,2.019955,0.163737,-0.013332,0.015517,-0.997803,0.003218,0.003101,0.011487,0.011523,-0.354947,-0.326087,0.004111,0.002078,0.002315,0.003462,0.002608,0.003869,0.005168,2.151574,6.564711,4.959575,2.486033,2.769683,2.475905,4.42317,1.455617,2.000786,0.106882,0.000233,0.000529,-3.3e-05,0.003341,0.002444,0.001936,0.130199,-0.015281,-0.01505,316.283023,0.757968,-0.291852,0.991626,315.761864,316.312082,316.831014,2.50642,6.684609,5.043352,8.2e-05,0.000386,0.000259,0.002554,0.429631,8.072729,0.078034,-264.052644,-55.831896,-164.901769,0.808066,0.801696,0.797862,-0.006675,-0.115043,-0.065847,0.999987,0.999986,0.999986,0.999986,0.999986,,,,,,,,,,,,,,,,,,,,,,,,,,,,,,,,,,,,,,,,,,,,,,,,,,,,,,,,9.0,0.062767,0.08042,107.466293,109.511677,,,10.0,4.0,8.705524,2.163958,2.7e-05,3.1e-05,6.6e-05,-4.6e-05,8.5e-05,2.8e-05,-11.371068,-0.229242,-1.001748,0.426626,-1.6424,-1.005636,-1.507517,-1.271006,-1.384946,-0.77965,-1.087615,-0.877479,-0.759179,5.306285,2.547776,1.093542,0.58061,0.397823,0.383048,0.447664,0.35864,0.313832,0.342797,0.322739,0.323613,0.251735,-1.246645,1.246683,0.0,0.0,1.0,0.0,0.0,0.0,0.0,1.0,0.0,1.0,0.0,0.0,0.0,0.0,0.0,1.0,0.0,0.0,0.0,0.0,0.0,1.0,0.0,1.0,0.0,0.0,,,,0.0,,0.95,0.985417,,0.0,0.0,1.0,1.0,0.0,0.0,0.0,0.0,0.0,1.0,0.0,,0.0,0.0,,,0.0,1,,,0.0,,0.0,0.0,0,,,0.0,0.0,0.0,,,0.0,0.0,0.0,,0.0,0.0,,,0,,0.0,1.0,0.0,,,,0.0,0.0,,,0.0,,0.0,0.0,1.0,,,2
1440003880,1.000621,0.002738,-0.001264,0.003549,0.99882,1.000772,1.002718,2.526197,6.684608,5.044433,8.3e-05,0.000473,0.000558,0.002228,0.42992,2.905522,0.101309,-0.013204,0.012993,-1.000444,0.002272,0.00216,0.002741,0.003063,0.001362,0.088276,0.003764,0.00154,0.001219,0.002027,0.002597,0.003564,0.004772,2.624401,6.600012,4.968271,1.330843,2.091334,2.196809,4.276469,1.197007,0.838187,0.086244,7.3e-05,5.4e-05,0.000695,0.002323,0.002462,0.002143,0.037125,-0.005352,0.043521,317.023293,0.821257,-0.287818,1.089548,316.49637,317.051521,317.533584,2.511173,6.684608,5.044028,6.1e-05,0.00038,0.000338,0.002465,0.429809,3.293353,0.081474,-263.566123,-55.636993,-167.147534,0.877286,0.749638,1.495627,0.160936,-0.422564,-0.190775,0.999987,0.999985,0.999977,0.999971,0.99996,,,,,,,,,,,,,,,,,,,,,,,,,,,,,,,,,,,,,,,,,,,,,,,,,,,,,,,,23.0,0.055885,0.074174,107.522491,109.522602,,,10.0,4.0,7.61406,2.029997,1.9e-05,2.5e-05,-4.7e-05,3.8e-05,1.2e-05,1e-05,-0.558111,0.76645,-0.972228,-0.488879,-2.128662,-1.189909,-1.628958,-0.52767,-0.686664,-0.454445,-0.613021,-0.477702,-0.758533,0.683785,0.283338,0.348885,0.209471,0.180484,0.198509,0.176143,0.186565,0.182717,0.175654,0.17962,0.164733,0.164984,-4.548308,4.549253,0.0,0.0,1.0,0.0,0.0,0.0,0.0,1.0,0.0,1.0,0.0,0.0,0.0,0.0,0.0,1.0,0.0,0.0,0.0,0.0,0.0,1.0,0.0,1.0,0.0,0.0,,,,0.0,,0.95,0.985417,,0.0,0.0,1.0,1.0,0.0,0.0,0.0,0.0,0.0,1.0,0.0,,0.0,0.0,,,0.0,1,,,0.0,,0.0,0.0,0,,,0.0,0.0,0.0,,,0.0,0.0,0.0,,0.0,0.0,,,0,,0.0,1.0,0.0,,,,0.0,0.0,,,0.0,,0.0,0.0,1.0,,,2
1440003940,0.99768,0.002898,0.00194,0.00507,0.995887,0.997863,0.999756,1.739846,6.684608,5.043448,6.7e-05,0.000415,0.000432,0.003332,0.429674,1.691974,0.119861,-0.013251,0.014377,-0.997483,0.002318,0.002149,0.002896,0.048971,0.053249,-0.029158,0.00353,0.001565,0.001401,0.002157,0.002459,0.003304,0.00445,2.544283,6.587212,4.953213,1.489399,2.308148,2.544417,4.199363,1.221658,6.78645,0.082637,-3e-05,0.000138,-0.000156,0.00238,0.002306,0.00197,0.112638,-0.009738,-0.032815,316.209941,0.727859,-0.346744,0.936118,315.727803,316.254504,316.695576,2.636374,6.684609,5.043135,8.6e-05,0.000491,0.000379,0.002207,0.429572,0.389298,0.096666,-264.006679,-55.847885,-164.829958,0.758259,0.763109,0.818989,-0.012149,-0.110445,-0.083474,0.999988,0.999987,0.999987,0.999987,0.999987,,,,,,,,,,,,,,,,,,,,,,,,,,,,,,,,,,,,,,,,,,,,,,,,,,,,,,,,25.0,0.143351,0.076561,107.20314,110.025898,,,10.0,4.0,18.600287,2.923177,4.7e-05,3.2e-05,-5.4e-05,3e-06,1.9e-05,6e-06,-10.536857,0.614077,-1.412013,-0.656054,-2.254385,-1.195198,-1.563307,-0.502686,-0.690175,-0.461049,-0.610635,-0.47898,-0.673641,1.684751,0.616611,0.755823,0.40294,0.271737,0.297567,0.261695,0.237672,0.212561,0.212055,0.213838,0.196456,0.244924,-2.616713,2.61685,0.0,0.0,1.0,0.0,0.0,0.0,0.0,1.0,0.0,1.0,0.0,0.0,0.0,0.0,0.0,1.0,0.0,0.0,0.0,0.0,0.0,1.0,0.0,1.0,0.0,0.0,,,,0.0,,0.95,0.985165,,0.0,0.0,1.0,1.0,0.0,0.0,0.0,0.0,0.0,1.0,0.0,,0.0,0.0,,,0.0,1,,,0.0,,0.0,0.0,0,,,0.0,0.0,0.0,,,0.0,0.0,0.0,,0.0,0.0,,,0,,0.0,1.0,0.0,,,,0.0,0.0,,,0.0,,0.0,0.0,1.0,,,2
1440004000,1.001458,0.004033,-0.000706,0.00588,0.998864,1.001765,1.003923,2.148855,6.684604,5.04259,0.000165,0.000742,0.000792,0.006378,0.429526,8.068287,0.035981,-0.01403,0.014593,-1.001248,0.002482,0.002268,0.004026,-0.014728,0.214359,-0.012398,0.004414,0.002011,0.001718,0.002643,0.00292,0.004124,0.005697,2.65892,6.581364,4.997421,1.314672,2.701667,2.709527,4.364376,1.374193,1.676339,0.092595,-0.000158,0.000603,0.000572,0.003078,0.002958,0.002142,0.020323,-0.045868,-0.050566,316.464094,0.745885,-0.175052,0.962992,315.927051,316.462145,316.978157,2.560743,6.684609,5.04331,0.000112,0.000384,0.000255,0.002171,0.429614,1.941964,0.091532,-264.131995,-55.792137,-165.135155,0.799987,0.786401,0.853062,0.006384,-0.146629,-0.169656,0.999987,0.999986,0.999986,0.999986,0.999986,,,,,,,,,,,,,,,,,,,,,,,,,,,,,,,,,,,,,,,,,,,,,,,,,,,,,,,,5.0,0.049629,0.052606,107.087509,108.391129,,,65.0,10.0,5.690344,1.738771,2.1e-05,1.6e-05,3.9e-05,-2.8e-05,0.000155,2.3e-05,-7.405483,-0.10961,-1.666619,-0.488579,-2.246246,-1.248906,-1.527479,-0.583977,-0.75551,-0.474021,-0.609359,-0.497245,-0.656129,2.564743,1.121006,0.927629,0.369601,0.321347,0.285075,0.236852,0.248451,0.240589,0.254468,0.22037,0.198634,0.239968,-2.935315,2.935504,0.0,0.0,1.0,0.0,0.0,0.0,0.0,1.0,0.0,1.0,0.0,0.0,0.0,0.0,0.0,1.0,0.0,0.0,0.0,0.0,0.0,1.0,0.0,1.0,0.0,0.0,,,,0.0,,0.95,0.985165,,0.0,0.0,1.0,1.0,0.0,0.0,0.0,0.0,0.0,1.0,0.0,,0.0,0.0,,,0.0,1,,,0.0,,0.0,0.0,0,,,0.0,0.0,0.0,,,0.0,0.0,0.0,,0.0,0.0,,,0,,0.0,1.0,0.0,,,,0.0,0.0,,,0.0,,0.0,0.0,1.0,,,2
1440004060,0.997758,0.002339,0.00121,0.003094,0.996021,0.997913,0.998997,2.479556,6.684609,5.043718,4.8e-05,0.000381,0.000382,0.001955,0.429721,3.05543,0.079084,-0.013501,0.016775,-0.997521,0.002345,0.002089,0.002338,0.028626,-0.0102,-0.031938,0.003599,0.001551,0.001289,0.002144,0.002372,0.003546,0.004567,2.430067,6.590617,4.941697,1.108473,2.810261,2.382131,4.222526,1.240793,5.623806,0.09736,-0.000228,-0.000474,-0.000634,0.002238,0.002374,0.002009,0.076247,0.010668,-0.030925,316.424056,0.715437,0.142992,0.934369,315.931315,316.427035,316.924303,2.501883,6.684609,5.043646,5.4e-05,0.000299,0.00024,0.002202,0.429701,0.519042,0.079764,-264.193568,-55.708299,-164.988611,0.754503,0.761575,0.805118,0.076746,-0.170698,-0.017703,0.999988,0.999987,0.999987,0.999987,0.999987,,,,,,,,,,,,,,,,,,,,,,,,,,,,,,,,,,,,,,,,,,,,,,,,,,,,,,,,6.0,0.034925,0.080432,107.003799,107.186058,,,65.0,10.0,8.762887,2.170525,1.2e-05,2.9e-05,-8e-06,-1e-05,1.9e-05,5e-05,-3.703099,0.533586,-1.450018,-0.61765,-2.285714,-1.308059,-1.5842,-0.538356,-0.782956,-0.376971,-0.603382,-0.517173,-0.754458,1.138577,0.351361,0.494504,0.273832,0.237846,0.2417,0.201782,0.215101,0.17661,0.180412,0.18133,0.196155,0.179138,-3.881679,3.882164,0.0,0.0,1.0,0.0,0.0,0.0,0.0,1.0,0.0,1.0,0.0,0.0,0.0,0.0,0.0,1.0,0.0,0.0,0.0,0.0,0.0,1.0,0.0,1.0,0.0,0.0,,,,0.0,,0.95,0.985165,,0.0,0.0,1.0,1.0,0.0,0.0,0.0,0.0,0.0,1.0,0.0,,0.0,0.0,,,0.0,1,,,0.0,,0.0,0.0,0,,,0.0,0.0,0.0,,,0.0,0.0,0.0,,0.0,0.0,,,0,,0.0,1.0,0.0,,,,0.0,0.0,,,0.0,,0.0,0.0,1.0,,,2
1440004120,0.997465,0.002369,-0.000854,0.003088,0.995962,0.997822,0.998985,2.480586,6.684609,5.04379,0.000128,0.000422,0.000412,0.002179,0.429747,11.132118,0.073746,-0.013497,0.0169,-0.997226,0.002364,0.002134,0.002369,0.066576,0.022562,0.022214,0.003627,0.001536,0.001235,0.002063,0.002468,0.003479,0.004578,2.578406,6.593742,4.992582,1.454957,2.142491,2.526365,4.190722,1.199082,5.461492,0.115403,2.8e-05,0.000209,3e-05,0.002328,0.002395,0.002076,0.079192,0.028195,0.010156,316.432603,0.727554,-0.32396,0.952782,315.933754,316.45909,316.905975,2.579248,6.684609,5.043698,6e-05,0.000436,0.000316,0.002307,0.429721,3.607099,0.077147,-264.192052,-55.774635,-164.985062,0.785745,0.741708,0.795937,0.062179,-0.180143,-0.028042,0.999988,0.999987,0.999987,0.999987,0.999987,,,,,,,,,,,,,,,,,,,,,,,,,,,,,,,,,,,,,,,,,,,,,,,,,,,,,,,,17.0,0.044476,0.042427,107.16703,108.888142,,,10.0,4.0,6.47712,1.868276,1.8e-05,1.9e-05,1.5e-05,1.3e-05,8e-06,7e-06,-0.123811,0.397508,-1.107944,-0.4899,-2.3099,-1.389352,-1.596548,-0.488888,-0.685035,-0.300925,-0.531712,-0.451519,-0.733026,0.718356,0.264046,0.32956,0.187675,0.190322,0.169729,0.184972,0.189344,0.166468,0.16935,0.15684,0.150702,0.148957,-4.658822,4.659877,0.0,0.0,1.0,0.0,0.0,0.0,0.0,1.0,0.0,1.0,0.0,0.0,0.0,0.0,0.0,1.0,0.0,0.0,0.0,0.0,0.0,1.0,0.0,1.0,0.0,0.0,,,,0.0,,0.95,0.985165,,0.0,0.0,1.0,1.0,0.0,0.0,0.0,0.0,0.0,1.0,0.0,,0.0,0.0,,,0.0,1,,,0.0,,0.0,0.0,0,,,0.0,0.0,0.0,,,0.0,0.0,0.0,,0.0,0.0,,,0,,0.0,1.0,0.0,,,,0.0,0.0,,,0.0,,0.0,0.0,1.0,,,2
1440004180,0.997677,0.002507,0.001331,0.003231,0.995991,0.99785,0.999048,2.568507,6.684609,5.043756,0.000153,0.000434,0.000544,0.002268,0.429742,0.289495,0.082922,-0.013496,0.017246,-0.997432,0.0023,0.002006,0.002505,0.00823,0.033225,-0.022811,0.00352,0.001519,0.001223,0.002027,0.002371,0.003406,0.004477,2.645889,6.59024,4.961061,1.504809,2.465649,2.549695,4.203775,1.220375,1.946654,0.109203,5.1e-05,0.000252,-4.3e-05,0.002243,0.002383,0.001979,0.026179,0.070477,0.059897,316.444856,0.714705,-0.298248,0.94448,315.967358,316.456929,316.91281,2.568977,6.684609,5.043163,0.000139,0.000315,0.000267,0.002239,0.429575,5.319955,0.074545,-264.184463,-55.761454,-165.025351,0.75405,0.747632,0.770362,-0.049944,-0.097551,-0.063274,0.999988,0.999988,0.999988,0.999988,0.999988,,,,,,,,,,,,,,,,,,,,,,,,,,,,,,,,,,,,,,,,,,,,,,,,,,,,,,,,25.0,0.037012,0.086165,107.728775,109.50301,,,10.0,4.0,9.390817,2.239732,1.1e-05,2.9e-05,1.7e-05,3.9e-05,2e-05,1.9e-05,-5.702295,1.774274,-0.46624,-0.088023,-2.024599,-1.187848,-1.687395,-0.850378,-1.245526,-0.837434,-0.953304,-0.780072,-0.933154,1.157454,0.577632,0.421335,0.325996,0.264836,0.239262,0.212237,0.233442,0.239225,0.233979,0.200846,0.202511,0.205146,-3.361951,3.36224,0.0,0.0,1.0,0.0,0.0,0.0,0.0,1.0,0.0,1.0,0.0,0.0,0.0,0.0,0.0,1.0,0.0,0.0,0.0,0.0,0.0,1.0,0.0,1.0,0.0,0.0,,,,0.0,,0.94,0.985165,,0.0,0.0,1.0,1.0,0.0,0.0,0.0,0.0,0.0,1.0,0.0,,0.0,0.0,,,0.0,1,,,0.0,,0.0,0.0,0,,,0.0,0.0,0.0,,,0.0,0.0,0.0,,0.0,0.0,,,0,,0.0,1.0,0.0,,,,0.0,0.0,,,0.0,,0.0,0.0,1.0,,,2
1440004240,0.99749,0.011509,0.020687,0.040227,0.995822,0.997045,0.999053,0.706881,6.684546,5.043603,0.004327,0.01517,0.013016,0.082288,0.43152,12.412898,0.200499,-0.013306,0.016928,-0.997246,0.003755,0.003227,0.011511,0.048795,0.325658,-0.074654,0.003683,0.00191,0.002807,0.00453,0.002449,0.003467,0.004631,1.641047,6.569704,5.021997,2.601938,3.437923,2.781657,4.647809,1.764543,3.082178,0.201567,4.1e-05,0.000105,0.000117,0.002811,0.00239,0.001891,0.029754,0.025163,-0.005455,316.443341,0.76418,0.189468,1.011092,315.902295,316.428888,316.952565,2.491397,6.684609,5.043384,0.000144,0.000348,0.000346,0.002555,0.429642,1.324021,0.081239,-264.200508,-55.799484,-164.983601,0.814834,0.769159,0.798386,0.040044,-0.131154,-0.033587,0.999988,0.999987,0.999987,0.999987,0.999987,,,,,,,,,,,,,,,,,,,,,,,,,,,,,,,,,,,,,,,,,,,,,,,,,,,,,,,,25.0,0.027189,0.073241,107.569061,109.058674,,,10.0,4.0,7.338661,1.993156,6e-06,2.8e-05,-1e-06,1.7e-05,2.1e-05,1.2e-05,-20.415034,-0.627038,-2.114734,-0.475884,-2.310715,-1.073237,-1.429319,-0.577552,-0.777919,-0.493974,-0.729011,-0.584252,-0.681241,4.378608,1.912513,1.152914,0.582641,0.453651,0.506128,0.380067,0.343675,0.314054,0.306703,0.326624,0.235434,0.280182,-0.166272,0.166292,0.0,0.0,1.0,0.0,0.0,0.0,0.0,1.0,0.0,1.0,0.0,0.0,0.0,0.0,0.0,1.0,0.0,0.0,0.0,0.0,0.0,1.0,0.0,1.0,0.0,0.0,,,,0.0,,0.94,0.985165,,0.0,0.0,1.0,1.0,0.0,0.0,0.0,0.0,0.0,1.0,0.0,,0.0,0.0,,,0.0,1,,,0.0,,0.0,0.0,0,,,0.0,0.0,0.0,,,0.0,0.0,0.0,,0.0,0.0,,,0,,0.0,1.0,0.0,,,,0.0,0.0,,,0.0,,0.0,0.0,1.0,,,2
1440004300,0.996886,0.006863,-0.006805,0.012832,0.994213,0.997051,0.99991,1.667886,6.684588,5.043698,0.00042,0.00088,0.0011,0.009701,0.429876,1.986847,0.092274,-0.013527,0.016856,-0.996643,0.003146,0.002868,0.006861,-0.054654,-0.193257,-0.291318,0.003926,0.001817,0.00187,0.002799,0.00266,0.003762,0.004936,2.246516,6.581955,4.966016,2.219187,3.167577,2.269934,4.164118,1.330396,2.974009,0.087595,-0.000217,-0.000278,-0.000113,0.002902,0.002515,0.001957,0.116984,-0.026624,-0.015299,316.467833,0.729387,0.203427,0.94346,315.962935,316.449629,317.013327,2.500192,6.684609,5.043531,4.2e-05,0.000428,0.000328,0.002153,0.429673,3.400141,0.093254,-264.215468,-55.852855,-164.988819,0.787921,0.743444,0.763284,0.063326,-0.162601,-0.020036,0.999988,0.999988,0.999988,0.999988,0.999988,,,,,,,,,,,,,,,,,,,,,,,,,,,,,,,,,,,,,,,,,,,,,,,,,,,,,,,,15.0,0.045541,0.067604,107.006035,108.323746,,,10.0,4.0,7.810873,2.055517,1.8e-05,2.6e-05,-3.6e-05,-5.7e-05,3.6e-05,9e-06,-11.552907,-0.686683,-2.025584,-0.583586,-2.029946,-1.099387,-1.403378,-0.776103,-0.832612,-0.344204,-0.535602,-0.528745,-0.676882,4.456308,1.944759,0.852573,0.522351,0.433781,0.390918,0.349956,0.357259,0.257037,0.303471,0.244103,0.276438,0.249095,-1.806748,1.806811,0.0,0.0,1.0,0.0,0.0,0.0,0.0,1.0,0.0,1.0,0.0,0.0,0.0,0.0,0.0,1.0,0.0,0.0,0.0,0.0,0.0,1.0,0.0,1.0,0.0,0.0,,,,0.0,,0.94,0.985165,,0.0,0.0,1.0,1.0,0.0,0.0,0.0,0.0,0.0,1.0,0.0,,0.0,0.0,,,0.0,1,,,0.0,,0.0,0.0,0,,,0.0,0.0,0.0,,,0.0,0.0,0.0,,0.0,0.0,,,0,,0.0,1.0,0.0,,,,0.0,0.0,,,0.0,,0.0,0.0,1.0,,,2
1440004360,0.997185,0.002378,0.001201,0.003158,0.995818,0.996944,0.99886,2.429706,6.684609,5.043516,0.00012,0.000483,0.000344,0.002217,0.429673,7.463202,0.092306,-0.013055,0.01478,-0.996985,0.002396,0.002096,0.002379,-0.012953,-0.023513,0.016529,0.00351,0.001502,0.001307,0.002121,0.002452,0.003363,0.004393,2.357554,6.592503,4.913251,1.316504,2.516917,2.323325,4.246793,1.214627,4.67729,0.085122,-0.000197,-0.000197,0.000192,0.00222,0.002411,0.00193,-0.015472,-0.055434,0.002154,316.496288,0.744637,-0.27615,0.977267,315.97178,316.515501,317.011058,2.542495,6.684609,5.043464,6.2e-05,0.000368,0.000287,0.002566,0.42966,8.697286,0.083888,-264.252542,-55.920487,-164.961055,0.757977,0.756881,0.806722,0.016165,-0.070986,-0.050709,0.999988,0.999988,0.999988,0.999988,0.999987,,,,,,,,,,,,,,,,,,,,,,,,,,,,,,,,,,,,,,,,,,,,,,,,,,,,,,,,22.0,0.057243,0.035111,107.526443,109.404072,,,10.0,4.0,6.882479,1.928979,2.2e-05,7e-06,-2e-06,5e-06,1.3e-05,9e-06,-1.355887,0.753173,-1.246557,-0.711435,-2.229317,-1.165529,-1.60417,-0.533522,-0.716451,-0.435217,-0.588343,-0.464073,-0.743559,0.783127,0.324878,0.32869,0.240981,0.195512,0.214922,0.201864,0.181831,0.181189,0.176133,0.17985,0.170059,0.17455,-4.3707,4.371492,0.0,0.0,1.0,0.0,0.0,0.0,0.0,1.0,0.0,1.0,0.0,0.0,0.0,0.0,0.0,1.0,0.0,0.0,0.0,0.0,0.0,1.0,0.0,1.0,0.0,0.0,,,,0.0,,0.94,0.985165,,0.0,0.0,1.0,1.0,0.0,0.0,0.0,0.0,0.0,1.0,0.0,,0.0,0.0,,,0.0,1,,,0.0,,0.0,0.0,0,,,0.0,0.0,0.0,,,0.0,0.0,0.0,,0.0,0.0,,,0,,0.0,1.0,0.0,,,,0.0,0.0,,,0.0,,0.0,0.0,1.0,,,2
1440004420,0.997234,0.007369,-0.0065,0.017503,0.99511,0.997017,0.998993,1.078254,6.684584,5.043521,0.001742,0.006533,0.006525,0.030145,0.430375,3.039387,0.125599,-0.013211,0.015837,-0.997013,0.002854,0.002448,0.007378,-0.013879,-0.283085,-0.138633,0.003887,0.002056,0.002523,0.00362,0.002571,0.003703,0.004769,2.169118,6.55971,4.999647,2.106849,3.159891,2.451925,4.473642,1.537648,7.840522,0.115355,-6.8e-05,-8.5e-05,6.7e-05,0.003113,0.002448,0.001906,0.100183,0.03309,0.053296,316.542796,0.74398,-0.307188,0.939625,316.005135,316.548708,317.080781,2.710393,6.684609,5.043603,0.000108,0.000357,0.000272,0.002421,0.429695,3.295273,0.096444,-264.311513,-55.857393,-164.977338,0.765548,0.734561,0.789216,-0.000711,-0.065252,-0.061459,0.999989,0.999988,0.999988,0.999988,0.999988,,,,,,,,,,,,,,,,,,,,,,,,,,,,,,,,,,,,,,,,,,,,,,,,,,,,,,,,6.0,0.033694,0.056546,106.752647,108.328506,,,65.0,10.0,6.169282,1.819582,1.1e-05,1.8e-05,1.2e-05,-6e-06,7.7e-05,4.8e-05,-12.922715,0.009816,-1.645256,-0.395731,-2.065901,-1.126907,-1.565022,-0.747466,-0.983967,-0.587054,-0.74009,-0.64628,-0.742535,4.232596,2.065705,0.759911,0.525003,0.366574,0.327689,0.382808,0.304235,0.292878,0.310896,0.284592,0.26095,0.22911,-1.689397,1.689453,0.0,0.0,1.0,0.0,0.0,0.0,0.0,1.0,0.0,1.0,0.0,0.0,0.0,0.0,0.0,1.0,0.0,0.0,0.0,0.0,0.0,1.0,0.0,1.0,0.0,0.0,,,,0.0,,0.94,0.985165,,0.0,0.0,1.0,1.0,0.0,0.0,0.0,0.0,0.0,1.0,0.0,,0.0,0.0,,,0.0,1,,,0.0,,0.0,0.0,0,,,0.0,0.0,0.0,,,0.0,0.0,0.0,,0.0,0.0,,,0,,0.0,1.0,0.0,,,,0.0,0.0,,,0.0,,0.0,0.0,1.0,,,2
1440004480,1.002248,0.040802,0.093561,0.176253,0.99972,1.000978,1.003746,0.117458,6.68386,5.041443,0.018871,0.079699,0.097215,0.488809,0.440494,0.250905,0.258039,-0.013902,0.013814,-1.001979,0.010764,0.008191,0.040445,-0.179983,-0.617563,-0.021204,0.027391,0.160141,0.32232,0.468036,0.002658,0.003766,0.005005,0.234324,3.905571,5.158993,5.036911,5.741075,4.652206,4.752881,4.42451,3.271479,0.13483,-0.000214,-0.000173,0.020399,0.012465,0.008071,0.160495,-0.450357,0.186606,-0.447076,317.286543,0.81483,-0.130225,1.088665,316.757341,317.281927,317.834659,2.533421,6.684608,5.043711,0.000119,0.000429,0.000381,0.002408,0.429728,3.68121,0.068446,-263.620759,-55.627054,-167.566292,0.864241,0.789347,1.143883,0.104006,-0.276254,-0.095603,0.999986,0.999983,0.999981,0.999981,0.999972,,,,,,,,,,,,,,,,,,,,,,,,,,,,,,,,,,,,,,,,,,,,,,,,,,,,,,,,5.0,0.015029,0.042806,106.74205,106.884651,,,65.0,10.0,4.358601,1.472151,8e-06,1.3e-05,1.1e-05,-1.2e-05,5.1e-05,3.2e-05,-21.893995,0.390814,-1.237825,-0.495356,-2.18112,-1.244023,-1.589703,-0.628673,-0.76203,-0.518271,-0.632138,-0.507184,-0.75195,2.543443,0.727484,0.592002,0.403667,0.272674,0.276604,0.267479,0.218595,0.231576,0.225659,0.230846,0.194633,0.190643,-0.487492,0.487514,0.0,0.0,1.0,0.0,0.0,0.0,0.0,1.0,0.0,1.0,0.0,0.0,0.0,0.0,0.0,1.0,0.0,0.0,0.0,0.0,0.0,1.0,0.0,1.0,0.0,0.0,,,,0.0,,0.94,0.985165,,0.0,0.0,1.0,1.0,0.0,0.0,0.0,0.0,0.0,1.0,0.0,,0.0,0.0,,,0.0,1,,,0.0,,0.0,0.0,0,,,0.0,0.0,0.0,,,0.0,0.0,0.0,,0.0,0.0,,,0,,0.0,1.0,0.0,,,,0.0,0.0,,,0.0,,0.0,0.0,1.0,,,2
1440004540,0.999433,0.005402,0.009115,0.018088,0.997945,0.999866,1.000987,0.945928,6.684597,5.04392,0.000206,0.000698,0.000626,0.003503,0.429815,3.715894,0.110686,-0.020278,0.014219,-0.999118,0.002633,0.002943,0.005403,0.1375,0.077146,0.031391,0.004159,0.002138,0.003202,0.005012,0.002896,0.00392,0.005065,1.662703,6.574488,4.847229,0.950467,2.309524,2.250288,4.17077,1.124703,1.162651,0.099843,-0.000179,-0.000423,-0.001182,0.002964,0.00254,0.002241,-0.039088,0.046475,-0.003256,308.165838,0.757003,-0.445319,1.052408,307.679798,308.209465,308.659697,2.315476,6.684609,5.043271,7.7e-05,0.000395,0.000419,0.002571,0.429613,1.194366,0.103154,-252.885616,-54.562223,-167.441875,0.793575,0.771781,0.760729,0.050497,-0.06567,-0.126248,0.999988,0.999987,0.999987,0.999987,0.999986,,,,,,,,,,,,,,,,,,,,,,,,,,,,,,,,,,,,,,,,,,,,,,,,,,,,,,,,8.0,0.012278,0.026923,107.237549,109.59798,,,10.0,4.0,2.573202,0.945151,5e-06,1.9e-05,-0.0,5.8e-05,1e-06,1e-06,-18.942932,0.11464,-1.259779,-0.353831,-2.180432,-1.315554,-1.646492,-0.350295,-0.615189,-0.508013,-0.555318,-0.462495,-0.74145,3.017297,1.205181,0.662955,0.369693,0.285255,0.283478,0.244512,0.252099,0.21796,0.22959,0.208876,0.218992,0.188868,-1.014192,1.014223,1.0,0.0,0.0,0.0,0.0,0.0,0.0,1.0,0.0,1.0,0.0,0.0,0.0,0.0,0.0,1.0,0.0,0.0,0.0,0.0,0.0,1.0,0.0,1.0,0.0,0.0,,,,0.0,,0.94,0.985165,,0.0,0.0,1.0,1.0,0.0,0.0,0.0,0.0,0.0,1.0,0.0,,0.0,0.0,,,0.0,1,,,0.0,,0.0,0.0,0,,,0.0,0.0,0.0,,,0.0,0.0,0.0,,0.0,0.0,,,0,,0.0,1.0,0.0,,,,0.0,0.0,,,0.0,,0.0,0.0,1.0,,,2
1440004600,0.999327,0.00807,-0.013882,0.024129,0.996963,0.999891,1.001944,0.928977,6.684579,5.042496,0.000604,0.002829,0.005033,0.018232,0.429799,0.866984,0.132987,-0.020066,0.015297,-0.999001,0.00281,0.00281,0.008071,0.015429,-0.028948,-0.069768,0.004018,0.001768,0.00185,0.002966,0.002796,0.003829,0.005034,2.066834,6.590487,4.983744,1.104122,2.343689,2.456907,4.11417,1.168727,0.513733,0.097183,-0.000101,3.7e-05,0.00024,0.002754,0.00264,0.002155,0.011512,-0.02578,-0.023916,307.902498,0.73686,-0.096837,0.967338,307.419333,307.903156,308.389116,2.553987,6.684609,5.043448,6.2e-05,0.000264,0.000323,0.002678,0.429657,0.441066,0.074117,-252.677261,-54.499777,-167.2922,0.78229,0.741159,0.791215,0.07293,-0.136871,-0.06758,0.999988,0.999987,0.999987,0.999987,0.999988,,,,,,,,,,,,,,,,,,,,,,,,,,,,,,,,,,,,,,,,,,,,,,,,,,,,,,,,25.0,0.069911,0.057017,108.178833,110.470417,,,10.0,4.0,8.193126,2.103295,2e-05,2.6e-05,-4.2e-05,-1.2e-05,7.5e-05,2e-05,-12.970254,-1.652645,-1.84765,-0.037907,-1.873282,-1.200423,-1.688232,-0.480077,-0.801824,-0.539415,-0.527821,-0.488806,-0.626212,6.053475,2.461952,0.990318,0.476757,0.517806,0.4077,0.329121,0.308929,0.293257,0.282636,0.260529,0.289376,0.306393,-1.301299,1.301338,1.0,0.0,0.0,0.0,0.0,0.0,0.0,1.0,0.0,1.0,0.0,0.0,0.0,0.0,0.0,1.0,0.0,0.0,0.0,0.0,0.0,1.0,0.0,1.0,0.0,0.0,,,,0.0,,0.93,0.985266,,0.0,0.0,1.0,1.0,0.0,0.0,0.0,0.0,0.0,1.0,0.0,,0.0,0.0,,,0.0,1,,,0.0,,0.0,0.0,0,,,0.0,0.0,0.0,,,0.0,0.0,0.0,,0.0,0.0,,,0,,0.0,1.0,0.0,,,,0.0,0.0,,,0.0,,0.0,0.0,1.0,,,2
1440004660,0.999323,0.004322,0.00705,0.012761,0.997853,0.999022,1.000981,1.134458,6.684602,5.043402,0.000242,0.001615,0.002517,0.013066,0.429892,1.242472,0.093501,-0.019977,0.014898,-0.999006,0.002231,0.00251,0.004321,-0.008865,-0.01865,-0.049066,0.003859,0.002005,0.002838,0.00448,0.002504,0.003653,0.00487,1.750602,6.567478,4.928332,1.477425,2.920468,2.77773,4.420032,1.437883,0.243348,0.099828,-1.7e-05,6.7e-05,0.000188,0.002714,0.002593,0.002187,-0.111427,0.048923,-0.021934,307.797141,0.763523,-0.086907,0.972462,307.237982,307.803031,308.331784,2.606525,6.684609,5.043555,3.5e-05,0.000371,0.000336,0.002663,0.429688,0.363303,0.094024,-252.606798,-54.502586,-167.203897,0.790997,0.742965,0.784686,0.066394,-0.075156,-0.066018,0.999988,0.999988,0.999987,0.999987,0.999987,,,,,,,,,,,,,,,,,,,,,,,,,,,,,,,,,,,,,,,,,,,,,,,,,,,,,,,,27.0,0.052282,0.075891,106.682808,108.605854,,,10.0,4.0,9.169448,2.215877,1.9e-05,2.9e-05,1.9e-05,-2.8e-05,3.5e-05,2e-05,-16.324863,-0.135966,-1.310869,-0.310129,-2.105931,-1.30995,-1.735429,-0.437081,-0.6269,-0.497777,-0.48499,-0.411415,-0.784529,3.54513,1.539695,0.725037,0.380458,0.337482,0.309296,0.251384,0.229709,0.251156,0.252835,0.216435,0.211778,0.226482,-1.374683,1.374725,1.0,0.0,0.0,0.0,0.0,0.0,0.0,1.0,0.0,1.0,0.0,0.0,0.0,0.0,0.0,1.0,0.0,0.0,0.0,0.0,0.0,1.0,0.0,1.0,0.0,0.0,,,,0.0,,0.93,0.985266,,0.0,0.0,1.0,1.0,0.0,0.0,0.0,0.0,0.0,1.0,0.0,,0.0,0.0,,,0.0,1,,,0.0,,0.0,0.0,0,,,0.0,0.0,0.0,,,0.0,0.0,0.0,,0.0,0.0,,,0,,0.0,1.0,0.0,,,,0.0,0.0,,,0.0,,0.0,0.0,1.0,,,2
1440004720,0.997864,0.003573,0.003287,0.006944,0.995998,0.997974,0.999956,1.700323,6.684605,5.043435,0.000164,0.000576,0.000749,0.002839,0.429672,8.72836,0.063827,-0.020033,0.015705,-0.997534,0.002402,0.00246,0.003572,0.059905,-0.040039,-0.031342,0.003697,0.001652,0.001644,0.002488,0.002522,0.00349,0.004577,2.396558,6.587964,4.867777,1.324243,2.590156,2.470485,4.279747,1.24329,0.405572,0.117309,0.000147,-0.000234,1.5e-05,0.002555,0.002461,0.001933,0.0508,0.001864,-0.064183,307.075021,0.714321,0.180846,0.93678,306.579929,307.080231,307.543979,2.503061,6.684609,5.043288,0.000208,0.000316,0.000197,0.002327,0.429611,0.103773,0.135344,-253.286931,-54.863219,-164.71076,0.739673,0.766437,0.753296,0.047367,-0.075979,-0.131958,0.999988,0.999987,0.999987,0.999987,0.999987,,,,,,,,,,,,,,,,,,,,,,,,,,,,,,,,,,,,,,,,,,,,,,,,,,,,,,,,23.0,0.040762,0.009892,107.796951,109.242146,,,10.0,4.0,4.693797,1.546242,1.3e-05,5e-06,-3.1e-05,1e-05,1.4e-05,3e-06,-6.320504,0.246078,-1.173389,-0.333965,-2.185759,-1.37474,-1.732965,-0.440667,-0.627744,-0.485411,-0.459374,-0.393179,-0.761979,1.701911,0.84915,0.573905,0.351144,0.268406,0.254445,0.275143,0.228111,0.208875,0.240426,0.20184,0.184126,0.210268,-3.364179,3.364468,0.0,0.0,1.0,0.0,0.0,0.0,0.0,1.0,0.0,1.0,0.0,0.0,0.0,0.0,0.0,1.0,0.0,0.0,0.0,0.0,0.0,1.0,0.0,1.0,0.0,0.0,,,,0.0,,0.93,0.985266,,0.0,0.0,1.0,1.0,0.0,0.0,0.0,0.0,0.0,1.0,0.0,,0.0,0.0,,,0.0,1,,,0.0,,0.0,0.0,0,,,0.0,0.0,0.0,,,0.0,0.0,0.0,,0.0,0.0,,,0,,0.0,1.0,0.0,,,,0.0,0.0,,,0.0,,0.0,0.0,1.0,,,2
1440004780,0.997616,0.0026,-0.001413,0.003667,0.996032,0.997925,0.999122,2.176081,6.684608,5.043831,0.000188,0.000324,0.000515,0.002255,0.429763,9.454228,0.083102,-0.020209,0.016338,-0.997273,0.002275,0.001961,0.002603,-0.014819,-0.039718,0.019077,0.00353,0.001502,0.001166,0.002003,0.002426,0.003446,0.004435,2.600728,6.591824,4.950835,1.568299,2.101556,2.43095,4.248538,1.208762,2.487449,0.105737,-1e-06,-0.000133,-6.9e-05,0.002303,0.002316,0.002006,-0.052305,0.049012,-0.010162,307.231511,0.716437,0.065741,0.98276,306.770163,307.231518,307.710002,2.43694,6.684609,5.043683,6.5e-05,0.00043,0.000365,0.002209,0.429715,7.110802,0.089566,-253.436097,-54.988976,-164.731218,0.761654,0.737723,0.757396,0.064363,-0.127201,-0.089592,0.999988,0.999987,0.999987,0.999987,0.999988,,,,,,,,,,,,,,,,,,,,,,,,,,,,,,,,,,,,,,,,,,,,,,,,,,,,,,,,19.0,0.024137,0.057773,107.319565,109.229694,,,10.0,4.0,5.682449,1.737382,5e-06,2.1e-05,1.6e-05,-5.8e-05,2.9e-05,1.2e-05,-6.530429,0.606928,-1.001408,-0.43744,-2.233541,-1.350134,-1.742867,-0.432763,-0.64125,-0.47906,-0.45305,-0.424587,-0.790552,0.986505,0.398482,0.346922,0.257926,0.226098,0.197811,0.188346,0.187076,0.173035,0.184942,0.167772,0.171193,0.167301,-3.461413,3.461732,0.0,0.0,1.0,0.0,0.0,0.0,0.0,1.0,0.0,1.0,0.0,0.0,0.0,0.0,0.0,1.0,0.0,0.0,0.0,0.0,0.0,1.0,0.0,1.0,0.0,0.0,,,,0.0,,0.92,0.985266,,0.0,0.0,1.0,1.0,0.0,0.0,0.0,0.0,0.0,1.0,0.0,,0.0,0.0,,,0.0,1,,,0.0,,0.0,0.0,0,,,0.0,0.0,0.0,,,0.0,0.0,0.0,,0.0,0.0,,,0,,0.0,1.0,0.0,,,,0.0,0.0,,,0.0,,0.0,0.0,1.0,,,2
1440004840,0.99751,0.004513,0.011625,0.020318,0.995967,0.997086,0.999028,0.591401,6.684602,5.043292,0.000216,0.000831,0.000929,0.003988,0.429664,2.802137,0.054833,-0.020094,0.016766,-0.997161,0.002287,0.002198,0.00451,0.006263,0.095718,-0.001904,0.003665,0.001612,0.001598,0.002632,0.002487,0.003467,0.004639,2.069391,6.589096,4.909376,1.707701,2.584762,2.520117,4.172722,1.216217,6.515943,0.086505,0.000123,0.000369,4.7e-05,0.002399,0.002432,0.002051,0.012611,0.053491,0.037027,307.255574,0.752467,0.425564,0.981441,306.764416,307.209958,307.716335,2.629783,6.684609,5.043395,6.6e-05,0.000369,0.000295,0.002529,0.429642,1.583735,0.095233,-253.46233,-55.018579,-164.725582,0.767515,0.792716,0.78854,0.062214,-0.080439,-0.013204,0.999987,0.999986,0.999986,0.999986,0.999987,,,,,,,,,,,,,,,,,,,,,,,,,,,,,,,,,,,,,,,,,,,,,,,,,,,,,,,,10.0,0.058507,0.038452,106.930099,108.356159,,,10.0,4.0,7.135806,1.965125,2.6e-05,1.3e-05,6.1e-05,0.0,3.2e-05,2.2e-05,-4.495975,0.744271,-0.777611,-0.230106,-2.163819,-1.311139,-1.736289,-0.400206,-0.639125,-0.521404,-0.545838,-0.464263,-0.823042,0.98998,0.473162,0.387473,0.266932,0.255177,0.212822,0.183484,0.176606,0.180662,0.180304,0.17693,0.180084,0.16808,-3.819059,3.819515,0.0,0.0,1.0,0.0,0.0,0.0,0.0,1.0,0.0,1.0,0.0,0.0,0.0,0.0,0.0,1.0,0.0,0.0,0.0,0.0,0.0,1.0,0.0,1.0,0.0,0.0,,,,0.0,,0.92,0.985266,,0.0,0.0,1.0,1.0,0.0,0.0,0.0,0.0,0.0,1.0,0.0,,0.0,0.0,,,0.0,1,,,0.0,,0.0,0.0,0,,,0.0,0.0,0.0,,,0.0,0.0,0.0,,0.0,0.0,,,0,,0.0,1.0,0.0,,,,0.0,0.0,,,0.0,,0.0,0.0,1.0,,,2
1440004900,0.997296,0.004753,-0.01127,0.019048,0.996036,0.997173,0.999086,0.837778,6.6846,5.042973,0.001481,0.006092,0.004404,0.008597,0.429843,7.187251,0.060403,-0.020196,0.017258,-0.996937,0.002318,0.00223,0.004759,-0.011483,0.079254,0.099629,0.003669,0.001745,0.002043,0.003287,0.002468,0.003512,0.004668,1.987858,6.577094,4.940458,1.457836,2.871354,2.570339,4.397109,1.391849,1.324809,0.083452,-6.4e-05,0.000223,6.3e-05,0.002496,0.002428,0.002078,-0.010285,0.036155,0.006514,307.349591,0.746081,0.298885,0.967755,306.83329,307.35648,307.866387,2.629478,6.684609,5.043352,3.9e-05,0.000429,0.000299,0.002383,0.429628,2.621488,0.100352,-253.536046,-55.090749,-164.763575,0.768514,0.749552,0.788887,0.02726,-0.068463,-0.089263,0.999988,0.999987,0.999987,0.999987,0.999986,,,,,,,,,,,,,,,,,,,,,,,,,,,,,,,,,,,,,,,,,,,,,,,,,,,,,,,,19.0,0.081952,0.016762,107.255798,108.982807,,,10.0,4.0,9.500273,2.25132,2.8e-05,5e-06,-7.5e-05,4e-06,2.7e-05,5e-06,-2.409886,0.587078,-1.481436,-0.495113,-2.210674,-1.285348,-1.621738,-0.391721,-0.694559,-0.560974,-0.570982,-0.533685,-0.763413,1.253516,0.519679,0.676151,0.404499,0.287829,0.308552,0.283926,0.259418,0.225549,0.220099,0.232297,0.22353,0.206936,-4.028004,4.028566,0.0,0.0,1.0,0.0,0.0,0.0,0.0,1.0,0.0,1.0,0.0,0.0,0.0,0.0,0.0,1.0,0.0,0.0,0.0,0.0,0.0,1.0,0.0,1.0,0.0,0.0,,,,0.0,,0.92,0.985266,,0.0,0.0,1.0,1.0,0.0,0.0,0.0,0.0,0.0,1.0,0.0,,0.0,0.0,,,0.0,1,,,0.0,,0.0,0.0,0,,,0.0,0.0,0.0,,,0.0,0.0,0.0,,0.0,0.0,,,0,,0.0,1.0,0.0,,,,0.0,0.0,,,0.0,,0.0,0.0,1.0,,,2
1440004960,0.997889,0.003202,0.004027,0.008154,0.996097,0.998053,0.999171,1.30559,6.684607,5.043346,0.000285,0.000976,0.001222,0.003029,0.42967,1.697613,0.093685,-0.020131,0.01766,-0.997524,0.002542,0.002365,0.003202,0.128691,-0.17456,-0.017103,0.003703,0.001814,0.002896,0.004839,0.00258,0.003486,0.004612,1.496924,6.584375,4.929827,2.143094,2.922181,3.164457,4.525494,1.597545,0.243331,0.083323,-0.000136,0.000155,0.000227,0.002633,0.002456,0.001985,-0.070256,-0.00939,0.004284,307.446166,0.753395,0.231863,0.963033,306.894012,307.43391,307.987773,2.626627,6.684609,5.043466,0.000136,0.000353,0.000321,0.002436,0.429662,2.725909,0.094393,-253.666349,-55.054232,-164.755434,0.775947,0.718106,0.81044,0.06857,-0.094757,-0.054469,0.999988,0.999987,0.999987,0.999987,0.999986,,,,,,,,,,,,,,,,,,,,,,,,,,,,,,,,,,,,,,,,,,,,,,,,,,,,,,,,6.0,0.027565,0.052731,106.971794,108.357376,,,65.0,10.0,5.569032,1.717221,1.1e-05,1.8e-05,2.2e-05,5.4e-05,3.8e-05,1.4e-05,-10.103026,0.582457,-1.182554,-0.357274,-2.276273,-1.425955,-1.723618,-0.410828,-0.570791,-0.496281,-0.567927,-0.507207,-0.761202,1.223703,0.542581,0.528619,0.347065,0.311456,0.273198,0.235699,0.213719,0.2116,0.205093,0.25258,0.215283,0.207394,-2.723704,2.723857,0.0,0.0,1.0,0.0,0.0,0.0,0.0,1.0,0.0,1.0,0.0,0.0,0.0,0.0,0.0,1.0,0.0,0.0,0.0,0.0,0.0,1.0,0.0,1.0,0.0,0.0,,,,0.0,,0.92,0.985266,,0.0,0.0,1.0,1.0,0.0,0.0,0.0,0.0,0.0,1.0,0.0,,0.0,0.0,,,0.0,1,,,0.0,,0.0,0.0,0,,,0.0,0.0,0.0,,,0.0,0.0,0.0,,0.0,0.0,,,0,,0.0,1.0,0.0,,,,0.0,0.0,,,0.0,,0.0,0.0,1.0,,,2
1440005020,0.99765,0.00386,0.00276,0.009208,0.996051,0.997915,0.999194,1.312274,6.684604,5.043944,0.000255,0.000792,0.000881,0.008225,0.429913,0.25579,0.13904,-0.020122,0.017783,-0.997283,0.002394,0.002363,0.003868,0.056587,-0.202943,-0.097813,0.003627,0.001578,0.001239,0.002083,0.002524,0.003423,0.004705,2.609728,6.588003,4.92833,1.348091,2.25155,2.505427,4.279014,1.226396,3.893269,0.081821,-5.4e-05,-0.00025,0.000187,0.002398,0.002407,0.002,0.053794,0.003219,0.003014,307.470263,0.737791,0.39423,0.966022,306.959276,307.455566,307.979935,2.527661,6.684609,5.043293,0.000136,0.000319,0.000329,0.002479,0.429615,1.349115,0.097282,-253.671553,-55.062875,-164.789669,0.769531,0.733964,0.751029,0.080414,-0.083431,-0.082949,0.999988,0.999988,0.999988,0.999988,0.999989,,,,,,,,,,,,,,,,,,,,,,,,,,,,,,,,,,,,,,,,,,,,,,,,,,,,,,,,6.0,0.02003,0.024995,106.994049,107.121056,,,65.0,10.0,2.860511,1.051,9e-06,8e-06,2e-06,8e-06,7.3e-05,2.7e-05,-23.456813,-0.111538,-1.403479,-0.248627,-2.135513,-1.317335,-1.727119,-0.341798,-0.55167,-0.526903,-0.594188,-0.496835,-0.701845,3.594709,1.598121,0.889629,0.47122,0.381373,0.352075,0.296113,0.292038,0.279698,0.254655,0.259471,0.28276,0.240617,-0.043432,0.043451,0.0,0.0,1.0,0.0,0.0,0.0,0.0,1.0,0.0,1.0,0.0,0.0,0.0,0.0,0.0,1.0,0.0,0.0,0.0,0.0,0.0,1.0,0.0,1.0,0.0,0.0,,,,0.0,,0.92,0.985266,,0.0,0.0,1.0,1.0,0.0,0.0,0.0,0.0,0.0,1.0,0.0,,0.0,0.0,,,0.0,1,,,0.0,,0.0,0.0,0,,,0.0,0.0,0.0,,,0.0,0.0,0.0,,0.0,0.0,,,0,,0.0,1.0,0.0,,,,0.0,0.0,,,0.0,,0.0,0.0,1.0,,,2
1440005080,1.000347,0.004776,-0.006719,0.013313,0.998882,1.000869,1.002088,1.102702,6.6846,5.044749,9.5e-05,0.000454,0.000563,0.003212,0.430021,0.063209,0.158623,-0.020432,0.015619,-1.00001,0.002388,0.002563,0.004786,-0.019294,-0.037743,0.095817,0.003762,0.001643,0.001419,0.002289,0.00249,0.003632,0.00474,2.387392,6.589062,4.832696,1.162231,2.541391,2.335611,4.164453,1.14844,0.730005,0.103536,-0.000111,0.000352,0.00035,0.002384,0.002544,0.002106,0.067863,0.026534,0.02144,308.150567,0.828489,-0.284389,1.086113,307.598308,308.18717,308.685505,2.616217,6.684608,5.044417,9e-05,0.000507,0.000369,0.00219,0.429912,2.568784,0.071724,-253.080094,-54.769441,-167.047123,0.882723,0.766505,1.457505,0.105929,-0.401942,-0.189636,0.999986,0.999983,0.999976,0.999969,0.999963,,,,,,,,,,,,,,,,,,,,,,,,,,,,,,,,,,,,,,,,,,,,,,,,,,,,,,,,4.0,0.016907,0.019408,106.916977,108.445503,,,65.0,10.0,2.635093,0.968919,7e-06,8e-06,1.4e-05,1e-05,1e-06,1e-06,-7.933963,0.501567,-0.979693,-0.446342,-2.219037,-1.387271,-1.75219,-0.408254,-0.618547,-0.579651,-0.451031,-0.389976,-0.762944,1.303714,0.56509,0.422387,0.256818,0.286837,0.211773,0.221385,0.230168,0.201875,0.234968,0.194812,0.18131,0.188106,-3.172861,3.1731,0.0,0.0,1.0,0.0,0.0,0.0,0.0,1.0,0.0,1.0,0.0,0.0,0.0,0.0,0.0,1.0,0.0,0.0,0.0,0.0,0.0,1.0,0.0,1.0,0.0,0.0,,,,0.0,,0.92,0.985266,,0.0,0.0,1.0,1.0,0.0,0.0,0.0,0.0,0.0,1.0,0.0,,0.0,0.0,,,0.0,1,,,0.0,,0.0,0.0,0,,,0.0,0.0,0.0,,,0.0,0.0,0.0,,0.0,0.0,,,0,,0.0,1.0,0.0,,,,0.0,0.0,,,0.0,,0.0,0.0,1.0,,,2
1440005140,0.99746,0.002451,-0.000814,0.003221,0.996039,0.997173,0.999079,2.433213,6.684609,5.043714,0.000124,0.000338,0.000387,0.002486,0.429728,6.463858,0.081271,-0.020232,0.017338,-0.997099,0.002308,0.00216,0.002448,-0.019836,0.038989,-0.045853,0.003528,0.001483,0.001039,0.00193,0.002507,0.003518,0.004476,2.636094,6.5927,4.971722,1.268464,2.274223,2.5362,4.249518,1.229061,5.272179,0.08893,-8.3e-05,-0.00014,-0.000159,0.002297,0.002362,0.001933,-0.015835,0.00035,0.002313,307.358941,0.74073,-0.132758,0.972812,306.84942,307.35929,307.863047,2.476656,6.684609,5.043332,4.6e-05,0.000299,0.000438,0.002456,0.429625,4.879827,0.089173,-253.569652,-55.032624,-164.748754,0.789708,0.745771,0.760022,0.040276,-0.109429,-0.078107,0.999988,0.999987,0.999987,0.999987,0.999987,,,,,,,,,,,,,,,,,,,,,,,,,,,,,,,,,,,,,,,,,,,,,,,,,,,,,,,,16.0,0.02606,0.066471,106.916977,109.736774,,,10.0,4.0,7.057617,1.954107,1e-05,1.8e-05,-2.6e-05,-2.8e-05,0.0,9e-06,-3.372191,0.660139,-0.97806,-0.453336,-2.276267,-1.412341,-1.781728,-0.382709,-0.585862,-0.483188,-0.495543,-0.448137,-0.795231,0.950528,0.390618,0.395325,0.21928,0.22711,0.211871,0.22747,0.195315,0.181679,0.198761,0.187084,0.154744,0.183044,-4.038274,4.038842,0.0,0.0,1.0,0.0,0.0,0.0,0.0,1.0,0.0,1.0,0.0,0.0,0.0,0.0,0.0,1.0,0.0,0.0,0.0,0.0,0.0,1.0,0.0,1.0,0.0,0.0,,,,0.0,,0.92,0.988536,,0.0,0.0,1.0,1.0,0.0,0.0,0.0,0.0,0.0,1.0,0.0,,0.0,0.0,,,0.0,1,,,0.0,,0.0,0.0,0,,,0.0,0.0,0.0,,,0.0,0.0,0.0,,0.0,0.0,,,0,,0.0,1.0,0.0,,,,0.0,0.0,,,0.0,,0.0,0.0,1.0,,,2
1440005200,0.997646,0.002351,0.000767,0.003069,0.996094,0.997951,0.999065,2.509988,6.684609,5.044025,0.000144,0.000341,0.000406,0.002071,0.429806,1.341674,0.100554,-0.020278,0.017065,-0.997289,0.002248,0.002111,0.002352,0.067098,-0.020956,0.00513,0.003613,0.00148,0.001227,0.00198,0.002506,0.003384,0.004595,2.593537,6.600773,5.020204,1.114789,2.380207,2.32882,4.140216,1.181625,0.432585,0.086527,-4e-06,-0.000152,9e-06,0.002296,0.002482,0.001946,0.081886,0.029479,-0.008507,307.443178,0.727685,-0.335976,0.960673,306.935635,307.450953,307.937637,2.534902,6.684609,5.043199,3.5e-05,0.000425,0.000302,0.002352,0.429587,1.219744,0.087849,-253.679141,-55.041915,-164.734349,0.729405,0.731086,0.80374,-0.000963,-0.05262,-0.068658,0.999988,0.999988,0.999988,0.999988,0.999986,,,,,,,,,,,,,,,,,,,,,,,,,,,,,,,,,,,,,,,,,,,,,,,,,,,,,,,,9.0,0.033102,0.046285,106.979286,109.583271,,,10.0,4.0,4.607931,1.527779,1.1e-05,2.1e-05,8e-06,4.6e-05,3.3e-05,7e-06,-0.881261,0.581194,-1.013707,-0.492769,-2.276372,-1.365962,-1.723271,-0.370472,-0.621333,-0.515323,-0.468881,-0.417761,-0.76639,1.00369,0.472135,0.425665,0.205299,0.223898,0.194102,0.198021,0.216493,0.188725,0.200153,0.183562,0.182035,0.182443,-4.488434,4.489324,0.0,0.0,1.0,0.0,0.0,0.0,0.0,1.0,0.0,1.0,0.0,0.0,0.0,0.0,0.0,1.0,0.0,0.0,0.0,0.0,0.0,1.0,0.0,1.0,0.0,0.0,,,,0.0,,0.91,0.988536,,0.0,0.0,1.0,1.0,0.0,0.0,0.0,0.0,0.0,1.0,0.0,,0.0,0.0,,,0.0,1,,,0.0,,0.0,0.0,0,,,0.0,0.0,0.0,,,0.0,0.0,0.0,,0.0,0.0,,,0,,0.0,1.0,0.0,,,,0.0,0.0,,,0.0,,0.0,0.0,1.0,,,2
1440005260,0.997465,0.005574,-0.007313,0.015259,0.995248,0.997902,0.999185,1.085248,6.684596,5.043707,0.000201,0.000615,0.000416,0.003108,0.429747,0.223802,0.188352,-0.020131,0.017862,-0.997096,0.002598,0.002539,0.005571,0.03571,0.005004,-0.161704,0.003659,0.001747,0.001817,0.00266,0.002511,0.00341,0.004574,2.406798,6.57591,4.888284,0.672007,2.51379,2.589932,4.238629,1.222114,0.621839,0.129148,1.3e-05,-6.3e-05,9.2e-05,0.002562,0.002435,0.001984,0.020447,0.058595,-0.030944,307.401095,0.744586,0.33686,1.003293,306.901731,307.428055,307.865416,2.494638,6.684609,5.043359,3.2e-05,0.000401,0.00029,0.002293,0.429629,0.493168,0.100149,-253.616916,-55.053367,-164.747918,0.73504,0.733155,0.7873,0.093687,-0.037695,-0.037058,0.999989,0.999988,0.999988,0.999988,0.999987,,,,,,,,,,,,,,,,,,,,,,,,,,,,,,,,,,,,,,,,,,,,,,,,,,,,,,,,14.0,0.01917,0.076985,106.790138,108.803181,,,50.0,3.0,7.531516,2.019096,5e-06,2.7e-05,8e-06,-5.6e-05,3.8e-05,1.1e-05,-14.185612,0.104239,-1.324024,-0.446614,-2.156912,-1.303888,-1.715112,-0.350542,-0.625592,-0.536809,-0.519409,-0.447225,-0.673239,3.041656,1.198503,0.842998,0.340995,0.360647,0.253153,0.255013,0.282829,0.23429,0.256913,0.224656,0.206787,0.223841,-1.818698,1.818762,0.0,0.0,1.0,0.0,0.0,0.0,0.0,1.0,0.0,1.0,0.0,0.0,0.0,0.0,0.0,1.0,0.0,0.0,0.0,0.0,0.0,1.0,0.0,1.0,0.0,0.0,,,,0.0,,0.91,0.988536,,0.0,0.0,1.0,1.0,0.0,0.0,0.0,0.0,0.0,1.0,0.0,,0.0,0.0,,,0.0,1,,,0.0,,0.0,0.0,0,,,0.0,0.0,0.0,,,0.0,0.0,0.0,,0.0,0.0,,,0,,0.0,1.0,0.0,,,,0.0,0.0,,,0.0,,0.0,0.0,1.0,,,2
1440005320,0.997572,0.002516,-0.000806,0.003343,0.996039,0.997207,0.999115,2.469433,6.684609,5.043558,0.000112,0.000551,0.000371,0.00229,0.429688,1.403459,0.100267,-0.020447,0.017494,-0.997204,0.002276,0.002128,0.002514,0.025377,0.001727,-0.038441,0.003612,0.001453,0.001187,0.001968,0.002599,0.003513,0.004466,2.570522,6.60281,4.922614,1.099797,2.283439,1.984227,4.077749,1.080982,1.108489,0.092592,-3.4e-05,0.000433,-2e-05,0.002321,0.002445,0.001899,-0.027351,0.068259,-0.050093,307.510384,0.717625,-0.303989,0.942424,307.042039,307.487602,307.998842,2.531962,6.684609,5.043458,0.00014,0.000289,0.000235,0.002417,0.429656,0.337644,0.077532,-253.720985,-55.116894,-164.770464,0.750832,0.70165,0.761043,0.036703,-0.09883,-0.066221,0.999989,0.999988,0.999988,0.999988,0.999988,,,,,,,,,,,,,,,,,,,,,,,,,,,,,,,,,,,,,,,,,,,,,,,,,,,,,,,,5.0,0.020005,0.03824,106.80452,108.3022,,,65.0,10.0,3.8605,1.350797,1.2e-05,1.6e-05,2.6e-05,1.7e-05,0.000106,4.8e-05,-1.093022,0.526991,-1.054449,-0.436909,-2.260365,-1.366426,-1.682384,-0.377067,-0.633876,-0.534623,-0.461647,-0.393303,-0.77778,1.067662,0.49378,0.501923,0.342424,0.25447,0.19981,0.204676,0.191538,0.187445,0.196641,0.190567,0.175041,0.170446,-4.438769,4.439616,0.0,0.0,1.0,0.0,0.0,0.0,0.0,1.0,0.0,1.0,0.0,0.0,0.0,0.0,0.0,1.0,0.0,0.0,0.0,0.0,0.0,1.0,0.0,1.0,0.0,0.0,,,,0.0,,0.91,0.988536,,0.0,0.0,1.0,1.0,0.0,0.0,0.0,0.0,0.0,1.0,0.0,,0.0,0.0,,,0.0,1,,,0.0,,0.0,0.0,0,,,0.0,0.0,0.0,,,0.0,0.0,0.0,,0.0,0.0,,,0,,0.0,1.0,0.0,,,,0.0,0.0,,,0.0,,0.0,0.0,1.0,,,2
1440005380,0.99713,0.002819,-0.003101,0.005409,0.995214,0.997097,0.998976,1.876981,6.684608,5.043662,0.000201,0.00048,0.000392,0.003225,0.429732,4.814711,0.098524,-0.021166,0.016015,-0.996772,0.002334,0.002136,0.002818,0.009314,-0.017036,-0.054984,0.003663,0.001666,0.001733,0.002759,0.002524,0.003464,0.004548,2.050933,6.583889,4.917867,1.763065,2.532687,2.25808,4.233476,1.223427,4.0284,0.08404,5.8e-05,-0.000275,0.000218,0.002528,0.002456,0.00191,-0.010012,0.021628,0.01566,307.954745,0.743769,-0.32115,0.975707,307.426268,307.973158,308.483303,2.474442,6.684609,5.043518,0.000136,0.000365,0.000504,0.002698,0.429683,1.116495,0.103806,-254.165012,-55.156653,-164.902396,0.790834,0.730745,0.780255,0.063907,-0.120241,-0.088316,0.999988,0.999987,0.999987,0.999987,0.999986,,,,,,,,,,,,,,,,,,,,,,,,,,,,,,,,,,,,,,,,,,,,,,,,,,,,,,,,20.0,0.041256,0.073973,106.80452,109.201313,,,10.0,4.0,8.346463,2.121838,1.8e-05,2.1e-05,-4e-06,5.6e-05,4e-06,8e-06,-10.970004,0.492186,-1.092497,-0.641064,-2.40689,-1.202714,-1.596698,-0.469097,-0.548255,-0.450661,-0.63605,-0.548981,-0.827911,2.685068,0.947737,1.170481,0.492201,0.430533,0.583925,0.506002,0.396324,0.270864,0.281583,0.26266,0.229839,0.191797,-2.594839,2.594973,0.0,0.0,1.0,0.0,0.0,0.0,0.0,1.0,0.0,1.0,0.0,0.0,0.0,0.0,0.0,1.0,0.0,0.0,0.0,0.0,0.0,1.0,0.0,1.0,0.0,0.0,,,,0.0,,0.91,0.988536,,0.0,0.0,1.0,1.0,0.0,0.0,0.0,0.0,0.0,1.0,0.0,,0.0,0.0,,,0.0,1,,,0.0,,0.0,0.0,0,,,0.0,0.0,0.0,,,0.0,0.0,0.0,,0.0,0.0,,,0,,0.0,1.0,0.0,,,,0.0,0.0,,,0.0,,0.0,0.0,1.0,,,2
1440005440,0.997155,0.004422,0.008117,0.016028,0.995152,0.997082,0.999013,0.722037,6.684602,5.043389,0.000335,0.00127,0.001299,0.019522,0.429967,0.064217,0.161796,-0.02104,0.015954,-0.9968,0.002268,0.002297,0.004424,0.00743,0.068643,0.141621,0.003722,0.001869,0.002721,0.004403,0.002493,0.003543,0.004731,1.688724,6.575097,4.942338,2.33568,3.816473,3.322426,4.310039,1.701982,2.514364,0.090185,2.1e-05,0.00027,3.4e-05,0.002679,0.002548,0.001897,-0.034882,0.008016,-0.004199,307.816881,0.76981,0.311559,1.003511,307.254095,307.789808,308.328439,2.592827,6.684609,5.043016,3.6e-05,0.00045,0.000388,0.002724,0.429548,0.259502,0.08279,-254.049886,-55.178909,-164.814928,0.800229,0.752313,0.775567,0.022388,-0.047145,-0.109751,0.999988,0.999987,0.999987,0.999987,0.999986,,,,,,,,,,,,,,,,,,,,,,,,,,,,,,,,,,,,,,,,,,,,,,,,,,,,,,,,18.0,0.028206,0.020698,107.099197,109.074055,,,10.0,4.0,3.732654,1.317119,9e-06,8e-06,-1.8e-05,-1.9e-05,2.7e-05,6e-06,-16.984655,0.302557,-1.223942,-0.493693,-2.360238,-1.212688,-1.585553,-0.526904,-0.733969,-0.538877,-0.517662,-0.51617,-0.837112,2.673986,1.206516,0.948717,0.412071,0.46812,0.254875,0.365222,0.256952,0.253416,0.293446,0.245676,0.212051,0.208898,-1.421117,1.421161,0.0,0.0,1.0,0.0,0.0,0.0,0.0,1.0,0.0,1.0,0.0,0.0,0.0,0.0,0.0,1.0,0.0,0.0,0.0,0.0,0.0,1.0,0.0,1.0,0.0,0.0,,,,0.0,,0.91,0.988536,,0.0,0.0,1.0,1.0,0.0,0.0,0.0,0.0,0.0,1.0,0.0,,0.0,0.0,,,0.0,1,,,0.0,,0.0,0.0,0,,,0.0,0.0,0.0,,,0.0,0.0,0.0,,0.0,0.0,,,0,,0.0,1.0,0.0,,,,0.0,0.0,,,0.0,,0.0,0.0,1.0,,,2
1440005500,1.001122,0.005253,0.009491,0.017718,0.999022,1.000963,1.00301,0.95884,6.684598,5.04239,0.000467,0.0023,0.001743,0.006472,0.42952,1.048874,0.211216,-0.024018,0.015324,-1.000711,0.002421,0.002431,0.00525,0.039159,0.055064,-0.057523,0.004115,0.002117,0.00336,0.005427,0.002816,0.003898,0.005166,1.616894,6.5759,4.885504,1.947468,3.089601,2.903725,4.371674,1.470678,1.514122,0.107455,-0.000113,0.000126,0.000218,0.002848,0.002857,0.002249,-0.205765,-0.052964,0.180605,303.926485,0.788858,0.290176,1.041417,303.440388,303.906661,304.438712,2.569639,6.684608,5.042697,7.8e-05,0.000448,0.000269,0.002428,0.429456,6.041888,0.086198,-247.213647,-56.514485,-167.515565,0.830305,0.785635,0.827991,-0.044498,-0.053199,-0.163873,0.999986,0.999986,0.999985,0.999985,0.999984,,,,,,,,,,,,,,,,,,,,,,,,,,,,,,,,,,,,,,,,,,,,,,,,,,,,,,,,8.0,0.029283,0.049022,107.525581,109.933918,,,30.0,4.0,4.969393,1.603298,1e-05,2.3e-05,1.1e-05,5.1e-05,0.000124,4.9e-05,-18.538417,0.540643,-0.902182,-0.409963,-2.296071,-1.34072,-1.762399,-0.478446,-0.513073,-0.391766,-0.565808,-0.569925,-0.783249,2.415075,0.773627,0.905044,0.412608,0.331626,0.314198,0.262119,0.253638,0.198808,0.264395,0.206691,0.194116,0.200089,-1.249895,1.249933,1.0,0.0,0.0,0.0,0.0,0.0,0.0,1.0,0.0,1.0,0.0,0.0,0.0,0.0,0.0,1.0,0.0,0.0,0.0,0.0,0.0,1.0,0.0,1.0,0.0,0.0,,,,0.0,,0.91,0.988737,,0.0,0.0,1.0,1.0,0.0,0.0,0.0,0.0,0.0,1.0,0.0,,0.0,0.0,,,0.0,1,,,0.0,,0.0,0.0,0,,,0.0,0.0,0.0,,,0.0,0.0,0.0,,0.0,0.0,,,0,,0.0,1.0,0.0,,,,0.0,0.0,,,0.0,,0.0,0.0,1.0,,,2
1440005560,0.999155,0.003507,-0.00474,0.008262,0.997195,0.999113,1.001025,1.509382,6.684606,5.043547,0.000127,0.000648,0.000736,0.003953,0.429724,0.096669,0.123006,-0.023438,0.016586,-0.998736,0.002357,0.00269,0.00351,0.026253,0.042677,0.071824,0.003705,0.002,0.002927,0.004482,0.002456,0.003404,0.004556,1.790558,6.563885,4.86322,1.77659,3.042412,2.606327,4.335914,1.356673,0.946334,0.185336,-0.000107,0.000426,0.000173,0.002575,0.002607,0.002019,-0.15619,0.013,0.060478,303.300554,0.764831,-0.355035,1.01651,302.781894,303.314833,303.808486,2.573716,6.684609,5.043651,0.000113,0.000311,0.000452,0.002847,0.42972,0.649095,0.10315,-246.700891,-56.297327,-167.210159,0.803861,0.780588,0.774212,0.038437,-0.06776,-0.122413,0.999987,0.999986,0.999986,0.999986,0.999987,,,,,,,,,,,,,,,,,,,,,,,,,,,,,,,,,,,,,,,,,,,,,,,,,,,,,,,,7.0,0.013052,0.068586,106.957664,108.3741,,,65.0,10.0,6.634977,1.892355,6e-06,2.5e-05,1.4e-05,-5.9e-05,0.0001,8e-05,-13.422897,-0.052932,-1.430412,-0.331597,-2.333915,-1.371372,-1.743874,-0.362023,-0.66297,-0.494878,-0.641772,-0.582693,-0.646004,3.593689,1.388608,1.157719,0.67271,0.567415,0.566504,0.431861,0.510612,0.388164,0.392965,0.331336,0.296875,0.277816,-1.812642,1.812705,1.0,0.0,0.0,0.0,0.0,0.0,0.0,1.0,0.0,1.0,0.0,0.0,0.0,0.0,0.0,1.0,0.0,0.0,0.0,0.0,0.0,1.0,0.0,1.0,0.0,0.0,,,,0.0,,0.9,0.988898,,0.0,0.0,1.0,1.0,0.0,0.0,0.0,0.0,0.0,1.0,0.0,,0.0,0.0,,,0.0,1,,,0.0,,0.0,0.0,0,,,0.0,0.0,0.0,,,0.0,0.0,0.0,,0.0,0.0,,,0,,0.0,1.0,0.0,,,,0.0,0.0,,,0.0,,0.0,0.0,1.0,,,2
1440005620,0.999324,0.002473,0.001179,0.0032,0.997919,0.999089,1.001043,2.500334,6.684609,5.043117,0.000141,0.000403,0.0004,0.002325,0.429569,7.875305,0.084711,-0.02299,0.016454,-0.998919,0.002357,0.002154,0.002473,-0.047968,0.014272,0.032631,0.003647,0.001515,0.00123,0.002031,0.002509,0.003471,0.004559,2.584408,6.597384,4.914387,0.710712,2.286932,2.466539,4.282029,1.208384,2.811994,0.105088,-5.3e-05,-0.000145,0.000151,0.00241,0.002307,0.002103,-0.043993,-0.05749,0.0986,303.229091,0.730263,-0.343053,0.972979,302.766791,303.225562,303.72126,2.586789,6.684609,5.042867,4.1e-05,0.000332,0.000366,0.002536,0.429503,0.285516,0.102753,-246.666635,-56.332331,-167.119143,0.752302,0.769379,0.829803,0.047202,-0.118521,-0.096268,0.999987,0.999986,0.999986,0.999986,0.999984,,,,,,,,,,,,,,,,,,,,,,,,,,,,,,,,,,,,,,,,,,,,,,,,,,,,,,,,12.0,0.046019,0.022795,106.844437,109.868366,,,10.0,4.0,5.273667,1.662726,1.8e-05,7e-06,-3.1e-05,6e-06,5.9e-05,4.5e-05,-17.491978,0.659345,-1.179486,-0.303598,-2.561419,-1.421383,-1.671472,-0.339035,-0.784739,-0.604022,-0.619536,-0.662518,-0.738098,4.609298,1.497296,1.223706,0.731958,0.657253,0.599558,0.52504,0.470979,0.374381,0.483933,0.418968,0.384344,0.301818,-1.067043,1.067076,1.0,0.0,0.0,0.0,0.0,0.0,0.0,1.0,0.0,1.0,0.0,0.0,0.0,0.0,0.0,1.0,0.0,0.0,0.0,0.0,0.0,1.0,0.0,1.0,0.0,0.0,,,,0.0,,0.9,0.988989,,0.0,0.0,1.0,1.0,0.0,0.0,0.0,0.0,0.0,1.0,0.0,,0.0,0.0,,,0.0,1,,,0.0,,0.0,0.0,0,,,0.0,0.0,0.0,,,0.0,0.0,0.0,,0.0,0.0,,,0,,0.0,1.0,0.0,,,,0.0,0.0,,,0.0,,0.0,0.0,1.0,,,2
1440005680,0.999204,0.003463,-0.003358,0.008488,0.997148,0.999081,1.001026,1.282741,6.684606,5.043107,0.000121,0.00059,0.000475,0.002294,0.42957,0.859595,0.179321,-0.023608,0.016316,-0.998787,0.002397,0.002152,0.003459,0.090299,0.04123,-0.059126,0.003742,0.001766,0.002438,0.003999,0.002583,0.003626,0.004764,1.769202,6.583419,4.928155,1.341519,2.330926,2.259928,4.131618,1.148476,0.351499,0.097522,-0.000128,0.000205,-0.000209,0.002531,0.002505,0.002083,-0.044319,-0.004786,0.044709,302.4108,0.740031,0.30727,0.982596,301.920925,302.396579,302.862991,2.547582,6.684609,5.043037,0.000138,0.000435,0.00029,0.00229,0.429545,1.218659,0.076716,-247.014398,-56.449013,-165.070859,0.774858,0.750331,0.826742,0.087003,-0.144582,-0.072944,0.999986,0.999986,0.999986,0.999986,0.999986,,,,,,,,,,,,,,,,,,,,,,,,,,,,,,,,,,,,,,,,,,,,,,,,,,,,,,,,11.0,0.092304,0.160981,107.07045,110.065571,,,10.0,4.0,18.534349,2.919626,3.4e-05,5.9e-05,5.2e-05,-8.2e-05,5.2e-05,6.3e-05,-8.658387,0.802208,-0.718692,-0.480176,-2.337849,-1.337673,-1.819727,-0.513245,-0.644443,-0.401502,-0.56463,-0.419717,-0.756149,1.382116,0.445365,0.464906,0.270043,0.216142,0.327021,0.230325,0.206764,0.246319,0.209604,0.239028,0.200991,0.182941,-3.13662,3.136851,1.0,0.0,0.0,0.0,0.0,0.0,0.0,1.0,0.0,1.0,0.0,0.0,0.0,0.0,0.0,1.0,0.0,0.0,0.0,0.0,0.0,1.0,0.0,1.0,0.0,0.0,,,,0.0,,0.9,0.988989,,0.0,0.0,1.0,1.0,0.0,0.0,0.0,0.0,0.0,1.0,0.0,,0.0,0.0,,,0.0,1,,,0.0,,0.0,0.0,0,,,0.0,0.0,0.0,,,0.0,0.0,0.0,,0.0,0.0,,,0,,0.0,1.0,0.0,,,,0.0,0.0,,,0.0,,0.0,0.0,1.0,,,2
1440005740,0.996085,0.034706,0.026858,0.052185,0.977252,0.994367,1.013508,2.205911,6.684007,5.04502,0.007862,0.09742,0.341125,0.38015,0.442754,0.248731,0.137915,-0.090233,-0.731975,-0.650899,0.097358,0.06795,0.108145,0.469488,-0.57883,-0.81284,0.542221,0.4032,0.413359,0.561959,0.239825,0.423544,0.765439,2.582588,6.419722,5.240008,3.420774,4.104044,4.13328,3.727192,1.956466,7.841421,0.095278,0.006131,-0.014675,0.003501,0.299402,0.569883,0.204697,-0.380455,-0.425176,0.550966,316.555571,4.538945,-2.69426,5.700427,313.315893,317.200404,319.459304,2.806234,6.684509,5.053951,0.019193,0.011097,0.001341,0.002484,0.433495,3.810664,0.288801,-246.950873,-89.977132,-176.398426,4.377224,3.119893,1.454329,0.56634,0.674479,0.221683,0.999969,0.999943,0.999915,0.999903,0.999748,,,,,,,,,,,,,,,,,,,,,,,,,,,,,,,,,,,,,,,,,,,,,,,,,,,,,,,,7.0,0.196718,0.05043,106.931381,108.391434,,,65.0,10.0,24.53635,3.200156,6.7e-05,3.2e-05,-8.9e-05,5.8e-05,0.000311,8.5e-05,-15.867684,0.52332,-0.903621,-0.71673,-2.001767,-1.301168,-1.738475,-0.576107,-0.760412,-0.262948,-0.444053,-0.578078,-0.743636,2.228995,0.843101,0.828874,0.450871,0.319052,0.326524,0.293724,0.329577,0.265307,0.248592,0.278899,0.282855,0.208054,-1.719329,1.719386,0.0,0.0,1.0,0.0,0.0,0.0,0.0,1.0,0.0,1.0,0.0,0.0,0.0,0.0,0.0,1.0,0.0,0.0,0.0,0.0,0.0,1.0,0.0,1.0,0.0,0.0,,,,0.0,,0.9,0.98436,,0.0,0.0,1.0,1.0,0.0,0.0,0.0,0.0,0.0,1.0,0.0,,0.0,0.0,,,0.0,1,,,0.0,,0.0,0.0,0,,,0.0,0.0,0.0,,,0.0,0.0,0.0,,0.0,0.0,,,0,,0.0,1.0,0.0,,,,0.0,0.0,,,0.0,,0.0,0.0,1.0,,,2
1440005800,1.00051,0.004233,0.00647,0.011226,0.998715,1.000662,1.002611,1.182918,6.684603,5.044749,0.000735,0.003897,0.003184,0.010674,0.430271,1.183652,0.161371,-0.014071,0.010757,-1.000348,0.002622,0.00233,0.00423,0.095404,-0.194063,-0.141832,0.003978,0.005108,0.013242,0.022368,0.002512,0.003568,0.004733,0.247546,6.442905,4.681106,3.853458,4.969612,4.354078,5.837149,4.511297,1.189766,0.113442,-3.6e-05,7.5e-05,0.000194,0.003427,0.005045,0.002162,-0.550072,0.018996,0.028349,315.459697,0.752114,0.40085,0.987982,314.947603,315.437787,315.952403,2.539779,6.684609,5.043195,6.1e-05,0.000389,0.00025,0.0024,0.429586,2.38657,0.069159,-261.971485,-57.826508,-165.953258,0.793048,0.752924,0.861512,0.071252,-0.134265,-0.203131,0.999988,0.999987,0.999987,0.999986,0.999986,,,,,,,,,,,,,,,,,,,,,,,,,,,,,,,,,,,,,,,,,,,,,,,,,,,,,,,,7.0,0.093432,0.043325,107.064407,107.338539,,,65.0,10.0,11.066416,2.403915,3.5e-05,1.3e-05,2.2e-05,3.6e-05,0.000361,0.000154,-14.741441,0.684682,-0.859479,-0.427637,-2.560231,-1.338635,-1.691587,-0.433133,-0.667093,-0.434519,-0.499287,-0.528249,-0.745221,3.471368,1.175023,0.950419,0.580569,0.44841,0.45914,0.359622,0.319843,0.322624,0.262289,0.271294,0.365006,0.210961,-1.830097,1.830161,0.0,0.0,1.0,0.0,0.0,0.0,0.0,1.0,0.0,1.0,0.0,0.0,0.0,0.0,0.0,1.0,0.0,0.0,0.0,0.0,0.0,1.0,0.0,1.0,0.0,0.0,,,,0.0,,0.89,0.986438,,0.0,0.0,1.0,1.0,0.0,0.0,0.0,0.0,0.0,1.0,0.0,,0.0,0.0,,,0.0,1,,,0.0,,0.0,0.0,0,,,0.0,0.0,0.0,,,0.0,0.0,0.0,,0.0,0.0,,,0,,0.0,1.0,0.0,,,,0.0,0.0,,,0.0,,0.0,0.0,1.0,,,2
1440005860,0.998196,0.043854,0.068156,0.109183,0.988197,0.99702,1.005561,1.149285,6.68369,5.041261,0.013105,0.120314,0.113741,0.160629,0.435111,0.341733,0.214237,0.240432,-0.574477,-0.744916,0.145669,0.144356,0.116314,-0.081895,0.542738,-0.710112,0.414716,0.731352,1.138046,1.544336,0.053023,0.166959,0.421277,1.241205,5.821887,5.724974,4.969092,4.59072,3.819062,2.922176,2.854088,6.327556,0.275861,0.007863,-0.018434,-0.014712,0.577373,0.514905,0.32827,0.188734,0.176163,0.53616,310.688504,5.861633,-4.376435,7.156291,306.028324,311.94942,315.841433,2.643389,6.684433,5.040033,0.013345,0.005824,0.000599,0.002373,0.429964,10.327595,0.084524,-246.179679,-78.816506,-172.260314,6.119483,5.075319,2.899385,-0.307942,0.584399,0.392548,0.999882,0.999661,0.999588,0.99957,0.999684,,,,,,,,,,,,,,,,,,,,,,,,,,,,,,,,,,,,,,,,,,,,,,,,,,,,,,,,5.0,0.039331,0.079929,106.822975,107.260124,,,65.0,10.0,8.172593,2.100786,1.6e-05,2.9e-05,1.7e-05,-5.1e-05,1.8e-05,1.8e-05,-20.785724,0.580475,-0.709878,-0.49741,-2.269556,-1.377147,-1.846211,-0.496028,-0.697634,-0.405427,-0.429005,-0.602071,-0.660793,4.691769,1.169113,1.082596,0.417627,0.439497,0.343139,0.339335,0.340822,0.471587,0.444368,0.318911,0.37253,0.35548,-0.725852,0.725878,0.0,0.0,1.0,0.0,0.0,0.0,0.0,1.0,0.0,1.0,0.0,0.0,0.0,0.0,0.0,1.0,0.0,0.0,0.0,0.0,0.0,1.0,0.0,1.0,0.0,0.0,,,,0.0,,0.89,0.986319,,0.0,0.0,1.0,1.0,0.0,0.0,0.0,0.0,0.0,1.0,0.0,,0.0,0.0,,,0.0,1,,,0.0,,0.0,0.0,0,,,0.0,0.0,0.0,,,0.0,0.0,0.0,,0.0,0.0,,,0,,0.0,1.0,0.0,,,,0.0,0.0,,,0.0,,0.0,0.0,1.0,,,2
1440005920,1.004475,0.264546,0.775943,1.356353,0.994291,1.000226,1.004945,0.474474,6.669096,4.983116,0.443391,2.026865,1.971719,4.050355,1.070747,0.378634,0.061609,0.00428,-0.261359,-0.930803,0.147168,0.224002,0.269071,-0.316729,-0.24894,-0.083845,0.220091,0.52314,0.924674,1.337564,0.007725,0.048714,0.184112,0.810152,5.447617,5.865775,4.943667,4.838209,4.026182,4.543849,3.799224,9.275238,0.138513,-0.009476,0.004163,0.025743,0.174744,0.48324,0.23935,0.359301,-0.472543,-0.066663,313.276723,6.044049,-4.364083,6.560908,306.274305,316.912452,318.464334,2.441433,6.684425,5.057082,0.008319,0.001614,0.000436,0.00284,0.434756,9.515053,0.248152,-253.86972,-68.114829,-170.302836,4.960798,7.182328,3.181125,0.284705,0.511986,0.902629,0.999963,0.999897,0.999726,0.999382,0.999143,,,,,,,,,,,,,,,,,,,,,,,,,,,,,,,,,,,,,,,,,,,,,,,,,,,,,,,,3.0,0.049297,0.018448,106.47168,106.822975,,,65.0,10.0,5.663256,1.733999,6.1e-05,0.000137,1.3e-05,2.1e-05,0.000783,0.001593,-24.097786,0.516194,-0.866332,-0.414782,-2.307238,-1.465691,-1.7917,-0.520256,-0.587355,-0.4169,-0.584185,-0.510286,-0.761414,5.578653,1.099643,1.446724,0.57715,0.40304,0.3615,0.376745,0.325128,0.270648,0.430115,0.356187,0.267413,0.265021,-0.050936,0.050956,0.0,0.0,1.0,0.0,0.0,0.0,0.0,1.0,0.0,1.0,0.0,0.0,0.0,0.0,0.0,1.0,0.0,0.0,0.0,0.0,0.0,1.0,0.0,1.0,0.0,0.0,,,,0.0,,0.88,0.986679,,0.0,0.0,1.0,1.0,0.0,0.0,0.0,0.0,0.0,1.0,0.0,,0.0,0.0,,,0.0,1,,,0.0,,0.0,0.0,0,,,0.0,0.0,0.0,,,0.0,0.0,0.0,,0.0,0.0,,,0,,0.0,1.0,0.0,,,,0.0,0.0,,,0.0,,0.0,0.0,1.0,,,2
1440005980,1.000517,0.038396,0.048798,0.12891,0.998963,1.001797,1.00378,0.307951,6.683874,5.04569,0.038286,0.130517,0.118885,0.476036,0.442853,4.079252,0.141666,-0.020737,0.011862,-1.000181,0.008098,0.004176,0.038658,0.508554,-0.058009,-0.467286,0.00943,0.036952,0.079724,0.122333,0.002738,0.003994,0.005144,0.23041,5.216203,3.946111,4.109311,5.212785,4.882107,6.237561,5.469076,7.192822,0.198177,-0.000373,0.000906,-0.000261,0.016123,0.034443,0.002653,-0.981121,-0.484057,0.484093,305.724495,0.7753,0.334826,1.014173,305.201839,305.719225,306.278124,2.536097,6.684609,5.04339,4e-05,0.000449,0.000282,0.002945,0.42965,0.285404,0.121233,-250.585911,-57.246123,-165.516129,0.79311,0.791022,0.898011,0.082229,-0.116093,-0.156296,0.999986,0.999985,0.999985,0.999984,0.999984,,,,,,,,,,,,,,,,,,,,,,,,,,,,,,,,,,,,,,,,,,,,,,,,,,,,,,,,19.0,0.023159,0.057785,106.50235,109.272785,,,10.0,3.0,6.135475,1.814088,8e-06,1.9e-05,-8e-06,4e-06,1.1e-05,3.8e-05,-19.263728,0.546617,-1.506826,-0.519044,-2.314659,-1.306377,-1.706861,-0.509307,-0.645051,-0.522559,-0.642587,-0.5558,-0.72843,5.30343,1.153322,1.637883,0.694357,0.622243,0.495312,0.524388,0.366978,0.414988,0.408294,0.466807,0.351627,0.329671,-0.645334,0.645358,0.0,0.0,1.0,0.0,0.0,0.0,0.0,1.0,0.0,1.0,0.0,0.0,0.0,0.0,0.0,1.0,0.0,0.0,0.0,0.0,0.0,1.0,0.0,1.0,0.0,0.0,,,,0.0,,0.88,0.987932,,0.0,0.0,1.0,1.0,0.0,0.0,0.0,0.0,0.0,1.0,0.0,,0.0,0.0,,,0.0,1,,,0.0,,0.0,0.0,0,,,0.0,0.0,0.0,,,0.0,0.0,0.0,,0.0,0.0,,,0,,0.0,1.0,0.0,,,,0.0,0.0,,,0.0,,0.0,0.0,1.0,,,2
1440006040,1.004251,0.030284,-0.067834,0.118573,1.001783,1.004669,1.00669,0.220964,6.684081,5.041779,0.074483,0.117286,0.110186,0.505305,0.442857,0.157484,0.196515,-0.019374,0.008246,-1.003997,0.005604,0.004091,0.030593,0.041881,-0.31367,0.010099,0.009134,0.025336,0.048383,0.069767,0.003162,0.004385,0.005841,0.382646,5.601502,5.256317,3.656696,4.868657,4.655763,5.978743,4.891199,5.435543,0.207588,0.00031,-3.1e-05,0.001572,0.017241,0.017109,0.011523,-0.600066,-0.013784,0.03872,308.518014,0.794836,0.31715,1.043109,307.973578,308.502135,309.030432,2.495466,6.684608,5.044133,0.00011,0.000337,0.00035,0.002503,0.429841,3.007378,0.074501,-253.845651,-56.441667,-166.00816,0.815664,0.771139,0.866825,0.065591,-0.073463,-0.170388,0.999987,0.999986,0.999986,0.999985,0.999986,,,,,,,,,,,,,,,,,,,,,,,,,,,,,,,,,,,,,,,,,,,,,,,,,,,,,,,,5.0,0.04712,0.048983,106.88707,108.323318,,,65.0,10.0,6.966399,1.941098,1.8e-05,1.8e-05,4.8e-05,4.7e-05,0.000106,0.000129,-16.212446,0.327883,-2.404992,-0.803574,-2.458887,-1.362178,-1.666173,-0.525563,-0.424784,-0.741079,-0.78106,-0.533693,-0.592005,5.951657,2.114043,1.866509,1.046764,0.90127,0.857589,0.67529,0.532482,0.599053,0.515778,0.585801,0.464151,0.443691,-0.533489,0.533512,0.0,0.0,1.0,0.0,0.0,0.0,0.0,1.0,0.0,1.0,0.0,0.0,0.0,0.0,0.0,1.0,0.0,0.0,0.0,0.0,0.0,1.0,0.0,1.0,0.0,0.0,,,,0.0,,0.87,0.987932,,0.0,0.0,1.0,1.0,0.0,0.0,0.0,0.0,0.0,1.0,0.0,,0.0,0.0,,,0.0,1,,,0.0,,0.0,0.0,0,,,0.0,0.0,0.0,,,0.0,0.0,0.0,,0.0,0.0,,,0,,0.0,1.0,0.0,,,,0.0,0.0,,,0.0,,0.0,0.0,1.0,,,2
1440006100,0.999973,0.002751,0.002021,0.004436,0.997981,0.99984,1.001791,1.95678,6.684608,5.043245,0.000251,0.000711,0.000648,0.003927,0.429646,1.091345,0.10533,-0.018225,0.011258,-0.999738,0.002338,0.002196,0.002748,-0.050104,0.020533,-0.0822,0.003821,0.001727,0.001785,0.002713,0.002636,0.003654,0.004785,2.172556,6.58649,5.107772,2.05588,3.022353,2.643903,4.343652,1.474198,2.109203,0.100551,4e-06,0.000165,-0.00017,0.002668,0.002384,0.002172,0.035433,0.005189,-0.024723,307.618739,0.755066,0.31861,1.016786,307.119448,307.6068,308.122433,2.422931,6.684609,5.043421,9.6e-05,0.00023,0.000299,0.002788,0.429654,8.923329,0.121124,-253.177442,-56.743743,-165.255397,0.814353,0.732218,0.802317,0.075845,-0.158568,-0.04627,0.999988,0.999987,0.999987,0.999987,0.999985,,,,,,,,,,,,,,,,,,,,,,,,,,,,,,,,,,,,,,,,,,,,,,,,,,,,,,,,9.0,0.055051,0.093426,106.752563,108.301167,,,50.0,4.0,9.592897,2.261023,2.3e-05,3.3e-05,-5.7e-05,-5.7e-05,1.7e-05,1.1e-05,-14.130261,0.104408,-2.751963,-0.651217,-2.707912,-1.451657,-1.738664,-0.302836,-0.614672,-0.560775,-0.513655,-0.803939,-0.398359,5.359712,2.098255,1.75918,1.162712,1.008863,0.856527,0.631963,0.719701,0.546606,0.663809,0.613563,0.551868,0.484536,-0.502471,0.502494,1.0,0.0,0.0,0.0,0.0,0.0,0.0,1.0,0.0,1.0,0.0,0.0,0.0,0.0,0.0,1.0,0.0,0.0,0.0,0.0,0.0,1.0,0.0,1.0,0.0,0.0,,,,0.0,,0.87,0.987932,,0.0,0.0,1.0,1.0,0.0,0.0,0.0,0.0,0.0,1.0,0.0,,0.0,0.0,,,0.0,1,,,0.0,,0.0,0.0,0,,,0.0,0.0,0.0,,,0.0,0.0,0.0,,0.0,0.0,,,0,,0.0,1.0,0.0,,,,0.0,0.0,,,0.0,,0.0,0.0,1.0,,,2
1440006160,0.999656,0.004037,-0.00507,0.010147,0.997878,0.999822,1.001741,1.166179,6.684604,5.043613,0.000193,0.000575,0.000756,0.00408,0.429744,0.607285,0.093701,-0.018765,0.010632,-0.999418,0.002331,0.002208,0.004036,0.037391,0.014488,-0.040949,0.003957,0.00208,0.002892,0.004493,0.002672,0.003652,0.00482,1.728144,6.565657,4.904304,1.741731,3.122043,2.605733,4.312195,1.388696,0.37857,0.14049,5.9e-05,-0.000234,-0.000115,0.003085,0.002438,0.002109,-0.084141,0.001653,0.062732,307.497952,0.815243,-0.335361,1.11617,306.968551,307.477372,308.036892,2.475817,6.684608,5.044474,6.3e-05,0.000334,0.000285,0.002698,0.429933,3.426226,0.124643,-253.007463,-56.650829,-165.322615,0.789703,0.806983,0.848751,8.7e-05,0.057154,-0.160264,0.999987,0.999987,0.999986,0.999985,0.999985,,,,,,,,,,,,,,,,,,,,,,,,,,,,,,,,,,,,,,,,,,,,,,,,,,,,,,,,10.0,0.015297,0.034668,106.85054,108.812397,,,50.0,4.0,3.713314,1.311925,4e-06,1e-05,9e-06,-9e-06,2e-05,4.6e-05,-16.08681,0.381151,-2.519178,-0.687636,-2.300381,-1.082972,-1.714942,-0.569411,-0.5784,-0.498929,-0.993161,-0.91768,-0.476688,5.300695,1.98843,1.763509,0.98021,0.827417,0.853798,0.515442,0.547809,0.501161,0.420775,0.619829,0.478677,0.42219,-0.703254,0.703279,1.0,0.0,0.0,0.0,0.0,0.0,0.0,1.0,0.0,1.0,0.0,0.0,0.0,0.0,0.0,1.0,0.0,0.0,0.0,0.0,0.0,1.0,0.0,1.0,0.0,0.0,,,,0.0,,0.86,0.987932,,0.0,0.0,1.0,1.0,0.0,0.0,0.0,0.0,0.0,1.0,0.0,,0.0,0.0,,,0.0,1,,,0.0,,0.0,0.0,0,,,0.0,0.0,0.0,,,0.0,0.0,0.0,,0.0,0.0,,,0,,0.0,1.0,0.0,,,,0.0,0.0,,,0.0,,0.0,0.0,1.0,,,2
1440006220,0.999724,0.002603,-0.00113,0.003614,0.997852,0.999796,1.001738,2.232413,6.684608,5.043253,5.3e-05,0.000502,0.000577,0.002094,0.429608,6.649216,0.086605,-0.01898,0.010142,-0.999487,0.002262,0.002034,0.002601,-0.000434,0.02896,-0.004672,0.003672,0.001528,0.001242,0.002063,0.00256,0.003555,0.00459,2.62484,6.597238,4.946483,1.617784,2.200793,2.412379,4.15834,1.174218,0.054081,0.077943,-1.1e-05,0.000302,-0.000188,0.002434,0.002315,0.0021,0.016268,0.098888,-0.058799,308.205946,0.759091,-0.354424,0.999793,307.656094,308.223941,308.728302,2.599922,6.684609,5.043401,7.8e-05,0.000317,0.000437,0.002655,0.429649,0.233467,0.095462,-254.880052,-56.949665,-163.653218,0.77414,0.743162,0.921231,0.094817,-0.142153,-0.147042,0.999988,0.999986,0.999986,0.999985,0.99998,,,,,,,,,,,,,,,,,,,,,,,,,,,,,,,,,,,,,,,,,,,,,,,,,,,,,,,,7.0,0.030619,0.060519,106.83271,108.300613,,,65.0,10.0,6.694282,1.901254,9e-06,1.9e-05,-1.2e-05,-8e-06,4e-05,0.000103,-16.228471,1.772461,-2.179176,-0.794112,-2.101691,-1.279212,-1.758029,-0.759958,-1.153275,-0.922765,-0.49529,-0.653189,-0.998482,5.235519,1.851876,1.605595,0.792519,0.788448,0.618827,0.555678,0.520922,0.635572,0.420439,0.437827,0.328674,0.302044,-0.785755,0.785782,1.0,0.0,0.0,0.0,0.0,0.0,0.0,1.0,0.0,1.0,0.0,0.0,0.0,0.0,0.0,1.0,0.0,0.0,0.0,0.0,0.0,1.0,0.0,1.0,0.0,0.0,,,,0.0,,0.86,0.987932,,0.0,0.0,1.0,1.0,0.0,0.0,0.0,0.0,0.0,1.0,0.0,,0.0,0.0,,,0.0,1,,,0.0,,0.0,0.0,0,,,0.0,0.0,0.0,,,0.0,0.0,0.0,,0.0,0.0,,,0,,0.0,1.0,0.0,,,,0.0,0.0,,,0.0,,0.0,0.0,1.0,,,2
1440006280,1.000736,0.027153,-0.044348,0.093165,0.999874,1.001789,1.003803,0.199076,6.684222,5.044747,0.01243,0.033825,0.01906,0.225212,0.434755,0.34507,0.241636,-0.018475,0.012978,-1.000453,0.004872,0.005712,0.027162,0.033402,0.310714,-0.102322,0.010459,0.045673,0.09159,0.133174,0.002641,0.003728,0.004965,0.197334,4.885614,5.714546,4.954252,5.493158,4.652206,4.529336,4.446091,0.0,0.0,-6.6e-05,0.000239,0.003275,0.012974,0.0054,0.044577,-0.465632,-0.069001,-0.161892,308.274509,0.880426,-0.489644,1.161049,307.71087,308.285763,308.887494,2.489591,6.684608,5.044501,8.8e-05,0.000398,0.000361,0.002808,0.429942,3.034742,0.087802,-253.714915,-56.499792,-165.732397,0.964504,0.757997,1.315727,0.068728,-0.304093,-0.232448,0.999985,0.999979,0.999975,0.999976,0.999959,,,,,,,,,,,,,,,,,,,,,,,,,,,,,,,,,,,,,,,,,,,,,,,,,,,,,,,,5.0,0.021898,0.010384,106.583763,106.83271,,,65.0,10.0,2.647744,0.973708,9e-06,4e-06,1.3e-05,3e-06,1.6e-05,8e-06,-14.982586,0.751018,-2.134727,-0.067645,-2.235252,-0.848099,-1.812208,-0.672404,-0.80164,-0.972086,-0.888687,-0.918395,-0.74152,5.327354,1.795094,2.214942,1.031642,0.978444,0.740297,0.664043,0.570118,0.65117,0.527356,0.57869,0.543693,0.459987,-0.487257,0.48728,0.0,0.0,1.0,0.0,0.0,0.0,0.0,1.0,0.0,1.0,0.0,0.0,0.0,0.0,0.0,1.0,0.0,0.0,0.0,0.0,0.0,1.0,0.0,1.0,0.0,0.0,,,,0.0,,0.86,0.987932,,0.0,0.0,1.0,1.0,0.0,0.0,0.0,0.0,0.0,1.0,0.0,,0.0,0.0,,,0.0,1,,,0.0,,0.0,0.0,0,,,0.0,0.0,0.0,,,0.0,0.0,0.0,,0.0,0.0,,,0,,0.0,1.0,0.0,,,,0.0,0.0,,,0.0,,0.0,0.0,1.0,,,2
1440006340,1.001636,0.02936,-0.065341,0.106579,1.000869,1.002899,1.004908,0.718104,6.684121,5.041321,0.004434,0.035904,0.035672,0.269514,0.434779,0.37747,0.14908,-0.023255,0.012713,-1.001267,0.00406,0.003477,0.029496,0.2927,-0.312864,-0.019247,0.008101,0.025072,0.049872,0.074643,0.002482,0.003591,0.004697,0.332133,5.443033,4.434361,3.924374,5.311448,4.611178,6.137589,5.228534,2.677114,0.173522,-0.000105,-0.000427,0.000199,0.011559,0.02357,0.002201,-0.974177,-0.390512,0.399038,300.461942,0.713939,-0.319555,0.919008,299.995625,300.451012,300.975877,2.634817,6.684609,5.043693,6.6e-05,0.000276,0.000297,0.002324,0.429717,0.726153,0.082322,-243.556927,-56.223212,-166.718129,0.791026,0.795412,0.817912,0.087735,-0.223145,-0.122468,0.999985,0.999984,0.999984,0.999984,0.999986,,,,,,,,,,,,,,,,,,,,,,,,,,,,,,,,,,,,,,,,,,,,,,,,,,,,,,,,7.0,0.027897,0.04974,106.834862,108.300308,,,65.0,10.0,5.707334,1.741752,9e-06,1.5e-05,-9e-06,-2e-06,1.6e-05,2.8e-05,-19.206163,0.173006,-0.907083,-0.30663,-2.07091,-1.174628,-1.668294,-0.657047,-1.184328,-0.763183,-0.555449,-0.3681,-0.539727,3.765691,0.526026,1.059664,0.417265,0.350202,0.508565,0.299403,0.488177,0.307908,0.336925,0.28775,0.328692,0.205731,-1.22576,1.225797,0.0,0.0,1.0,0.0,0.0,0.0,0.0,1.0,0.0,1.0,0.0,0.0,0.0,0.0,0.0,1.0,0.0,0.0,0.0,0.0,0.0,1.0,0.0,1.0,0.0,0.0,,,,0.0,,0.85,0.990045,,0.0,0.0,1.0,1.0,0.0,0.0,0.0,0.0,0.0,1.0,0.0,,0.0,0.0,,,0.0,1,,,0.0,,0.0,0.0,0,,,0.0,0.0,0.0,,,0.0,0.0,0.0,,0.0,0.0,,,0,,0.0,1.0,0.0,,,,0.0,0.0,,,0.0,,0.0,0.0,1.0,,,2
1440006400,1.00134,0.008028,-0.01914,0.031623,0.999936,1.001873,1.003745,0.694885,6.684578,5.043956,0.00021,0.000395,0.000448,0.003258,0.42981,0.253289,0.339294,-0.02393,0.011859,-1.000973,0.003559,0.002576,0.008159,0.33973,-0.528171,-0.394843,0.003561,0.001537,0.00134,0.002106,0.002448,0.003375,0.004479,2.475818,6.591909,4.963861,0.964543,2.37197,2.742836,4.280811,1.264336,9.680765,0.076108,-3.9e-05,0.000203,0.000228,0.002309,0.002289,0.002091,0.086365,-0.012474,-0.047299,299.106988,0.782016,0.381672,1.018547,298.610224,299.084223,299.613617,2.645996,6.684608,5.042937,0.0001,0.000521,0.000527,0.002705,0.429532,1.011936,0.121246,-242.641338,-56.366471,-165.564351,0.790111,0.795838,0.889891,0.066462,-0.114994,-0.031977,0.999985,0.999984,0.999984,0.999984,0.999983,,,,,,,,,,,,,,,,,,,,,,,,,,,,,,,,,,,,,,,,,,,,,,,,,,,,,,,,11.0,0.015586,0.041283,106.834862,109.125996,,,10.0,4.0,4.30587,1.459979,4e-06,1.1e-05,-6e-06,3e-06,3e-06,1.1e-05,-5.845493,0.24712,-0.805182,-0.557988,-1.903344,-0.895791,-1.597987,-0.727392,-1.082007,-0.6545,-0.566192,-0.287738,-0.521016,0.765664,0.304604,0.476413,0.215052,0.215279,0.198752,0.177343,0.174661,0.17441,0.166687,0.161251,0.156773,0.161257,-3.831159,3.83162,0.0,0.0,1.0,0.0,0.0,0.0,0.0,1.0,0.0,1.0,0.0,0.0,0.0,0.0,0.0,1.0,0.0,0.0,0.0,0.0,0.0,1.0,0.0,1.0,0.0,0.0,,,,0.0,,0.85,0.990246,,0.0,0.0,1.0,1.0,0.0,0.0,0.0,0.0,0.0,1.0,0.0,,0.0,0.0,,,0.0,1,,,0.0,,0.0,0.0,0,,,0.0,0.0,0.0,,,0.0,0.0,0.0,,0.0,0.0,,,0,,0.0,1.0,0.0,,,,0.0,0.0,,,0.0,,0.0,0.0,1.0,,,2
1440006460,1.002582,0.024106,0.033032,0.086368,0.999936,1.001964,1.004814,0.271934,6.684324,5.042117,0.001432,0.022337,0.020411,0.179124,0.432802,0.158186,0.212448,-0.023385,0.012694,-1.002211,0.00518,0.003162,0.024124,0.253968,0.591173,0.178342,0.005182,0.013394,0.030894,0.048427,0.002569,0.003628,0.005007,0.126265,6.001166,4.627657,2.976023,4.047924,4.577578,5.753238,3.789539,0.189288,0.371484,-0.000161,0.000572,0.000167,0.006726,0.012476,0.00223,-0.879449,-0.238038,0.255012,299.003521,0.766014,-0.187314,1.014743,298.492043,299.014038,299.505976,2.549899,6.684608,5.043544,0.00017,0.000434,0.000418,0.002577,0.429688,8.9238,0.085877,-242.546592,-56.329954,-165.528655,0.815055,0.802494,0.857616,0.04324,-0.145114,-0.113391,0.999985,0.999984,0.999984,0.999984,0.999983,,,,,,,,,,,,,,,,,,,,,,,,,,,,,,,,,,,,,,,,,,,,,,,,,,,,,,,,13.0,0.012486,0.013492,107.050026,108.332169,,,65.0,4.0,1.659845,0.506724,5e-06,6e-06,-1.1e-05,-1.2e-05,1.1e-05,1.5e-05,-20.636761,-0.331971,-1.081285,-0.388064,-1.934356,-1.091578,-1.665686,-0.65925,-0.992657,-0.644019,-0.591285,-0.434454,-0.609005,3.144104,1.038975,0.976227,0.406189,0.324845,0.361295,0.257364,0.24098,0.232687,0.239524,0.226723,0.212905,0.219314,-0.919127,0.919156,0.0,0.0,1.0,0.0,0.0,0.0,0.0,1.0,0.0,1.0,0.0,0.0,0.0,0.0,0.0,1.0,0.0,0.0,0.0,0.0,0.0,1.0,0.0,1.0,0.0,0.0,,,,0.0,,0.84,0.990246,,0.0,0.0,1.0,1.0,0.0,0.0,0.0,0.0,0.0,1.0,0.0,,0.0,0.0,,,0.0,1,,,0.0,,0.0,0.0,0,,,0.0,0.0,0.0,,,0.0,0.0,0.0,,0.0,0.0,,,0,,0.0,1.0,0.0,,,,0.0,0.0,,,0.0,,0.0,0.0,1.0,,,2
1440006520,1.003103,0.004713,0.006672,0.010843,1.000866,1.002878,1.004913,1.475744,6.684601,5.045247,0.000628,0.002418,0.003639,0.011284,0.430398,2.333464,0.128437,-0.022923,0.011849,-1.002763,0.003064,0.002292,0.004719,0.096606,-0.173083,-0.024937,0.005931,0.011375,0.023412,0.036417,0.002434,0.003602,0.005169,0.446047,6.059522,4.964175,4.632679,5.392376,4.88573,5.472871,4.700359,1.027608,0.27816,-0.000225,0.000565,0.000196,0.006045,0.011121,0.001985,-0.893704,-0.135624,0.131253,299.088512,0.73844,0.413712,0.955464,298.543496,299.062252,299.609358,2.614979,6.684609,5.043178,0.000115,0.00029,0.000407,0.002674,0.429588,1.919485,0.081534,-242.672125,-56.314181,-165.503395,0.78769,0.794201,0.900327,0.049721,-0.20628,-0.0805,0.999985,0.999984,0.999983,0.999982,0.999983,,,,,,,,,,,,,,,,,,,,,,,,,,,,,,,,,,,,,,,,,,,,,,,,,,,,,,,,6.0,0.018466,0.066648,107.122353,108.300491,,,65.0,10.0,6.761135,1.911191,7e-06,2.1e-05,1.2e-05,-2e-06,0.000127,0.000267,-20.208438,0.145789,-0.460009,-0.351587,-1.972004,-1.063994,-1.635715,-0.709616,-1.129429,-0.714301,-0.583054,-0.322788,-0.551444,1.560558,0.351713,0.476647,0.240046,0.224141,0.250494,0.178519,0.193794,0.196191,0.168673,0.192251,0.163481,0.162245,-1.294935,1.294974,0.0,0.0,1.0,0.0,0.0,0.0,0.0,1.0,0.0,1.0,0.0,0.0,0.0,0.0,0.0,1.0,0.0,0.0,0.0,0.0,0.0,1.0,0.0,1.0,0.0,0.0,,,,0.0,,0.84,0.990246,,0.0,0.0,1.0,1.0,0.0,0.0,0.0,0.0,0.0,1.0,0.0,,0.0,0.0,,,0.0,1,,,0.0,,0.0,0.0,0,,,0.0,0.0,0.0,,,0.0,0.0,0.0,,0.0,0.0,,,0,,0.0,1.0,0.0,,,,0.0,0.0,,,0.0,,0.0,0.0,1.0,,,2
1440006580,1.000643,0.002761,-0.001675,0.003872,0.998953,1.000863,1.002785,2.235387,6.684608,5.043711,0.000192,0.000487,0.000411,0.00242,0.429732,1.471011,0.101272,-0.023308,0.012835,-1.000284,0.00233,0.002112,0.002762,-0.010674,-0.019772,0.003414,0.003584,0.001502,0.001245,0.002004,0.002428,0.003469,0.004529,2.620031,6.59677,4.97773,1.247989,2.555508,2.401394,4.227454,1.221057,0.378587,0.106496,-7e-05,-0.000501,-0.000421,0.002313,0.002167,0.00215,0.045618,0.062505,-0.027127,298.896084,0.750675,-0.181142,0.988079,298.3818,298.880683,299.402874,2.570525,6.684609,5.043679,0.000111,0.000293,0.000309,0.002687,0.42972,3.398541,0.074339,-242.404582,-56.198795,-165.587314,0.824916,0.788918,0.827857,0.017329,-0.171071,-0.108928,0.999985,0.999984,0.999984,0.999984,0.999984,,,,,,,,,,,,,,,,,,,,,,,,,,,,,,,,,,,,,,,,,,,,,,,,,,,,,,,,16.0,0.008061,0.031071,106.858467,108.301102,,,50.0,4.0,2.950916,1.082116,3e-06,1.2e-05,-3e-06,-3e-05,1.6e-05,2.8e-05,-7.294228,0.155066,-0.704528,-0.478571,-2.171447,-1.326701,-1.880216,-0.595591,-0.694297,-0.417286,-0.618364,-0.521551,-0.702176,1.268735,0.684849,0.465063,0.347031,0.207412,0.244059,0.181659,0.191379,0.189756,0.192614,0.190701,0.172187,0.179663,-3.559497,3.559849,0.0,0.0,1.0,0.0,0.0,0.0,0.0,1.0,0.0,1.0,0.0,0.0,0.0,0.0,0.0,1.0,0.0,0.0,0.0,0.0,0.0,1.0,0.0,1.0,0.0,0.0,,,,0.0,,0.83,0.990246,,0.0,0.0,1.0,1.0,0.0,0.0,0.0,0.0,0.0,1.0,0.0,,0.0,0.0,,,0.0,1,,,0.0,,0.0,0.0,0,,,0.0,0.0,0.0,,,0.0,0.0,0.0,,0.0,0.0,,,0,,0.0,1.0,0.0,,,,0.0,0.0,,,0.0,,0.0,0.0,1.0,,,2
1440006640,1.000503,0.003376,0.005113,0.008845,0.998926,1.00079,1.002012,1.435641,6.684606,5.043532,0.000344,0.000854,0.000966,0.005917,0.429764,0.063853,0.21164,-0.024136,0.011708,-1.000138,0.002344,0.002418,0.003367,0.070697,0.103605,-0.064583,0.003759,0.001793,0.002254,0.003523,0.00262,0.003551,0.004791,1.961888,6.580131,5.027576,2.39421,3.044276,2.468048,4.399617,1.518205,0.513787,0.082682,0.000113,0.000257,-0.000166,0.002565,0.002464,0.002142,-0.06189,0.046215,-0.022915,298.992623,0.758328,-0.341863,0.975874,298.49729,298.979574,299.528951,2.62732,6.684609,5.04369,2.6e-05,0.000284,0.000289,0.003151,0.429729,1.219183,0.073983,-242.468757,-56.380733,-165.606102,0.795794,0.768478,0.820763,0.075126,-0.118293,-0.104759,0.999986,0.999985,0.999985,0.999985,0.999985,,,,,,,,,,,,,,,,,,,,,,,,,,,,,,,,,,,,,,,,,,,,,,,,,,,,,,,,8.0,0.032146,0.104337,107.006287,108.300552,,,65.0,10.0,10.756196,2.375482,1.1e-05,3.4e-05,8e-06,1.4e-05,5.9e-05,0.000211,-2.713776,0.205,-0.744353,-0.622032,-2.098466,-1.129548,-1.782963,-0.701823,-0.878997,-0.437928,-0.529901,-0.443275,-0.683797,0.862944,0.365737,0.291567,0.247266,0.183702,0.205975,0.177385,0.169985,0.171687,0.186058,0.173226,0.160251,0.164105,-4.435688,4.436533,0.0,0.0,1.0,0.0,0.0,0.0,0.0,1.0,0.0,1.0,0.0,0.0,0.0,0.0,0.0,1.0,0.0,0.0,0.0,0.0,0.0,1.0,0.0,1.0,0.0,0.0,,,,0.0,,0.83,0.990447,,0.0,0.0,1.0,1.0,0.0,0.0,0.0,0.0,0.0,1.0,0.0,,0.0,0.0,,,0.0,1,,,0.0,,0.0,0.0,0,,,0.0,0.0,0.0,,,0.0,0.0,0.0,,0.0,0.0,,,0,,0.0,1.0,0.0,,,,0.0,0.0,,,0.0,,0.0,0.0,1.0,,,2
1440006700,1.000588,0.002703,0.001449,0.003658,0.998894,1.000841,1.002282,2.414993,6.684608,5.04284,0.000107,0.000512,0.000363,0.002497,0.4295,0.254581,0.107955,-0.024065,0.011478,-1.000228,0.002281,0.002121,0.002703,-0.038443,0.025655,0.05517,0.003566,0.001471,0.001181,0.001921,0.002446,0.003385,0.004569,2.61391,6.599401,4.932709,1.216398,2.385116,2.720034,4.161812,1.198701,10.221653,0.0728,6.4e-05,0.000209,0.0,0.00235,0.002208,0.002106,0.032356,-0.005815,-0.028719,298.99443,0.761243,0.220174,0.976746,298.441221,299.003668,299.512279,2.613949,6.684608,5.043317,7.3e-05,0.000419,0.000378,0.002503,0.429624,0.856408,0.099135,-242.493691,-56.430647,-165.555792,0.799039,0.779618,0.820943,0.072843,-0.134295,-0.028097,0.999986,0.999986,0.999985,0.999985,0.999984,,,,,,,,,,,,,,,,,,,,,,,,,,,,,,,,,,,,,,,,,,,,,,,,,,,,,,,,10.0,0.048539,0.087902,106.931381,108.300674,,,50.0,4.0,10.207795,2.323152,1.2e-05,2.2e-05,4e-06,-1e-06,5.3e-05,0.000113,-2.489681,-0.014247,-0.686189,-0.372006,-2.062519,-1.23829,-1.849434,-0.711992,-0.737955,-0.403642,-0.50273,-0.43179,-0.780002,1.44961,0.846615,0.472709,0.264694,0.247899,0.196039,0.195341,0.192009,0.22502,0.173685,0.178234,0.177013,0.180212,-4.438161,4.439008,0.0,0.0,1.0,0.0,0.0,0.0,0.0,1.0,0.0,1.0,0.0,0.0,0.0,0.0,0.0,1.0,0.0,0.0,0.0,0.0,0.0,1.0,0.0,1.0,0.0,0.0,,,,0.0,,0.83,0.990649,,0.0,0.0,1.0,1.0,0.0,0.0,0.0,0.0,0.0,1.0,0.0,,0.0,0.0,,,0.0,1,,,0.0,,0.0,0.0,0,,,0.0,0.0,0.0,,,0.0,0.0,0.0,,0.0,0.0,,,0,,0.0,1.0,0.0,,,,0.0,0.0,,,0.0,,0.0,0.0,1.0,,,2
1440006760,0.998772,0.002487,-0.000391,0.003279,0.997054,0.998941,1.000797,2.494084,6.684609,5.043421,0.000106,0.000562,0.000398,0.002219,0.429651,0.095749,0.122214,-0.024324,0.013,-0.998386,0.002292,0.002206,0.00249,0.000752,-0.051077,0.020867,0.00355,0.001523,0.001163,0.002036,0.002458,0.003472,0.004538,2.583421,6.589822,4.897212,1.311268,2.613321,2.229574,4.271331,1.232335,1.75762,0.091629,5e-05,-0.000144,-0.000235,0.002278,0.002258,0.002136,0.029168,0.044785,-0.039745,298.35218,0.744549,-0.400281,0.979534,297.882182,298.334683,298.888122,2.572243,6.684609,5.043206,6.3e-05,0.000452,0.000316,0.00288,0.4296,0.674395,0.084665,-243.409929,-56.864098,-162.88292,0.770914,0.737068,0.821608,0.08754,-0.116316,-0.096122,0.999986,0.999986,0.999986,0.999986,0.999986,,,,,,,,,,,,,,,,,,,,,,,,,,,,,,,,,,,,,,,,,,,,,,,,,,,,,,,,9.0,0.023966,0.033408,106.737213,108.300674,,,50.0,4.0,3.270106,1.184822,6e-06,1.4e-05,-6e-06,-2.7e-05,1.5e-05,1.3e-05,1.586037,0.317527,-0.690088,-0.581221,-2.06542,-1.134329,-1.810405,-0.744159,-0.91385,-0.439256,-0.519831,-0.400793,-0.674573,0.772868,0.24669,0.224246,0.177191,0.176648,0.171142,0.175942,0.171698,0.195707,0.183697,0.169861,0.166809,0.164082,-5.224276,5.226135,0.0,0.0,1.0,0.0,0.0,0.0,0.0,1.0,0.0,1.0,0.0,0.0,0.0,0.0,0.0,1.0,0.0,0.0,0.0,0.0,0.0,1.0,0.0,1.0,0.0,0.0,,,,0.0,,0.82,0.990649,,0.0,0.0,1.0,1.0,0.0,0.0,0.0,0.0,0.0,1.0,0.0,,0.0,0.0,,,0.0,1,,,0.0,,0.0,0.0,0,,,0.0,0.0,0.0,,,0.0,0.0,0.0,,0.0,0.0,,,0,,0.0,1.0,0.0,,,,0.0,0.0,,,0.0,,0.0,0.0,1.0,,,2
1440006820,0.997854,0.007191,-0.010839,0.019244,0.996082,0.998088,1.000103,1.204702,6.684586,5.043211,0.000433,0.002949,0.002513,0.025224,0.430065,12.521193,0.107306,-0.023788,0.014874,-0.997453,0.002585,0.002654,0.007195,0.138949,0.045814,-0.023609,0.00382,0.002073,0.00332,0.005296,0.002462,0.003539,0.004742,1.60684,6.566888,5.016287,2.609655,3.832588,3.188388,4.612314,1.975572,10.545403,0.109903,6.6e-05,6.5e-05,-9.2e-05,0.002892,0.002492,0.002073,-0.081851,-0.051257,0.023621,298.471374,0.730646,-0.236145,0.952464,297.954081,298.492636,298.965424,2.610255,6.684609,5.043643,0.000151,0.000345,0.000338,0.002645,0.429713,1.142108,0.096725,-243.494919,-56.906017,-162.959741,0.764459,0.758355,0.766649,0.010101,-0.072077,-0.127677,0.999987,0.999986,0.999986,0.999986,0.999986,,,,,,,,,,,,,,,,,,,,,,,,,,,,,,,,,,,,,,,,,,,,,,,,,,,,,,,,9.0,0.008759,0.082968,106.944397,108.300983,,,50.0,4.0,8.078255,2.089176,4e-06,2.6e-05,5e-06,3.5e-05,1.7e-05,6e-05,-12.522175,-1.068877,-1.507833,-0.239535,-1.891106,-1.139359,-1.737839,-0.68233,-0.867855,-0.516695,-0.479058,-0.405909,-0.61856,4.152848,1.780752,1.227512,0.551126,0.370837,0.294958,0.278646,0.258887,0.290493,0.282848,0.237353,0.230772,0.277135,-2.145488,2.145575,0.0,0.0,1.0,0.0,0.0,0.0,0.0,1.0,0.0,1.0,0.0,0.0,0.0,0.0,0.0,1.0,0.0,0.0,0.0,0.0,0.0,1.0,0.0,1.0,0.0,0.0,,,,0.0,,0.82,0.990649,,0.0,0.0,1.0,1.0,0.0,0.0,0.0,0.0,0.0,1.0,0.0,,0.0,0.0,,,0.0,1,,,0.0,,0.0,0.0,0,,,0.0,0.0,0.0,,,0.0,0.0,0.0,,0.0,0.0,,,0,,0.0,1.0,0.0,,,,0.0,0.0,,,0.0,,0.0,0.0,1.0,,,2
1440006880,1.001315,0.002654,-0.001161,0.003406,0.99916,1.001052,1.002987,2.543529,6.684608,5.044321,0.000222,0.000416,0.000348,0.002097,0.429886,3.887864,0.086596,-0.024551,0.012992,-1.000924,0.002271,0.002246,0.002653,0.001886,0.045507,0.035573,0.003716,0.001606,0.001413,0.002203,0.002547,0.003477,0.00463,2.500969,6.591989,4.921068,0.970947,2.257834,2.301601,4.29149,1.210971,0.513756,0.126099,3.6e-05,0.000359,0.000661,0.00241,0.002411,0.002049,0.057257,0.071884,0.069933,299.330899,0.825935,-0.456041,1.08386,298.777548,299.385826,299.884816,2.621419,6.684608,5.044149,8.1e-05,0.000306,0.000391,0.003026,0.429852,2.568777,0.086022,-242.943354,-56.688644,-165.41217,0.83825,0.766124,1.455201,0.077372,-0.388043,-0.158077,0.999986,0.999984,0.999976,0.999968,0.99996,,,,,,,,,,,,,,,,,,,,,,,,,,,,,,,,,,,,,,,,,,,,,,,,,,,,,,,,8.0,0.003575,0.034364,106.738571,108.30098,,,50.0,4.0,3.268485,1.184326,2e-06,1.5e-05,-6e-06,-2.9e-05,1.2e-05,1.1e-05,-1.633709,0.039759,-0.626131,-0.365587,-2.089196,-1.248183,-1.809557,-0.701745,-0.793671,-0.45735,-0.495722,-0.381211,-0.729171,1.134466,0.6055,0.417757,0.309501,0.222189,0.19781,0.181675,0.173959,0.193941,0.177265,0.155885,0.170146,0.175562,-4.636387,4.637419,0.0,0.0,1.0,0.0,0.0,0.0,0.0,1.0,0.0,1.0,0.0,0.0,0.0,0.0,0.0,1.0,0.0,0.0,0.0,0.0,0.0,1.0,0.0,1.0,0.0,0.0,,,,0.0,,0.82,0.990649,,0.0,0.0,1.0,1.0,0.0,0.0,0.0,0.0,0.0,1.0,0.0,,0.0,0.0,,,0.0,1,,,0.0,,0.0,0.0,0,,,0.0,0.0,0.0,,,0.0,0.0,0.0,,0.0,0.0,,,0,,0.0,1.0,0.0,,,,0.0,0.0,,,0.0,,0.0,0.0,1.0,,,2
1440006940,0.997967,0.00254,-0.001029,0.003333,0.996157,0.998054,0.999948,2.531741,6.684608,5.043481,5.4e-05,0.000586,0.000476,0.00253,0.429672,0.772425,0.10933,-0.024338,0.014843,-0.997555,0.002299,0.002103,0.002536,-0.099979,0.039806,-0.049669,0.003432,0.001489,0.001263,0.002007,0.002351,0.003274,0.004292,2.61601,6.59032,4.976602,1.202334,2.273768,2.093649,4.293139,1.205445,2.02793,0.119322,-0.00018,8e-06,0.000107,0.00215,0.002211,0.002106,0.02247,-0.015159,0.003957,298.621232,0.754653,0.394805,1.004364,298.116213,298.60811,299.130378,2.528603,6.684609,5.043505,7.3e-05,0.000358,0.000369,0.00284,0.429679,1.946313,0.075613,-243.627824,-56.964142,-163.01506,0.792175,0.799423,0.776794,0.075489,-0.111286,-0.039653,0.999986,0.999985,0.999985,0.999985,0.999985,,,,,,,,,,,,,,,,,,,,,,,,,,,,,,,,,,,,,,,,,,,,,,,,,,,,,,,,9.0,0.0121,0.053786,106.889557,108.300739,,,50.0,4.0,5.285435,1.664955,3e-06,1.5e-05,1e-06,6e-06,1.5e-05,3.5e-05,-0.039732,0.205447,-0.69122,-0.521809,-2.110137,-1.159768,-1.811206,-0.727437,-0.902816,-0.436282,-0.512842,-0.389021,-0.670261,0.819004,0.270361,0.31087,0.24124,0.188531,0.18735,0.169676,0.169442,0.185006,0.163973,0.17278,0.169062,0.154933,-4.956567,4.957989,0.0,0.0,1.0,0.0,0.0,0.0,0.0,1.0,0.0,1.0,0.0,0.0,0.0,0.0,0.0,1.0,0.0,0.0,0.0,0.0,0.0,1.0,0.0,1.0,0.0,0.0,,,,0.0,,0.82,0.990498,,0.0,0.0,1.0,1.0,0.0,0.0,0.0,0.0,0.0,1.0,0.0,,0.0,0.0,,,0.0,1,,,0.0,,0.0,0.0,0,,,0.0,0.0,0.0,,,0.0,0.0,0.0,,0.0,0.0,,,0,,0.0,1.0,0.0,,,,0.0,0.0,,,0.0,,0.0,0.0,1.0,,,2
1440007000,0.997967,0.002588,0.000839,0.003372,0.996096,0.998057,0.999973,2.503144,6.684608,5.043523,8.1e-05,0.000516,0.000546,0.002447,0.429685,2.50308,0.117373,-0.0243,0.015069,-0.997553,0.002284,0.002169,0.002585,-0.007423,0.040351,-0.045541,0.003537,0.001491,0.001141,0.001969,0.002395,0.003444,0.004533,2.588983,6.593908,4.967373,1.335933,2.25927,2.203492,4.264379,1.212833,1.811588,0.104762,-0.000108,8e-06,-0.000124,0.002322,0.002294,0.002013,-0.012272,-0.001937,0.035751,298.724398,0.729232,-0.326824,0.964723,298.248879,298.716279,299.248684,2.551062,6.684609,5.043298,0.000176,0.000354,0.000188,0.002141,0.42961,0.155684,0.09808,-243.735145,-57.01276,-163.026959,0.757474,0.749795,0.772667,-0.013108,-0.076203,-0.052081,0.999987,0.999987,0.999986,0.999986,0.999986,,,,,,,,,,,,,,,,,,,,,,,,,,,,,,,,,,,,,,,,,,,,,,,,,,,,,,,,9.0,0.03794,0.057723,106.747826,108.300735,,,50.0,4.0,6.949445,1.938662,1.1e-05,1.6e-05,-1e-06,9e-06,2.3e-05,4.3e-05,-2.402227,-0.01782,-0.685477,-0.435323,-2.10793,-1.261166,-1.824494,-0.692186,-0.813668,-0.398537,-0.489727,-0.394434,-0.72832,1.235824,0.681103,0.420137,0.277578,0.249023,0.203418,0.159982,0.178174,0.200334,0.166361,0.164036,0.161857,0.182864,-4.50764,4.508547,0.0,0.0,1.0,0.0,0.0,0.0,0.0,1.0,0.0,1.0,0.0,0.0,0.0,0.0,0.0,1.0,0.0,0.0,0.0,0.0,0.0,1.0,0.0,1.0,0.0,0.0,,,,0.0,,0.82,0.990498,,0.0,0.0,1.0,1.0,0.0,0.0,0.0,0.0,0.0,1.0,0.0,,0.0,0.0,,,0.0,1,,,0.0,,0.0,0.0,0,,,0.0,0.0,0.0,,,0.0,0.0,0.0,,0.0,0.0,,,0,,0.0,1.0,0.0,,,,0.0,0.0,,,0.0,,0.0,0.0,1.0,,,2
1440007060,0.997716,0.002502,-0.000743,0.003286,0.996105,0.998009,0.999152,2.554999,6.684609,5.043746,0.000111,0.000564,0.00036,0.00205,0.429733,0.6743,0.124981,-0.024125,0.015687,-0.997296,0.002363,0.002124,0.002502,0.018803,0.016399,0.041658,0.003475,0.001487,0.001328,0.00204,0.00229,0.003327,0.00437,2.437979,6.594389,4.968066,1.89866,2.536796,2.279994,4.212565,1.226569,2.757905,0.109652,2.4e-05,0.000122,0.000192,0.002328,0.002268,0.001915,0.039009,0.003201,-0.040927,298.800947,0.740573,0.362837,0.958088,298.270763,298.814474,299.321426,2.611606,6.684609,5.043662,8.9e-05,0.000441,0.000383,0.002551,0.429717,1.349631,0.079384,-243.796285,-56.961765,-163.09376,0.743856,0.76039,0.759681,0.006479,-0.011679,-0.067101,0.999988,0.999987,0.999987,0.999987,0.999986,,,,,,,,,,,,,,,,,,,,,,,,,,,,,,,,,,,,,,,,,,,,,,,,,,,,,,,,9.0,0.028332,0.063835,106.778526,108.300617,,,50.0,4.0,6.935288,1.936623,7e-06,1.6e-05,8e-06,-2e-06,2e-05,4.3e-05,-1.928863,0.135334,-0.610373,-0.467878,-2.149108,-1.248954,-1.830806,-0.689289,-0.811538,-0.38744,-0.510419,-0.41208,-0.737277,0.915469,0.46965,0.290957,0.220487,0.23131,0.187361,0.168886,0.163878,0.155794,0.170445,0.16636,0.164962,0.17365,-4.615964,4.616975,0.0,0.0,1.0,0.0,0.0,0.0,0.0,1.0,0.0,1.0,0.0,0.0,0.0,0.0,0.0,1.0,0.0,0.0,0.0,0.0,0.0,1.0,0.0,1.0,0.0,0.0,,,,0.0,,0.82,0.990498,,0.0,0.0,1.0,1.0,0.0,0.0,0.0,0.0,0.0,1.0,0.0,,0.0,0.0,,,0.0,1,,,0.0,,0.0,0.0,0,,,0.0,0.0,0.0,,,0.0,0.0,0.0,,0.0,0.0,,,0,,0.0,1.0,0.0,,,,0.0,0.0,,,0.0,,0.0,0.0,1.0,,,2
1440007120,0.998068,0.002664,0.001547,0.00392,0.996151,0.998099,1.000044,2.114793,6.684608,5.043407,0.000264,0.000611,0.000474,0.002741,0.429662,2.025208,0.084375,-0.024358,0.01588,-0.997639,0.002293,0.002129,0.00266,-0.021029,0.074063,-0.002591,0.003682,0.001615,0.001443,0.002281,0.002539,0.003553,0.004637,2.379978,6.5889,4.866831,1.412982,2.588096,2.3954,4.186108,1.192262,0.648915,0.083182,0.000108,-0.000224,0.000124,0.002317,0.002589,0.002003,0.026364,-0.024822,0.021469,298.802134,0.745415,-0.412084,0.984201,298.286795,298.833291,299.287825,2.452267,6.684609,5.043286,0.00012,0.000486,0.000255,0.002365,0.429613,2.77735,0.122955,-243.821218,-57.077367,-163.017983,0.775033,0.776851,0.769308,0.000124,-0.057233,-0.09727,0.999987,0.999986,0.999986,0.999986,0.999986,,,,,,,,,,,,,,,,,,,,,,,,,,,,,,,,,,,,,,,,,,,,,,,,,,,,,,,,5.0,0.012267,0.02824,106.858788,108.300613,,,65.0,10.0,2.678577,0.985286,4e-06,9e-06,-5e-06,-1.1e-05,1.7e-05,3.9e-05,-3.248577,0.149098,-0.76542,-0.480693,-2.11459,-1.271856,-1.831025,-0.660466,-0.794182,-0.4419,-0.545936,-0.405297,-0.669896,1.042216,0.389467,0.416627,0.214058,0.19602,0.195557,0.194296,0.193165,0.198395,0.198217,0.204778,0.185952,0.20951,-4.329738,4.330498,0.0,0.0,1.0,0.0,0.0,0.0,0.0,1.0,0.0,1.0,0.0,0.0,0.0,0.0,0.0,1.0,0.0,0.0,0.0,0.0,0.0,1.0,0.0,1.0,0.0,0.0,,,,0.0,,0.82,0.990498,,0.0,0.0,1.0,1.0,0.0,0.0,0.0,0.0,0.0,1.0,0.0,,0.0,0.0,,,0.0,1,,,0.0,,0.0,0.0,0,,,0.0,0.0,0.0,,,0.0,0.0,0.0,,0.0,0.0,,,0,,0.0,1.0,0.0,,,,0.0,0.0,,,0.0,,0.0,0.0,1.0,,,2
1440007180,0.997942,0.002503,-0.000256,0.003292,0.996152,0.998063,0.999309,2.500089,6.684609,5.043398,0.000174,0.000563,0.000398,0.002278,0.429645,0.095994,0.092625,-0.024333,0.015979,-0.997513,0.002363,0.001986,0.002508,0.032282,-0.0736,0.020036,0.003574,0.001531,0.001286,0.002075,0.002426,0.003429,0.004546,2.59682,6.592415,4.922108,1.617651,2.278132,2.217547,4.228361,1.198074,7.300227,0.089667,-7.6e-05,0.000202,6.2e-05,0.002235,0.002382,0.002097,-0.027236,0.009193,-0.043723,298.87201,0.762638,-0.277769,1.001738,298.354198,298.867581,299.367795,2.59763,6.684608,5.043707,4.7e-05,0.000321,0.000453,0.002784,0.429732,1.972592,0.095348,-243.876071,-57.077151,-163.064117,0.773702,0.739624,0.817864,0.060458,-0.071416,-0.05209,0.999987,0.999986,0.999986,0.999986,0.999986,,,,,,,,,,,,,,,,,,,,,,,,,,,,,,,,,,,,,,,,,,,,,,,,,,,,,,,,5.0,0.008641,0.044512,107.076614,108.300674,,,65.0,10.0,4.319054,1.463036,3e-06,1.6e-05,-6e-06,-5e-06,1.7e-05,6.6e-05,-9.637853,-0.076922,-0.756292,-0.386768,-2.089451,-1.287608,-1.834676,-0.689957,-0.827764,-0.436808,-0.486995,-0.346996,-0.738593,1.305465,0.765093,0.425093,0.343721,0.25938,0.246252,0.171972,0.172345,0.159457,0.169082,0.176274,0.184503,0.202145,-3.17665,3.176891,0.0,0.0,1.0,0.0,0.0,0.0,0.0,1.0,0.0,1.0,0.0,0.0,0.0,0.0,0.0,1.0,0.0,0.0,0.0,0.0,0.0,1.0,0.0,1.0,0.0,0.0,,,,0.0,,0.81,0.990498,,0.0,0.0,1.0,1.0,0.0,0.0,0.0,0.0,0.0,1.0,0.0,,0.0,0.0,,,0.0,1,,,0.0,,0.0,0.0,0,,,0.0,0.0,0.0,,,0.0,0.0,0.0,,0.0,0.0,,,0,,0.0,1.0,0.0,,,,0.0,0.0,,,0.0,,0.0,0.0,1.0,,,2
1440007240,0.998123,0.115155,0.229573,0.427994,0.986127,0.996221,1.006028,0.784828,6.678209,5.041993,0.011278,0.067047,0.066072,0.373431,0.437645,0.314417,0.102294,0.047406,-0.445346,-0.849396,0.086563,0.242862,0.144845,-0.219327,-0.01789,-0.558601,0.28703,0.56901,0.958459,1.37459,0.03575,0.083792,0.298303,0.991378,5.696333,5.422799,4.128172,5.138966,3.730251,3.579175,2.806649,4.245141,0.109509,0.021245,0.024042,0.005177,0.295419,0.452258,0.33659,0.179393,-0.006036,0.171162,305.414913,3.522712,-3.403632,5.520814,304.120344,305.401729,307.502658,2.208435,6.684545,5.04676,0.002538,0.002031,0.000304,0.002758,0.430823,0.0,0.0,-240.776554,-78.102369,-170.667736,3.189971,8.18408,3.566251,-0.561926,-0.250341,0.880902,0.999957,0.999867,0.999475,0.999281,0.997825,1017.784523,39.445462,50.916746,104.734427,1011.31993,1018.265191,1024.968291,1.070871,6.21387,5.048705,0.005119,0.045701,0.013668,0.038806,0.432583,0.42878,0.229733,-435.68,784.768,-185.312,165.215089,314.623512,266.718741,-0.821107,-0.856286,0.92584,5.206643,0.209542,0.194723,0.058439,0.06775,5.168754,0.107148,0.144739,0.038257,0.059503,5.22182,3.359573,3.419547,2.195938,2.397972,0.986608,0.959724,0.882673,0.819911,0.440587,,,,,,,,,,18.0,0.04786,0.063708,106.926651,108.301224,,,50.0,4.0,8.015813,2.081416,9e-06,1.5e-05,6e-06,2.7e-05,0.001648,0.001652,-25.288949,-0.588567,-0.770986,-0.185113,-1.859685,-1.067358,-1.526624,-0.57079,-0.898555,-0.549314,-0.663673,-0.47044,-0.547079,3.924213,0.811273,0.667897,0.476739,0.292313,0.250744,0.263227,0.240334,0.248432,0.209497,0.214728,0.205933,0.181805,-0.009521,0.009541,0.0,0.0,1.0,0.0,0.0,0.0,0.0,1.0,0.0,1.0,0.0,0.0,0.0,0.0,0.0,1.0,0.0,0.0,0.0,0.0,0.0,1.0,0.0,1.0,0.0,0.0,,,,0.0,,0.81,0.989391,,0.0,0.0,1.0,1.0,0.0,0.0,0.0,0.0,0.0,1.0,0.0,,0.0,0.0,,,0.0,1,,,0.0,,0.0,0.0,0,,,0.0,0.0,0.0,,,0.0,0.0,0.0,,0.0,0.0,,,0,,0.0,1.0,0.0,,,,0.0,0.0,,,0.0,,0.0,0.0,1.0,,,2
1440007300,1.064765,0.237272,0.272848,0.392842,0.953062,1.002463,1.118982,1.969055,6.66141,4.948209,0.734542,2.644868,1.332633,1.725584,0.61591,1.206965,0.361047,0.490176,-0.055733,-0.582625,0.4269,0.484966,0.435611,0.343251,0.692726,0.447292,1.558671,1.28348,1.372301,1.867072,0.645162,1.2557,2.119603,2.444526,6.351348,5.041047,3.75438,4.497469,2.700227,2.936993,1.753545,10.545588,0.076602,0.006871,-0.082192,0.109089,1.006926,1.037763,1.402577,-0.065515,0.146039,0.260284,310.671898,12.324477,9.422956,16.255907,301.924097,310.280609,316.902584,2.748979,6.683829,5.09227,0.107225,0.04134,0.000878,0.002842,0.451178,0.0,0.0,-250.010065,-98.000095,-153.89694,10.563537,19.67282,19.416316,0.406125,-0.094817,-0.665675,0.999511,0.998568,0.994144,0.990772,0.991233,1064.54105,142.305028,133.259097,197.346014,977.899554,1039.091902,1132.155403,2.49736,6.205912,4.995493,0.401318,1.804434,0.330126,0.351684,0.48079,1.129086,0.354866,278.576,722.128,208.0,506.196756,286.762145,415.563771,-0.792829,-0.774985,0.608151,6.592523,3.856545,4.339787,2.377547,1.464728,5.464637,0.862885,1.720375,0.33156,0.282332,6.055731,3.369433,3.179285,2.028527,2.092352,0.966738,0.919326,0.771684,0.495287,0.315375,,,,,,,,,,4.0,0.054768,0.121531,107.405121,108.300735,,,65.0,10.0,13.300447,2.587798,0.000112,0.000318,9.9e-05,0.000215,0.001463,0.00261,-15.463196,-0.051315,-2.493256,-0.756857,-2.501484,-1.494501,-1.480296,-0.541959,-0.776179,-0.666223,-0.679443,-0.575011,-0.506536,3.720313,1.587632,1.399484,0.979141,0.779376,0.807724,0.569626,0.535839,0.567599,0.455338,0.462686,0.445286,0.380806,-0.002013,0.002033,1.0,0.0,0.0,0.0,0.0,0.0,0.0,1.0,0.0,1.0,0.0,0.0,0.0,0.0,0.0,1.0,0.0,0.0,0.0,0.0,0.0,1.0,0.0,1.0,0.0,0.0,,,,0.0,,0.81,0.987177,,0.0,0.0,1.0,1.0,0.0,0.0,0.0,0.0,0.0,0.0,1.0,,0.0,0.0,,,0.0,1,,,0.0,,0.0,0.0,0,,,0.0,0.0,0.0,,,0.0,0.0,0.0,,0.0,0.0,,,0,,0.0,0.0,0.0,,,,0.0,0.0,,,0.0,,1.0,0.0,0.0,,,2
1440007360,0.999666,0.002866,-0.002012,0.004091,0.998077,1.00003,1.001231,2.243703,6.684608,5.043495,0.000134,0.000667,0.00054,0.002539,0.429681,3.570622,0.086473,-0.018594,0.020057,-0.999286,0.002731,0.00212,0.002859,-0.014493,0.113757,-0.012359,0.003745,0.001605,0.00147,0.002265,0.002609,0.003529,0.004723,2.500494,6.594203,4.870781,1.023407,2.458758,2.323007,4.198589,1.162958,0.83823,0.11088,-0.000164,0.000906,-7.7e-05,0.0023,0.002499,0.002052,-0.011736,0.053494,0.020641,325.573412,0.74126,0.352803,0.976379,325.052571,325.586533,326.058674,2.52549,6.684609,5.043416,2.7e-05,0.000307,0.000284,0.002072,0.429639,0.700802,0.089593,-251.641343,-64.611778,-196.210751,0.798861,0.75905,0.821917,-0.008861,-0.138191,-0.090635,0.999988,0.999988,0.999987,0.999987,0.999987,1038.691956,167.275907,317.143492,527.363683,979.999988,1018.657941,1082.877102,1.138666,6.20393,5.053906,0.496312,2.221948,1.877852,2.561945,0.689713,3.624954,0.18555,-493.088,513.776,28.096,421.348046,323.58677,562.786545,0.823799,0.457592,0.52291,6.096221,2.192398,2.905108,2.361389,0.832974,5.720925,2.600077,3.061689,1.811121,1.723451,6.480441,4.319676,4.526044,4.220656,4.756025,0.938792,0.880068,0.681791,0.360701,0.076031,,,,,,,,,,6.0,0.017339,0.018712,107.828911,108.030884,,,65.0,10.0,2.48469,0.910148,7e-06,6e-06,1e-06,9e-06,1e-05,2e-06,-7.906926,-0.527414,-2.816574,-0.517838,-1.949994,-0.889131,-1.389778,-0.634504,-0.823203,-0.735497,-0.887741,-0.590422,-0.584318,3.5803,1.500591,1.248384,1.049471,0.78361,0.678468,0.503788,0.419728,0.433163,0.396186,0.413714,0.373682,0.472491,-2.259003,2.259099,1.0,0.0,0.0,0.0,0.0,0.0,0.0,1.0,0.0,1.0,0.0,0.0,0.0,0.0,0.0,1.0,0.0,0.0,0.0,0.0,0.0,1.0,0.0,1.0,0.0,0.0,,,,0.0,,0.8,1.0,,0.0,0.0,1.0,1.0,0.0,0.0,0.0,0.0,0.0,1.0,0.0,,0.0,0.0,,,1.0,1,,,0.0,,0.0,0.0,0,,,0.0,0.0,0.0,,,0.0,0.0,0.0,,0.0,0.0,,,0,,0.0,0.0,0.0,,,,0.0,0.0,,,0.0,,0.0,0.0,1.0,,,2
1440007420,0.999954,0.004814,0.010962,0.019303,0.99812,1.000107,1.002035,0.905851,6.6846,5.043825,0.000117,0.000848,0.00075,0.003233,0.42979,1.439722,0.080084,-0.018851,0.020413,-0.999563,0.002377,0.00199,0.004819,0.043574,-0.153456,-0.045492,0.003603,0.001462,0.001176,0.002067,0.002567,0.003541,0.004452,2.327887,6.600333,5.057575,2.18445,2.417588,2.296645,4.088869,1.206071,3.569218,0.104986,-8.2e-05,-0.000181,5.7e-05,0.002231,0.002368,0.002121,0.002325,0.035967,0.041078,325.102019,0.819266,0.177502,1.070114,324.523678,325.122428,325.664399,2.526682,6.684609,5.042956,5.3e-05,0.000367,0.000278,0.002196,0.429522,6.48906,0.044859,-252.035287,-64.615019,-194.913351,0.97003,0.793341,1.523991,0.040426,-0.533242,-0.106928,0.999987,0.999986,0.999981,0.999967,0.999951,1033.872204,38.377194,36.229432,61.17987,1013.761313,1030.262103,1050.866304,2.136577,6.213925,5.049032,0.039952,0.214782,0.079784,0.1133,0.437741,0.701532,0.198234,-167.856,754.64,652.464,191.953607,74.437453,67.904232,0.668786,-0.016744,-0.417027,6.12079,2.296382,2.66236,1.016277,0.485023,5.162019,0.686528,0.383871,0.081018,0.058057,5.027716,0.878214,0.518523,0.303516,0.45423,0.995821,0.987752,0.952254,0.94886,0.955474,,,,,,,,,,7.0,0.007784,0.025038,107.952911,108.025108,,,65.0,10.0,2.36803,0.862059,2e-06,8e-06,8e-06,-1.3e-05,1.1e-05,3.2e-05,-11.818255,-0.869093,-2.08468,-0.23921,-1.976702,-1.137161,-1.514866,-0.63151,-0.831957,-0.791762,-0.877333,-0.588179,-0.652651,3.275288,1.466369,0.928173,0.770059,0.754225,0.746242,0.432471,0.458273,0.373203,0.361372,0.334396,0.302232,0.309512,-1.646051,1.646104,1.0,0.0,0.0,0.0,0.0,0.0,0.0,1.0,0.0,1.0,0.0,0.0,0.0,0.0,0.0,1.0,0.0,0.0,0.0,0.0,0.0,1.0,0.0,1.0,0.0,0.0,,,,0.0,,0.8,1.0,,0.0,0.0,1.0,1.0,0.0,0.0,0.0,0.0,0.0,1.0,0.0,,0.0,0.0,,,1.0,1,,,0.0,,0.0,0.0,0,,,0.0,0.0,0.0,,,0.0,0.0,0.0,,0.0,0.0,,,0,,0.0,0.0,0.0,,,,0.0,0.0,,,0.0,,0.0,0.0,1.0,,,2
1440007480,1.001203,0.007258,0.005419,0.013055,0.998173,1.001117,1.003934,1.822141,6.684585,5.044229,0.004227,0.013344,0.003982,0.02134,0.43052,7.41376,0.136067,-0.019153,0.020121,-1.000805,0.003554,0.00344,0.007265,-0.044275,-0.155908,-0.123647,0.003769,0.001611,0.001309,0.002127,0.002521,0.003543,0.004816,2.679416,6.592484,4.959963,1.364564,1.846531,2.277461,4.256827,1.188865,2.217204,0.104748,-9.8e-05,0.00056,0.000283,0.002272,0.002578,0.002143,0.043117,0.042278,0.032615,324.738926,0.874299,-0.555767,1.131872,324.18508,324.796426,325.353745,2.673902,6.684608,5.044176,6.7e-05,0.000202,0.000335,0.002247,0.429842,2.724153,0.096028,-252.047645,-66.72761,-193.576288,0.884259,0.798815,1.531704,0.016735,-0.437859,-0.064034,0.999986,0.999984,0.999977,0.99997,0.999962,1025.155813,130.313863,222.838038,347.873414,971.127172,1016.125976,1056.9087,1.393951,6.207602,5.037061,0.069055,0.780669,0.757609,0.921203,0.472616,0.428252,0.224147,-327.056,399.232,-832.224,168.685094,191.409556,209.488095,-0.207744,-0.513298,0.312526,5.303626,1.971557,2.117034,1.751647,1.352426,5.144195,1.556087,2.199383,1.83994,1.880946,5.021202,0.579397,1.603186,1.59089,1.549011,0.953373,0.933362,0.937797,0.925709,0.824065,,,,,,,,,,4.0,0.030199,0.020447,107.869049,107.983398,,,65.0,10.0,3.852304,1.348672,1.2e-05,1e-05,1.4e-05,-2.2e-05,3.6e-05,2.7e-05,-12.408999,-0.75172,-2.661747,-0.461898,-2.012219,-1.000569,-1.22358,-0.645856,-1.045853,-0.64794,-0.858529,-0.525394,-0.44488,3.810172,1.350506,1.027496,0.897147,0.679462,0.645197,0.522395,0.454549,0.410565,0.351949,0.406738,0.309304,0.327389,-1.447309,1.447353,0.0,0.0,1.0,0.0,0.0,0.0,0.0,1.0,0.0,1.0,0.0,0.0,0.0,0.0,0.0,1.0,0.0,0.0,0.0,0.0,0.0,1.0,0.0,1.0,0.0,0.0,,,,0.0,,0.8,1.0,,0.0,0.0,1.0,1.0,0.0,0.0,0.0,0.0,0.0,1.0,0.0,,0.0,0.0,,,1.0,1,,,0.0,,0.0,0.0,0,,,0.0,0.0,0.0,,,0.0,0.0,0.0,,0.0,0.0,,,0,,0.0,0.0,0.0,,,,0.0,0.0,,,0.0,,0.0,0.0,1.0,,,2
1440007540,1.002107,0.056927,0.11708,0.207456,0.998219,1.001132,1.003896,0.272757,6.683161,5.043029,0.02969,0.153253,0.191848,0.683745,0.447915,2.435816,0.217325,-0.019082,0.02038,-1.001689,0.00573,0.007429,0.056662,-0.402759,0.380111,-0.669633,0.009845,0.061272,0.157888,0.26186,0.002572,0.003927,0.005361,0.111799,4.800758,4.236428,4.280108,5.575174,5.407275,5.83736,5.394821,9.625766,0.163798,4.4e-05,-0.000391,0.003704,0.014539,0.011717,0.059065,-0.422337,0.005182,0.005136,324.624572,0.870329,-0.317615,1.120807,324.000423,324.607301,325.252425,2.62818,6.684608,5.046079,8.2e-05,0.00023,0.000268,0.002117,0.430349,4.40919,0.016041,-252.105967,-67.027742,-193.203247,1.004573,0.874072,1.570148,-0.086857,-0.474815,-0.114885,0.999986,0.999984,0.999977,0.999965,0.99994,1014.976283,53.408989,30.359399,93.643699,1001.726496,1017.605014,1030.588181,1.824524,6.213222,5.043813,0.107825,0.47793,0.17595,0.336923,0.446465,1.325388,0.181357,-295.312,665.488,-565.664,246.697821,214.116739,276.160039,0.265338,-0.531914,0.57921,5.364123,2.58002,2.476721,1.378279,0.518297,5.144627,0.929933,1.510965,0.515257,0.379259,5.430008,1.42275,1.780416,0.631371,0.782822,0.985403,0.956899,0.85967,0.821739,0.6898,,,,,,,,,,4.0,0.012392,0.023868,107.474373,107.875214,,,65.0,10.0,2.61234,0.960246,5e-06,1.1e-05,1.3e-05,2.2e-05,1.5e-05,3.4e-05,-17.490395,-0.706942,-2.736827,-0.393586,-2.152555,-1.02975,-1.31042,-0.742628,-0.905347,-0.571805,-0.8106,-0.627478,-0.439487,3.704936,1.424569,0.988267,0.803067,0.602679,0.611875,0.527678,0.432823,0.451693,0.388069,0.439688,0.376249,0.333281,-0.507734,0.507756,0.0,0.0,1.0,0.0,0.0,0.0,0.0,1.0,0.0,1.0,0.0,0.0,0.0,0.0,0.0,1.0,0.0,0.0,0.0,0.0,0.0,1.0,0.0,1.0,0.0,0.0,,,,0.0,,0.8,0.988888,,0.0,0.0,1.0,1.0,0.0,0.0,0.0,0.0,0.0,1.0,0.0,,0.0,0.0,,,1.0,1,,,0.0,,0.0,0.0,0,,,0.0,0.0,0.0,,,0.0,0.0,0.0,,0.0,0.0,,,0,,0.0,0.0,0.0,,,,0.0,0.0,,,0.0,,0.0,0.0,1.0,,,2
1440007600,1.001786,0.004967,0.006733,0.011886,0.999096,1.001137,1.003984,1.336338,6.684599,5.042795,0.000485,0.001281,0.000966,0.005725,0.42958,4.528331,0.092249,-0.019095,0.018623,-1.001426,0.00253,0.002224,0.00497,0.06053,0.004747,0.03205,0.003703,0.001518,0.00121,0.002032,0.00259,0.003489,0.004764,2.54416,6.599659,4.992922,1.398967,2.431827,2.358811,4.162227,1.180316,2.190284,0.114341,-0.000237,-0.000116,-0.000295,0.00237,0.002407,0.002109,0.077589,0.022361,0.016729,324.343671,0.747974,-0.357859,0.97743,323.829968,324.353267,324.878897,2.571703,6.684609,5.043456,8.8e-05,0.000283,0.000301,0.002274,0.429653,1.42754,0.099158,-250.974001,-67.278176,-194.121551,0.797678,0.779313,0.808674,-0.00831,-0.119627,-0.055242,0.999988,0.999987,0.999987,0.999987,0.999988,1016.946535,9.776786,3.287664,13.532368,1011.232911,1016.598249,1022.905665,2.427636,6.214562,5.044953,0.001472,0.009702,0.007482,0.028716,0.43079,0.97445,0.111279,46.304,806.336,-617.056,21.90168,11.964577,23.939358,-0.641869,-0.578829,0.642749,5.24323,2.153356,1.769248,0.976031,1.620809,5.043936,0.004393,0.010007,0.004347,0.014811,5.047313,0.008654,0.053273,0.032828,0.160757,0.999553,0.999441,0.999244,0.999,0.996019,,,,,,,,,,5.0,0.01742,0.028622,107.474373,107.71833,,,65.0,10.0,3.277126,1.186967,8e-06,1.2e-05,-1.4e-05,-1.9e-05,1.3e-05,2.3e-05,-9.502947,-1.41471,-2.509459,-0.391562,-2.159386,-1.20755,-1.257915,-0.522025,-0.828377,-0.606213,-0.694278,-0.506411,-0.39271,2.569382,1.476616,1.070457,0.789223,0.727089,0.731515,0.469675,0.514159,0.409934,0.39726,0.447442,0.341731,0.372247,-1.998412,1.998488,1.0,0.0,0.0,0.0,0.0,0.0,0.0,1.0,0.0,1.0,0.0,0.0,0.0,0.0,0.0,1.0,0.0,0.0,0.0,0.0,0.0,1.0,0.0,1.0,0.0,0.0,,,,0.0,,0.79,0.988938,,0.0,0.0,1.0,1.0,0.0,0.0,0.0,0.0,0.0,1.0,0.0,,0.0,0.0,,,1.0,1,,,0.0,,0.0,0.0,0,,,0.0,0.0,0.0,,,0.0,0.0,0.0,,0.0,0.0,,,0,,0.0,0.0,0.0,,,,0.0,0.0,,,0.0,,0.0,0.0,1.0,,,2
1440007660,0.999525,0.004901,-0.008591,0.015342,0.998042,0.999974,1.001972,0.910334,6.6846,5.042959,0.000653,0.004006,0.006427,0.014016,0.4299,9.42393,0.141035,-0.018904,0.018826,-0.999163,0.002711,0.002313,0.004901,0.019118,-0.064277,-0.214254,0.00366,0.001645,0.001735,0.002679,0.002514,0.003507,0.004537,2.168645,6.587327,5.109632,2.282135,2.232372,3.011062,4.301955,1.418964,0.324477,0.129628,7e-05,0.000111,-7.3e-05,0.002577,0.002266,0.002076,0.109822,0.054231,-0.055314,323.950285,0.724111,-0.378178,0.961078,323.482468,323.986935,324.464647,2.548299,6.684609,5.043389,5.9e-05,0.000207,0.000297,0.001975,0.429627,3.658536,0.103183,-250.599136,-67.35618,-193.921774,0.739825,0.80821,0.821046,0.092305,-0.148667,-0.04278,0.999987,0.999987,0.999987,0.999987,0.999987,1009.645149,21.17735,21.345078,33.445321,996.979438,1006.395548,1019.905878,2.23686,6.21439,5.040806,0.031717,0.065959,0.03993,0.097951,0.432887,0.58461,0.120128,-823.248,435.888,107.488,92.066468,190.635452,309.393616,0.275975,0.300033,-0.618361,5.190985,0.144069,0.081863,0.041679,0.049479,5.013037,2.718715,1.827085,0.855044,0.572854,6.456271,3.708466,2.255907,1.551811,1.824934,0.988351,0.964549,0.875092,0.810711,0.8832,,,,,,,,,,8.0,0.021869,0.014677,107.667587,107.726204,,,65.0,10.0,2.582984,0.948945,8e-06,4e-06,-1.3e-05,5e-06,2e-05,2.7e-05,-17.366422,-0.451125,-2.525556,0.007308,-2.40888,-1.212793,-1.187083,-0.537222,-0.849063,-0.707286,-0.922017,-0.672134,-0.486421,5.144579,1.302475,1.296642,0.963476,0.86955,0.769419,0.559583,0.493633,0.460205,0.431882,0.48866,0.368114,0.47373,-0.651543,0.651567,1.0,0.0,0.0,0.0,0.0,0.0,0.0,1.0,0.0,1.0,0.0,0.0,0.0,0.0,0.0,1.0,0.0,0.0,0.0,0.0,0.0,1.0,0.0,1.0,0.0,0.0,,,,0.0,,0.79,0.989844,,0.0,0.0,1.0,1.0,0.0,0.0,0.0,0.0,0.0,1.0,0.0,,0.0,0.0,,,1.0,1,,,0.0,,0.0,0.0,0,,,0.0,0.0,0.0,,,0.0,0.0,0.0,,0.0,0.0,,,0,,0.0,0.0,0.0,,,,0.0,0.0,,,0.0,,0.0,0.0,1.0,,,2
1440007720,0.999854,0.006452,-0.01087,0.019109,0.998087,1.000112,1.002145,0.920841,6.684591,5.042802,0.001424,0.003827,0.002802,0.019251,0.429907,6.293947,0.1716,-0.019084,0.019663,-0.999471,0.002959,0.002481,0.006463,0.036425,-0.052128,-0.027818,0.00371,0.002379,0.004934,0.008448,0.00246,0.003436,0.004524,1.099048,6.550147,4.918031,1.699913,3.107908,2.508255,4.380377,1.421093,2.433582,0.151896,0.000108,-0.000121,-0.000143,0.00255,0.002328,0.00273,-0.043606,0.070883,-0.004818,323.820145,0.7563,0.413841,0.989145,323.274048,323.809926,324.328817,2.57331,6.684609,5.042918,0.00016,0.000277,0.000297,0.002153,0.42951,0.441044,0.084413,-250.68998,-67.25095,-193.623049,0.810371,0.799235,0.849146,0.002781,-0.150777,-0.068566,0.999987,0.999986,0.999986,0.999986,0.999986,1024.629424,130.571729,-57.849076,228.035637,986.314339,1016.834249,1066.433276,1.85667,6.20622,5.041712,0.877492,2.197098,0.952848,0.665304,0.54568,1.484052,0.209389,-484.08,632.944,-321.584,295.440108,215.040845,441.609768,0.151589,-0.670772,0.275099,5.597164,1.761058,3.845609,1.605602,0.62569,5.187933,3.143287,2.565456,1.175709,0.968429,5.824906,4.874081,4.292128,2.737321,2.492394,0.918035,0.818567,0.658711,0.71887,0.735659,,,,,,,,,,6.0,0.038273,0.023323,107.726204,107.826759,,,65.0,10.0,4.655037,1.53795,1.4e-05,8e-06,-2e-06,6e-06,2.6e-05,7e-06,-11.289936,-2.192012,-2.65161,-0.249205,-2.294364,-1.171092,-1.481206,-0.658399,-1.002735,-0.806932,-0.628099,-0.499514,-0.651849,4.270487,1.680969,1.268187,0.823846,0.681072,0.615185,0.516513,0.496571,0.411673,0.4325,0.346708,0.371262,0.379908,-0.747419,0.747445,1.0,0.0,0.0,0.0,0.0,0.0,0.0,1.0,0.0,1.0,0.0,0.0,0.0,0.0,0.0,1.0,0.0,0.0,0.0,0.0,0.0,1.0,0.0,1.0,0.0,0.0,,,,0.0,,0.78,0.989844,,0.0,0.0,1.0,1.0,0.0,0.0,0.0,0.0,0.0,1.0,0.0,,0.0,0.0,,,1.0,1,,,0.0,,0.0,0.0,0,,,0.0,0.0,0.0,,,0.0,0.0,0.0,,0.0,0.0,,,0,,0.0,0.0,0.0,,,,0.0,0.0,,,0.0,,0.0,0.0,1.0,,,2
1440007780,0.999751,0.003652,-0.005531,0.009962,0.998102,1.000055,1.002007,1.319682,6.684605,5.043927,0.000271,0.001007,0.001058,0.004565,0.42985,4.077719,0.072235,-0.018932,0.01984,-0.999369,0.00247,0.002288,0.003646,-0.020484,0.010128,-0.160416,0.003568,0.001542,0.001311,0.002106,0.002467,0.003417,0.004472,2.601621,6.590728,4.923335,1.348834,2.133037,2.298055,4.368745,1.24939,2.785117,0.094713,0.000129,2e-05,0.000197,0.002324,0.002284,0.002105,-0.049949,0.044613,-0.046726,323.804017,0.767513,0.373277,1.017776,323.318885,323.799304,324.293053,2.505531,6.684609,5.043618,8.2e-05,0.000338,0.000319,0.00238,0.429699,1.608835,0.075202,-250.695617,-67.188288,-193.610942,0.787521,0.767105,0.816535,-0.054176,-0.063961,0.015929,0.999988,0.999988,0.999988,0.999988,0.999987,1013.228241,40.558746,-14.996097,79.41949,1003.625419,1013.635043,1024.812178,1.525293,6.213803,5.041647,0.018342,0.116687,0.109399,0.126505,0.434549,1.130072,0.183929,-117.152,746.88,-657.184,115.133665,71.225344,80.638292,0.584194,-0.134321,0.336735,5.208598,1.914422,2.411407,1.648096,1.629905,5.08725,0.178092,0.214068,0.05628,0.100754,5.04859,0.212917,0.328185,0.302347,0.312993,0.993555,0.990891,0.984202,0.976253,0.943234,,,,,,,,,,7.0,0.024061,0.031637,107.777611,107.826759,,,65.0,10.0,3.534026,1.262438,8e-06,1.3e-05,-1.2e-05,4e-06,3e-06,1.9e-05,-7.675211,-1.016147,-2.619352,-0.294041,-2.380692,-1.224269,-1.484216,-0.5551,-0.910559,-0.779681,-0.791064,-0.575234,-0.551924,3.888702,1.451496,1.377781,0.879158,0.978542,0.718705,0.555936,0.671813,0.511959,0.525826,0.412683,0.397439,0.419157,-1.887404,1.887472,1.0,0.0,0.0,0.0,0.0,0.0,0.0,1.0,0.0,1.0,0.0,0.0,0.0,0.0,0.0,1.0,0.0,0.0,0.0,0.0,0.0,1.0,0.0,1.0,0.0,0.0,,,,0.0,,0.78,0.990699,,0.0,0.0,1.0,1.0,0.0,0.0,0.0,0.0,0.0,1.0,0.0,,0.0,0.0,,,1.0,1,,,0.0,,0.0,0.0,0,,,0.0,0.0,0.0,,,0.0,0.0,0.0,,0.0,0.0,,,0,,0.0,0.0,0.0,,,,0.0,0.0,,,0.0,,0.0,0.0,1.0,,,2
1440007840,1.000276,0.006484,0.006157,0.015629,0.997968,1.000084,1.002157,1.22377,6.684591,5.043174,0.000768,0.006353,0.004794,0.023218,0.430121,10.749456,0.1083,-0.018952,0.019228,-0.999903,0.003288,0.002561,0.006481,0.059181,-0.001466,-0.045666,0.003821,0.001784,0.001742,0.00265,0.00254,0.00363,0.004808,2.371397,6.578181,4.93203,1.421722,2.712282,2.696802,4.446703,1.415527,4.218236,0.086217,0.000198,0.000293,9.3e-05,0.002664,0.002394,0.002196,0.106143,-0.031828,-0.011216,323.832861,0.77012,0.372638,1.017435,323.324804,323.809392,324.338407,2.492299,6.684609,5.043215,7.1e-05,0.000406,0.000281,0.002531,0.429595,7.107609,0.09581,-250.676104,-67.160198,-193.694025,0.796981,0.773262,0.839703,0.039864,-0.115955,-0.009075,0.999988,0.999987,0.999987,0.999987,0.999986,1015.323441,64.581161,79.280138,134.889775,991.233574,1011.280375,1031.395163,1.567986,6.212643,5.039679,0.223635,0.773187,0.13642,0.177216,0.450111,0.58452,0.12433,-495.888,605.648,-263.312,406.921697,254.881502,349.935638,0.855336,-0.210283,0.000354,5.950442,1.914378,1.047326,0.211482,0.146814,5.3481,1.347492,1.277406,0.277312,0.332895,6.109981,5.179145,4.090071,2.140217,2.228922,0.959282,0.892924,0.758744,0.622118,0.431039,,,,,,,,,,6.0,0.014533,0.02116,107.803093,107.840103,,,65.0,10.0,2.052688,0.71915,5e-06,7e-06,1.4e-05,6e-06,3e-06,7e-06,-16.889247,-1.182738,-2.934982,-0.250952,-2.288304,-1.108485,-1.37253,-0.558486,-0.918595,-0.893826,-0.732263,-0.577654,-0.727534,4.286627,1.743909,1.403573,0.852841,1.039015,0.711827,0.568592,0.614593,0.42393,0.501056,0.367254,0.402895,0.331848,-0.117819,0.11784,1.0,0.0,0.0,0.0,0.0,0.0,0.0,1.0,0.0,1.0,0.0,0.0,0.0,0.0,0.0,1.0,0.0,0.0,0.0,0.0,0.0,1.0,0.0,1.0,0.0,0.0,,,,0.0,,0.77,0.990699,,0.0,0.0,1.0,1.0,0.0,0.0,0.0,0.0,0.0,1.0,0.0,,0.0,0.0,,,1.0,1,,,0.0,,0.0,0.0,0,,,0.0,0.0,0.0,,,0.0,0.0,0.0,,0.0,0.0,,,0,,0.0,0.0,0.0,,,,0.0,0.0,,,0.0,,0.0,0.0,1.0,,,2
1440007900,0.999335,0.00587,0.014423,0.025068,0.997128,0.99913,1.001064,0.774084,6.684595,5.043156,0.00072,0.003626,0.003904,0.009778,0.42984,2.115393,0.082062,-0.019342,0.01942,-0.998952,0.00266,0.00253,0.005863,0.074326,-0.198864,-0.217348,0.003601,0.001585,0.001578,0.002462,0.002494,0.003404,0.004528,2.274392,6.590067,4.939416,1.529946,2.483829,2.286261,4.344469,1.277488,4.650807,0.117764,-0.000186,0.00016,4.1e-05,0.002471,0.002239,0.002072,0.016284,0.069706,-0.001408,323.057744,0.7587,-0.28966,0.99359,322.548316,323.071704,323.575757,2.543251,6.684609,5.042682,3.6e-05,0.000309,0.000244,0.002214,0.429445,2.049699,0.110605,-251.641126,-67.420139,-191.039731,0.81407,0.782774,0.83388,0.032027,-0.155701,-0.035136,0.999987,0.999986,0.999987,0.999987,0.999987,1008.481473,33.122308,43.762369,75.308209,997.597113,1008.158718,1018.846403,1.379182,6.21408,5.043554,0.012276,0.060946,0.033022,0.037705,0.431924,4.44258,0.093408,-742.896,600.528,-183.616,76.141744,123.48581,225.482763,0.296781,-0.310283,0.66531,5.036102,0.071813,0.046353,0.027679,0.025068,5.167157,0.657924,0.461079,0.168465,0.116405,6.002527,3.524339,2.543596,2.22697,2.300905,0.988767,0.968008,0.941767,0.931491,0.888254,,,,,,,,,,6.0,0.010088,0.036362,107.83094,107.842339,,,65.0,10.0,3.461139,1.241598,3e-06,1.3e-05,-8e-06,-9e-06,1e-06,2.6e-05,-15.188553,-0.702772,-2.613695,-0.147031,-2.099796,-1.25309,-1.302604,-0.448119,-0.881887,-0.783466,-0.701635,-0.585727,-0.823135,3.782304,1.541065,1.117885,0.859293,0.897091,0.938145,0.572781,0.572579,0.448834,0.407477,0.405582,0.407797,0.296355,-0.945899,0.945929,1.0,0.0,0.0,0.0,0.0,0.0,0.0,1.0,0.0,1.0,0.0,0.0,0.0,0.0,0.0,1.0,0.0,0.0,0.0,0.0,0.0,1.0,0.0,1.0,0.0,0.0,,,,0.0,,0.77,0.9908,,0.0,0.0,1.0,1.0,0.0,0.0,0.0,0.0,0.0,1.0,0.0,,0.0,0.0,,,1.0,1,,,0.0,,0.0,0.0,0,,,0.0,0.0,0.0,,,0.0,0.0,0.0,,0.0,0.0,,,0,,0.0,0.0,0.0,,,,0.0,0.0,,,0.0,,0.0,0.0,1.0,,,2
1440007960,0.998159,0.002855,0.001511,0.003744,0.996191,0.998154,1.000158,2.477838,6.684608,5.043496,0.000197,0.00061,0.000653,0.002991,0.429691,1.60249,0.086664,-0.019072,0.021082,-0.997749,0.002324,0.002088,0.002849,-0.045992,0.050017,-0.095188,0.003454,0.001462,0.001201,0.001977,0.002399,0.003315,0.00435,2.588199,6.594005,4.966665,1.134171,2.487082,2.74248,4.253081,1.257389,2.163084,0.076652,-7.7e-05,-7.5e-05,-0.000119,0.002249,0.002278,0.001948,0.067221,0.067562,0.070208,322.963069,0.762144,-0.296881,0.99062,322.444624,322.975495,323.453827,2.569387,6.684609,5.043604,0.000106,0.000313,0.00027,0.002413,0.429695,3.114131,0.106986,-251.718744,-67.653935,-190.694454,0.811774,0.803199,0.815405,-0.006567,-0.131542,0.012246,0.999987,0.999987,0.999987,0.999987,0.999986,1013.50282,19.316381,-6.567938,42.047004,1005.099,1014.07692,1021.622239,1.515411,6.214426,5.044203,0.00427,0.04153,0.023057,0.055442,0.431686,4.48224,0.090248,-307.792,680.256,-681.728,16.791091,38.412478,59.719528,-0.495422,-0.555677,0.745435,4.976468,0.051399,0.151998,0.087467,0.086648,4.979385,0.05574,0.106738,0.107042,0.060582,5.119845,0.042402,0.162417,0.106475,0.172806,0.998599,0.998139,0.996704,0.994064,0.984437,,,,,,,,,,5.0,0.025216,0.025598,107.773354,107.8414,,,65.0,10.0,2.909318,1.067919,9e-06,9e-06,-1.1e-05,-2.1e-05,3.7e-05,1.7e-05,-12.420226,-0.602334,-3.138567,-0.222038,-2.792141,-1.126134,-1.172998,-0.25707,-0.661488,-0.86842,-0.618925,-1.009709,-0.503192,5.611012,2.082222,2.048369,1.149916,1.24613,0.998174,0.692361,0.70476,0.595186,0.598283,0.566583,0.432262,0.47785,-0.632118,0.632142,0.0,0.0,1.0,0.0,0.0,0.0,0.0,1.0,0.0,1.0,0.0,0.0,0.0,0.0,0.0,1.0,0.0,0.0,0.0,0.0,0.0,1.0,0.0,1.0,0.0,0.0,,,,0.0,,0.77,0.9908,,0.0,0.0,1.0,1.0,0.0,0.0,0.0,0.0,0.0,1.0,0.0,,0.0,0.0,,,1.0,1,,,0.0,,0.0,0.0,0,,,0.0,0.0,0.0,,,0.0,0.0,0.0,,0.0,0.0,,,0,,0.0,0.0,0.0,,,,0.0,0.0,,,0.0,,0.0,0.0,1.0,,,2
1440008020,0.998251,0.006041,0.012817,0.022655,0.996206,0.998208,1.000144,0.593209,6.684594,5.043171,0.000366,0.001187,0.001048,0.008314,0.429719,0.064351,0.149361,-0.018756,0.022324,-0.997819,0.002374,0.002704,0.006041,0.040025,0.026984,-0.045386,0.003801,0.002717,0.005165,0.008225,0.002487,0.003368,0.00467,1.212054,6.52228,4.813874,1.665932,3.735649,3.431571,4.4521,1.72537,0.594834,0.226142,1.9e-05,0.000397,0.000225,0.003418,0.002427,0.002012,0.069911,-0.02324,-0.069398,323.713744,0.743611,0.146463,0.995289,323.215642,323.700607,324.215222,2.491463,6.684609,5.043382,8.1e-05,0.000326,0.000269,0.002109,0.429631,2.231704,0.111146,-252.501645,-67.979996,-190.816157,0.807852,0.803047,0.822733,-0.138704,-0.141153,0.049075,0.999987,0.999987,0.999986,0.999986,0.999986,1014.436956,65.084051,65.283059,152.777622,1002.452991,1013.382455,1026.130594,1.118073,6.212556,5.041472,0.034816,0.318548,0.233325,0.370823,0.443295,0.622848,0.32709,-268.464,723.344,-579.568,43.576607,155.289722,275.873024,0.085793,0.057183,0.839552,5.034371,0.926923,0.777652,0.426012,0.688573,4.776154,1.367871,1.595668,0.307668,0.389424,5.447815,1.223944,1.594042,0.473408,0.851951,0.980453,0.970965,0.933131,0.887848,0.876056,,,,,,,,,,5.0,0.012922,0.035138,107.748917,107.821022,,,65.0,10.0,3.619017,1.286203,6e-06,1.5e-05,-1.3e-05,3.6e-05,1e-06,1.3e-05,-13.7547,-0.780961,-2.815013,-0.17039,-2.478257,-1.282456,-1.360392,-0.479199,-0.820383,-0.70513,-0.71279,-0.71524,-0.719711,5.796633,2.019384,1.690002,1.26594,1.264087,0.937556,0.763143,0.598709,0.571279,0.570383,0.522402,0.498103,0.534502,-0.5665,0.566523,0.0,0.0,1.0,0.0,0.0,0.0,0.0,1.0,0.0,1.0,0.0,0.0,0.0,0.0,0.0,1.0,0.0,0.0,0.0,0.0,0.0,1.0,0.0,1.0,0.0,0.0,,,,0.0,,0.77,0.9908,,0.0,0.0,1.0,1.0,0.0,0.0,0.0,0.0,0.0,1.0,0.0,,0.0,0.0,,,1.0,1,,,0.0,,0.0,0.0,0,,,0.0,0.0,0.0,,,0.0,0.0,0.0,,0.0,0.0,,,0,,0.0,0.0,0.0,,,,0.0,0.0,,,0.0,,0.0,0.0,1.0,,,2
1440008080,1.000541,0.003976,-0.000774,0.008613,0.998245,1.000998,1.003001,1.450129,6.684604,5.044351,0.000197,0.000914,0.001395,0.005009,0.429972,0.411613,0.142737,-0.019168,0.021233,-1.000126,0.002515,0.002358,0.00397,-0.01306,0.044238,-0.071941,0.003796,0.001645,0.001654,0.002651,0.002619,0.003647,0.004739,2.133457,6.59268,4.975841,1.898899,2.752582,2.623565,4.215434,1.301278,1.405993,0.078211,0.000258,0.000671,0.000413,0.002461,0.002485,0.002048,0.127752,0.02316,0.035985,324.794579,0.838618,-0.419757,1.091006,324.222647,324.817721,325.363749,2.545212,6.684608,5.044328,3.5e-05,0.000289,0.000319,0.002005,0.429877,3.009144,0.044673,-251.962439,-67.666036,-193.454586,0.870773,0.796147,1.546052,0.034585,-0.480169,-0.118057,0.999987,0.999983,0.999976,0.99997,0.999964,1028.802908,155.583545,284.646562,455.165333,1012.845497,1021.277631,1028.964526,0.867039,6.20503,5.027928,0.27665,1.747327,0.301252,0.180565,0.484362,5.14272,0.213424,-169.952,895.488,-258.496,217.592421,258.137564,266.566273,0.308864,0.035668,0.284322,6.115524,3.21619,2.307618,1.758188,1.178504,5.134766,1.350393,1.934158,0.304628,0.28684,5.55092,2.544456,3.264724,1.380653,2.426271,0.958394,0.910414,0.862666,0.845134,0.725846,,,,,,,,,,6.0,0.031754,0.039143,107.75515,107.821022,,,65.0,10.0,5.173532,1.643556,1e-05,1.3e-05,4e-06,-1.7e-05,2.1e-05,2.2e-05,-10.423325,-0.272802,-3.251449,-0.020557,-2.207471,-1.088764,-1.446128,-0.64131,-0.813809,-0.536584,-0.952524,-0.777768,-0.967704,4.446313,1.756271,1.760607,1.002786,0.885008,0.932861,0.797684,0.505357,0.586734,0.594081,0.517327,0.505428,0.396661,-1.472856,1.472902,0.0,0.0,1.0,0.0,0.0,0.0,0.0,1.0,0.0,1.0,0.0,0.0,0.0,0.0,0.0,1.0,0.0,0.0,0.0,0.0,0.0,1.0,0.0,1.0,0.0,0.0,,,,0.0,,0.77,0.9908,,0.0,0.0,1.0,1.0,0.0,0.0,0.0,0.0,0.0,1.0,0.0,,0.0,0.0,,,1.0,1,,,0.0,,0.0,0.0,0,,,0.0,0.0,0.0,,,0.0,0.0,0.0,,0.0,0.0,,,0,,0.0,0.0,0.0,,,,0.0,0.0,,,0.0,,0.0,0.0,1.0,,,2
1440008140,0.998208,0.008976,0.023925,0.041832,0.996098,0.998155,1.000167,0.243351,6.684573,5.042884,0.000204,0.001207,0.001133,0.006706,0.429612,1.670113,0.161356,-0.019203,0.021977,-0.997774,0.002724,0.002462,0.008964,-0.042093,0.218066,-0.026656,0.00363,0.001532,0.001332,0.002146,0.002457,0.003469,0.00464,2.458734,6.595594,4.941206,0.93023,2.381249,2.580364,4.168683,1.182418,0.243339,0.094528,-0.000134,0.000217,-0.000225,0.002491,0.002313,0.001963,0.057973,0.073691,-0.024385,323.875537,0.747453,-0.188444,0.975946,323.378765,323.848585,324.386573,2.537016,6.684609,5.043275,0.000102,0.000309,0.000449,0.001955,0.429603,1.037671,0.078833,-252.713468,-68.008302,-190.800501,0.767405,0.768779,0.827516,-0.029626,-0.109401,0.03845,0.999988,0.999988,0.999988,0.999988,0.999986,1028.850014,154.265641,292.645252,432.462889,990.361549,1003.705136,1027.564108,0.926217,6.205715,5.010423,0.445642,0.991472,0.378023,0.51636,0.462587,0.467544,0.040325,-854.08,347.728,-185.792,120.883786,297.888123,306.747357,0.277055,0.007829,0.140111,5.036147,0.272156,0.524467,0.332176,0.949282,5.584253,2.50197,2.750882,1.461539,2.394737,5.839336,4.740733,4.975501,3.753563,3.656612,0.935263,0.899953,0.884252,0.836534,0.845198,,,,,,,,,,6.0,0.019512,0.023988,107.831596,107.926941,,,65.0,10.0,2.416956,0.882509,6e-06,9e-06,-6e-06,2.2e-05,1.4e-05,1.9e-05,-11.852053,-0.80956,-3.273165,-0.19381,-2.919421,-1.136467,-1.316535,-0.465351,-0.821744,-0.763937,-0.540538,-0.717667,-0.571448,5.156089,1.720728,1.667913,1.104532,1.114661,0.881206,0.821654,0.638439,0.52943,0.520698,0.624275,0.475099,0.546899,-0.476739,0.476761,0.0,0.0,1.0,0.0,0.0,0.0,0.0,1.0,0.0,1.0,0.0,0.0,0.0,0.0,0.0,1.0,0.0,0.0,0.0,0.0,0.0,1.0,0.0,1.0,0.0,0.0,,,,0.0,,0.76,0.990649,,0.0,0.0,1.0,1.0,0.0,0.0,0.0,0.0,0.0,1.0,0.0,,0.0,0.0,,,1.0,1,,,0.0,,0.0,0.0,0,,,0.0,0.0,0.0,,,0.0,0.0,0.0,,0.0,0.0,,,0,,0.0,0.0,0.0,,,,0.0,0.0,,,0.0,,0.0,0.0,1.0,,,2
1440008200,1.001624,0.004794,0.003612,0.009301,0.999005,1.001174,1.004228,1.64132,6.6846,5.042228,0.000293,0.001194,0.001444,0.003749,0.429397,8.520136,0.019289,-0.019483,0.02059,-1.001215,0.002947,0.002578,0.004805,0.070294,-0.047706,0.192338,0.004427,0.00202,0.001738,0.002703,0.002864,0.004177,0.005733,2.507811,6.581065,4.943432,1.463366,2.576997,2.485995,4.376669,1.326158,5.056045,0.085815,0.000131,0.000615,0.000546,0.003008,0.003071,0.002122,0.022861,-0.029343,0.017199,323.103359,0.735627,-0.225222,0.966147,322.62436,323.09057,323.601484,2.629739,6.684609,5.043548,6.8e-05,0.000284,0.000293,0.002261,0.429677,2.382082,0.092745,-252.516822,-67.354667,-189.981562,0.803708,0.77794,0.824665,-0.038362,-0.154374,-0.0833,0.999988,0.999987,0.999987,0.999986,0.999986,994.888002,14.070954,14.139282,23.514944,987.060281,994.2555,1000.19198,2.05166,6.214509,5.043542,0.002524,0.023722,0.018703,0.044479,0.431115,0.58437,0.10951,-933.472,40.352,-324.416,15.026683,86.483687,63.646673,0.197585,-0.648939,0.193733,5.052372,0.008026,0.021833,0.012436,0.015058,6.476046,4.69173,4.116142,2.426001,2.697365,5.016563,1.638099,1.482416,1.314939,1.494329,0.995241,0.992503,0.989347,0.98717,0.984421,,,,,,,,,,6.0,0.020496,0.006397,107.91983,107.936768,,,65.0,10.0,2.342855,0.85137,6e-06,0.0,8e-06,-2e-06,1.1e-05,1.5e-05,-15.509985,-0.410649,-2.751438,-0.018824,-2.326714,-1.117709,-1.524723,-0.295145,-0.78068,-0.819907,-0.783665,-0.775316,-0.78671,5.47927,1.777314,1.550867,1.006422,1.076848,1.014292,0.672919,0.697972,0.499957,0.56166,0.538928,0.4472,0.506803,-0.616018,0.616041,0.0,0.0,1.0,0.0,0.0,0.0,0.0,1.0,0.0,1.0,0.0,0.0,0.0,0.0,0.0,1.0,0.0,0.0,0.0,0.0,0.0,1.0,0.0,1.0,0.0,0.0,,,,0.0,,0.76,0.990649,,0.0,0.0,1.0,1.0,0.0,0.0,0.0,0.0,0.0,1.0,0.0,,0.0,0.0,,,1.0,1,,,0.0,,0.0,0.0,0,,,0.0,0.0,0.0,,,0.0,0.0,0.0,,0.0,0.0,,,0,,0.0,0.0,0.0,,,,0.0,0.0,,,0.0,,0.0,0.0,1.0,,,2
1440008260,0.997901,0.003728,-0.005085,0.010512,0.996201,0.998139,1.000088,1.072863,6.684605,5.043682,7.7e-05,0.000455,0.00076,0.003233,0.429742,0.128847,0.156389,-0.01881,0.021518,-0.997486,0.002345,0.002283,0.003724,0.024255,-0.046438,-0.172402,0.003482,0.0014,0.001088,0.001859,0.002466,0.0034,0.004335,2.639393,6.602502,4.927005,1.186365,2.131235,2.613745,4.186098,1.184446,4.78567,0.091012,-0.000266,-0.000428,-0.000405,0.002233,0.002225,0.001931,0.018747,0.011981,-0.009242,322.995037,0.768963,0.365192,1.026578,322.493876,322.985159,323.48119,2.538257,6.684609,5.043297,7.4e-05,0.000394,0.000268,0.002274,0.429614,1.946996,0.093722,-252.495575,-67.40134,-189.809133,0.820112,0.742745,0.835427,0.052312,-0.155457,0.016923,0.999987,0.999987,0.999987,0.999987,0.999988,1005.691715,13.952406,10.347428,28.282893,1000.831654,1005.266134,1010.726434,1.582692,6.214512,5.0455,0.001434,0.007839,0.008245,0.020494,0.430798,0.818244,0.182946,-750.272,518.656,-418.96,13.187495,48.921669,40.045654,0.385524,-0.143497,0.537776,5.046234,0.008896,0.011257,0.008342,0.015212,5.034535,0.105216,0.100812,0.025726,0.046286,5.073933,0.100987,0.129325,0.113588,0.30337,0.997518,0.995966,0.997394,0.996611,0.989529,,,,,,,,,,6.0,0.026917,0.018467,107.902107,108.052078,,,65.0,10.0,3.497475,1.252041,1.2e-05,6e-06,-2.5e-05,5e-06,1.3e-05,1.4e-05,-9.213807,-0.382338,-2.00581,-0.305204,-2.314493,-1.28689,-1.765615,-0.365393,-0.830815,-0.677737,-0.719355,-0.702082,-0.635278,4.053563,1.651139,1.846868,1.076791,1.160356,0.913001,0.632292,0.683322,0.524251,0.593482,0.487149,0.392422,0.389265,-2.073918,2.073999,0.0,0.0,1.0,0.0,0.0,0.0,0.0,1.0,0.0,1.0,0.0,0.0,0.0,0.0,0.0,1.0,0.0,0.0,0.0,0.0,0.0,1.0,0.0,1.0,0.0,0.0,,,,0.0,,0.76,0.990649,,0.0,0.0,1.0,1.0,0.0,0.0,0.0,0.0,0.0,1.0,0.0,,0.0,0.0,,,1.0,1,,,0.0,,0.0,0.0,0,,,0.0,0.0,0.0,,,0.0,0.0,0.0,,0.0,0.0,,,0,,0.0,0.0,0.0,,,,0.0,0.0,,,0.0,,0.0,0.0,1.0,,,2
1440008320,0.997829,0.006171,0.011156,0.020157,0.995404,0.997322,0.999301,0.657335,6.684593,5.043017,0.000604,0.002098,0.001504,0.010202,0.429743,0.129294,0.075348,-0.018853,0.022879,-0.997381,0.002785,0.002488,0.006157,0.19316,-0.064237,-0.158874,0.003598,0.001584,0.001309,0.002116,0.002394,0.003443,0.004632,2.628199,6.586949,4.918986,1.415024,2.770141,2.317336,4.251773,1.26072,2.730748,0.080974,3e-05,0.000211,-0.000151,0.002306,0.002517,0.001931,0.014542,0.023286,-0.047712,322.912497,0.737238,0.075115,1.002881,322.453367,322.933175,323.382292,2.403309,6.684609,5.043618,0.000147,0.000297,0.000266,0.002307,0.429698,4.179021,0.08091,-252.470858,-67.401772,-189.701416,0.792061,0.773632,0.798692,0.011422,-0.150469,-0.005666,0.999988,0.999987,0.999987,0.999987,0.999987,1009.907638,36.737819,49.000619,87.059974,998.671117,1007.777753,1018.092333,1.198254,6.213961,5.045918,0.070944,0.418372,0.180476,0.110311,0.441848,1.16742,0.226929,-794.768,407.456,-3.216,132.226783,74.223177,447.865151,-0.015439,-0.934321,0.0531,5.210959,0.333868,0.973225,0.119964,0.05269,5.062126,1.075469,1.364749,0.957139,0.497201,6.658142,3.029264,2.936305,1.690309,1.779451,0.989924,0.972338,0.880689,0.750944,0.536153,,,,,,,,,,6.0,0.018182,0.011445,108.051186,108.075066,,,65.0,10.0,2.069744,0.727425,6e-06,4e-06,1e-06,1.2e-05,6e-06,1e-06,-14.489443,-0.330471,-2.096989,-0.210334,-2.405212,-1.593236,-1.768995,-0.355354,-0.7801,-0.72553,-0.703309,-0.591205,-0.576817,3.750882,1.533534,1.715916,1.108304,1.093942,0.881597,0.608086,0.688999,0.544848,0.562508,0.480833,0.402071,0.419133,-1.034206,1.034237,0.0,0.0,1.0,0.0,0.0,0.0,0.0,1.0,0.0,1.0,0.0,0.0,0.0,0.0,0.0,1.0,0.0,0.0,0.0,0.0,0.0,1.0,0.0,1.0,0.0,0.0,,,,0.0,,0.76,0.990649,,0.0,0.0,1.0,1.0,0.0,0.0,0.0,0.0,0.0,1.0,0.0,,0.0,0.0,,,1.0,1,,,0.0,,0.0,0.0,0,,,0.0,0.0,0.0,,,0.0,0.0,0.0,,0.0,0.0,,,0,,0.0,0.0,0.0,,,,0.0,0.0,,,0.0,,0.0,0.0,1.0,,,2
1440008380,0.997942,0.00747,0.010806,0.021998,0.995436,0.997454,1.000194,0.928419,6.684584,5.044082,0.000378,0.001665,0.000886,0.006599,0.429939,0.487697,0.195365,-0.019169,0.023788,-0.997467,0.00274,0.002689,0.007462,0.229486,-0.390471,-0.3534,0.00357,0.001517,0.001247,0.00205,0.002421,0.003524,0.004514,2.589891,6.593368,4.966287,1.222406,2.289412,2.505477,4.165148,1.178739,1.703324,0.118635,-1.7e-05,0.000247,9.8e-05,0.002317,0.002357,0.002013,0.109331,-0.022011,-0.05562,322.357232,0.735671,0.366607,0.96963,321.854331,322.349477,322.802904,2.581968,6.684609,5.043255,6.1e-05,0.000346,0.000313,0.002224,0.429601,2.647819,0.077265,-252.725393,-66.318791,-188.797934,0.774833,0.752631,0.770439,0.022928,-0.106981,-0.007275,0.999989,0.999989,0.999988,0.999988,0.999989,1039.723459,76.554769,67.429162,119.965955,1014.841826,1033.580095,1059.939621,2.108071,6.211929,5.037348,0.395866,0.866647,0.211845,0.221698,0.454501,4.28538,0.260702,65.92,850.176,464.304,266.376503,215.13873,164.077749,-0.746308,-0.529858,0.395493,6.705611,4.633696,4.158646,1.814966,1.869298,5.069103,0.643477,0.882684,0.177299,0.088624,5.172037,1.526865,1.612723,0.697185,1.262066,0.981451,0.947155,0.915763,0.877616,0.660688,,,,,,,,,,5.0,0.013758,0.024187,107.921173,108.007805,,,65.0,10.0,2.414794,0.881614,5e-06,8e-06,-6e-06,3e-06,2.5e-05,3.8e-05,-12.32,-0.516575,-2.39983,-0.4834,-1.916929,-1.504306,-1.275599,-0.407766,-0.846278,-0.555022,-0.632534,-0.731866,-0.702424,4.152301,1.924671,1.789726,1.321884,0.955939,1.066583,0.632951,0.645371,0.498095,0.483804,0.433112,0.341785,0.358226,-1.414826,1.41487,0.0,0.0,1.0,0.0,0.0,0.0,0.0,1.0,0.0,1.0,0.0,0.0,0.0,0.0,0.0,1.0,0.0,0.0,0.0,0.0,0.0,1.0,0.0,1.0,0.0,0.0,,,,0.0,,0.76,0.990649,,0.0,0.0,1.0,1.0,0.0,0.0,0.0,0.0,0.0,1.0,0.0,,0.0,0.0,,,1.0,1,,,0.0,,0.0,0.0,0,,,0.0,0.0,0.0,,,0.0,0.0,0.0,,0.0,0.0,,,0,,0.0,0.0,0.0,,,,0.0,0.0,,,0.0,,0.0,0.0,1.0,,,2
1440008440,0.99697,0.008215,-0.013674,0.023467,0.99529,0.997258,0.999243,0.955785,6.684577,5.043748,0.00099,0.00739,0.006296,0.033649,0.430517,0.289855,0.161497,-0.01894,0.023348,-0.99651,0.002577,0.002409,0.008222,0.063579,-0.151741,-0.090347,0.003651,0.002193,0.003754,0.005951,0.002326,0.003436,0.004551,1.42449,6.55053,4.886039,2.242589,3.003252,2.675286,4.612335,1.621192,0.675917,0.128574,4.3e-05,0.000209,0.000113,0.003036,0.002292,0.0019,0.087108,0.009615,0.069245,323.720061,0.729908,0.218383,0.964464,323.215533,323.755277,324.222346,2.456039,6.684609,5.043381,0.00011,0.000332,0.000287,0.002082,0.429631,0.804576,0.087785,-251.715275,-67.668628,-191.973275,0.782037,0.772878,0.800113,0.015894,-0.158947,0.002586,0.999988,0.999987,0.999987,0.999988,0.999987,1023.757968,53.97725,81.358569,128.624464,1008.484006,1017.148957,1025.530107,1.209074,6.213284,5.051932,0.018045,0.607758,0.252045,0.471373,0.454862,0.3892,0.22744,-220.512,768.704,-579.2,135.817738,138.652776,195.752006,0.443613,0.146288,0.788667,5.378719,4.156629,4.53013,1.234304,0.769897,4.977289,0.783762,0.842238,0.360621,0.46352,5.201363,2.671638,3.109282,0.892888,0.872013,0.978829,0.972688,0.960342,0.920769,0.868599,,,,,,,,,,6.0,0.011187,0.025201,107.876625,107.919701,,,65.0,10.0,2.422136,0.88465,5e-06,7e-06,7e-06,-7e-06,1.3e-05,2.6e-05,-13.333707,-0.495057,-2.509842,-0.567285,-2.402767,-1.449919,-1.311799,-0.765249,-0.84741,-0.602961,-0.484815,-0.695086,-0.711824,3.50759,1.903191,1.769579,1.389955,0.766383,1.053262,0.664864,0.72091,0.506068,0.446734,0.510772,0.410637,0.463459,-0.722334,0.722359,0.0,0.0,1.0,0.0,0.0,0.0,0.0,1.0,0.0,1.0,0.0,0.0,0.0,0.0,0.0,1.0,0.0,0.0,0.0,0.0,0.0,1.0,0.0,1.0,0.0,0.0,,,,0.0,,0.76,0.990649,,0.0,0.0,1.0,1.0,0.0,0.0,0.0,0.0,0.0,1.0,0.0,,0.0,0.0,,,1.0,1,,,0.0,,0.0,0.0,0,,,0.0,0.0,0.0,,,0.0,0.0,0.0,,0.0,0.0,,,0,,0.0,0.0,0.0,,,,0.0,0.0,,,0.0,,0.0,0.0,1.0,,,2
1440008500,0.997598,0.004049,0.005514,0.010297,0.995465,0.997366,0.999329,1.27569,6.684604,5.043534,0.000341,0.001253,0.001147,0.005514,0.429772,12.208894,0.124317,-0.018972,0.024101,-0.997121,0.002417,0.002318,0.004058,-0.034943,-0.087324,0.038128,0.003695,0.002444,0.005024,0.008249,0.002383,0.003443,0.004545,1.139145,6.548584,4.868158,2.988093,4.055654,3.912063,4.742256,2.269795,1.56812,0.119818,0.000133,0.000206,0.000168,0.002336,0.002451,0.002841,0.135639,0.008511,0.018161,323.758296,0.731475,0.289014,0.99629,323.270002,323.773171,324.240864,2.368405,6.684609,5.043716,9.4e-05,0.000314,0.00028,0.002212,0.429721,2.230851,0.100314,-251.768394,-67.671437,-191.967221,0.788466,0.753077,0.786802,0.009622,-0.147583,-0.004727,0.999988,0.999988,0.999988,0.999988,0.999988,1013.41822,10.110998,9.435262,17.008285,1007.118661,1013.192973,1018.830697,2.063868,6.214558,5.042937,0.003649,0.009553,0.009422,0.028786,0.430314,1.24672,0.09193,-86.144,775.408,-644.64,23.615827,28.532675,38.830586,-0.399757,-0.441741,0.895995,4.983091,0.729222,0.759753,0.463728,0.755002,5.036238,0.030013,0.02895,0.016901,0.020586,5.067317,0.059338,0.054109,0.040761,0.150922,0.999418,0.998835,0.997522,0.997115,0.994843,,,,,,,,,,6.0,0.023803,0.025744,107.862602,107.880608,,,65.0,10.0,3.412092,1.227326,8e-06,1e-05,1e-06,1.2e-05,2.3e-05,2.6e-05,-10.537432,-0.470645,-2.57843,-0.805047,-2.363678,-1.498487,-1.120555,-0.61429,-0.888466,-0.53186,-0.57594,-0.625767,-0.554779,3.799172,1.926507,1.714353,1.22783,0.8641,0.976794,0.731097,0.656942,0.548684,0.478823,0.517558,0.422226,0.409848,-1.305881,1.30592,0.0,0.0,1.0,0.0,0.0,0.0,0.0,1.0,0.0,1.0,0.0,0.0,0.0,0.0,0.0,1.0,0.0,0.0,0.0,0.0,0.0,1.0,0.0,1.0,0.0,0.0,,,,0.0,,0.76,0.990649,,0.0,0.0,1.0,1.0,0.0,0.0,0.0,0.0,0.0,1.0,0.0,,0.0,0.0,,,1.0,1,,,0.0,,0.0,0.0,0,,,0.0,0.0,0.0,,,0.0,0.0,0.0,,0.0,0.0,,,0,,0.0,0.0,0.0,,,,0.0,0.0,,,0.0,,0.0,0.0,1.0,,,2
1440008560,0.998308,0.008379,0.013325,0.021979,0.996137,0.998176,0.999343,0.950159,6.684577,5.043654,0.001317,0.005196,0.00496,0.030264,0.430359,11.48825,0.140506,-0.019124,0.023911,-0.997831,0.002873,0.002301,0.008373,0.116968,-0.162008,-0.289472,0.003546,0.00154,0.001424,0.00227,0.002382,0.003424,0.004453,2.33474,6.59123,4.963769,1.947867,2.558271,2.242077,4.149625,1.20153,0.648875,0.081694,-7.2e-05,-6.2e-05,-6e-06,0.002498,0.002222,0.00194,0.040309,-0.011214,-0.043343,323.81226,0.709397,-0.20783,0.947677,323.34161,323.825918,324.243759,2.443795,6.684609,5.043487,0.00012,0.000412,0.000253,0.001802,0.429654,1.245944,0.085548,-251.883954,-67.592569,-191.934029,0.787977,0.799219,0.819046,-0.100747,-0.204657,0.039319,0.999987,0.999986,0.999986,0.999986,0.999986,1008.378388,30.006435,33.298382,67.751039,1000.231961,1009.776212,1019.968625,1.44198,6.21417,5.047183,0.038407,0.1903,0.063634,0.068695,0.435879,0.623328,0.173056,-519.728,594.048,-607.904,102.923923,100.936563,66.244568,0.814166,-0.422124,-0.005045,5.007349,0.499375,0.331015,0.06786,0.057597,5.225387,0.492424,0.42468,0.150108,0.107716,4.997795,0.2092,0.854108,0.376305,0.322108,0.99649,0.992948,0.977834,0.972662,0.959985,,,,,,,,,,6.0,0.028427,0.007604,107.755241,107.863823,,,65.0,10.0,3.284577,1.189238,1e-05,3e-06,1.2e-05,-3e-06,2.2e-05,1.5e-05,-14.783014,-0.400834,-2.459947,-0.284722,-2.365298,-1.411952,-1.251913,-0.631216,-0.846758,-0.744871,-0.748191,-0.633104,-0.61988,4.641162,1.828053,1.731078,1.148384,0.98095,1.060577,0.623931,0.659089,0.531277,0.419102,0.492401,0.391592,0.409943,-0.738955,0.738981,0.0,0.0,1.0,0.0,0.0,0.0,0.0,1.0,0.0,1.0,0.0,0.0,0.0,0.0,0.0,1.0,0.0,0.0,0.0,0.0,0.0,1.0,0.0,1.0,0.0,0.0,,,,0.0,,0.76,0.990649,,0.0,0.0,1.0,1.0,0.0,0.0,0.0,0.0,0.0,1.0,0.0,,0.0,0.0,,,1.0,1,,,0.0,,0.0,0.0,0,,,0.0,0.0,0.0,,,0.0,0.0,0.0,,0.0,0.0,,,0,,0.0,0.0,0.0,,,,0.0,0.0,,,0.0,,0.0,0.0,1.0,,,2
1440008620,0.997344,0.005351,-0.007441,0.016687,0.995289,0.997297,0.999321,0.911631,6.684597,5.043264,0.000449,0.002858,0.001992,0.014892,0.429902,0.674217,0.091953,-0.018885,0.024234,-0.996865,0.002425,0.002185,0.005353,0.095826,-0.216395,-0.153288,0.003475,0.001534,0.001275,0.002089,0.002403,0.003285,0.00444,2.544379,6.585335,4.999442,1.172735,2.47143,2.432521,4.251531,1.238038,0.270364,0.093636,1.5e-05,0.000226,5.2e-05,0.002302,0.002331,0.001908,-0.007838,0.045785,0.003819,323.793634,0.733788,0.389338,0.943292,323.285977,323.75392,324.336086,2.612003,6.684609,5.043721,7.2e-05,0.000442,0.000286,0.002007,0.429721,1.893855,0.115866,-252.440288,-68.103809,-190.988796,0.796186,0.788093,0.807995,0.031215,-0.169631,-0.047731,0.999987,0.999987,0.999987,0.999987,0.999987,1013.841285,26.99261,27.423612,59.335909,1006.276304,1017.164687,1025.904479,1.573801,6.214256,5.045031,0.103597,0.135736,0.076582,0.119302,0.436367,4.09101,0.161157,-389.888,704.368,-552.896,143.278706,186.871487,138.967957,0.889255,0.574654,0.829787,5.132855,1.100241,0.650558,0.074084,0.090327,5.14959,0.531807,0.210857,0.047541,0.11724,5.250507,0.701789,0.979905,0.372772,0.433039,0.996776,0.991867,0.977379,0.91828,0.842225,,,,,,,,,,5.0,0.034414,0.020383,107.752831,107.814575,,,65.0,10.0,4.34224,1.46839,1.4e-05,9e-06,-2.1e-05,1.8e-05,3.3e-05,2.1e-05,-12.43729,-0.244306,-2.67744,-0.397123,-2.218539,-1.200556,-1.698743,-0.450147,-0.84088,-0.873331,-0.779363,-0.478902,-0.512723,3.676925,1.546869,1.508903,0.946862,1.024902,0.918758,0.549974,0.66318,0.427171,0.586527,0.396273,0.389808,0.38484,-1.351379,1.351421,0.0,0.0,1.0,0.0,0.0,0.0,0.0,1.0,0.0,1.0,0.0,0.0,0.0,0.0,0.0,1.0,0.0,0.0,0.0,0.0,0.0,1.0,0.0,1.0,0.0,0.0,,,,0.0,,0.75,0.990649,,0.0,0.0,1.0,1.0,0.0,0.0,0.0,0.0,0.0,1.0,0.0,,0.0,0.0,,,1.0,1,,,0.0,,0.0,0.0,0,,,0.0,0.0,0.0,,,0.0,0.0,0.0,,0.0,0.0,,,0,,0.0,0.0,0.0,,,,0.0,0.0,,,0.0,,0.0,0.0,1.0,,,2
1440008680,1.000604,0.008596,0.004981,0.021091,0.998287,1.000343,1.002985,1.009075,6.684575,5.045157,0.001207,0.005375,0.006319,0.018997,0.430594,1.739397,0.114515,-0.018991,0.022126,-1.000172,0.002793,0.002527,0.008599,0.09289,-0.199247,-0.209812,0.003656,0.001539,0.001152,0.002038,0.002553,0.003631,0.004706,2.610751,6.593549,4.936659,1.255525,2.605787,2.602884,4.187879,1.215986,1.13556,0.103681,-1.6e-05,0.000258,0.000527,0.002346,0.002353,0.002085,0.049212,0.093621,0.022751,324.686572,0.868635,-0.484228,1.135199,324.081363,324.729853,325.292224,2.584235,6.684608,5.044689,8e-05,0.000427,0.000347,0.002177,0.42998,3.266744,0.092445,-251.983252,-67.883842,-193.170264,0.867153,0.789601,1.490895,0.033799,-0.409615,-0.097665,0.999987,0.999984,0.999978,0.999972,0.999967,1021.963218,137.791074,313.558262,485.914605,1001.694564,1010.093065,1017.164687,0.406703,6.20821,5.035187,0.052081,0.289179,0.161762,0.230688,0.438527,5.764008,0.053213,8.704,425.712,-895.392,202.883573,182.28421,77.282743,-0.212032,-0.448281,0.37899,6.560451,3.91447,4.579831,3.128395,4.048048,5.352413,1.168315,1.174353,0.522913,0.319833,5.010516,0.095194,0.173507,0.19158,0.243156,0.986512,0.980568,0.967028,0.952127,0.902348,,,,,,,,,,5.0,0.026617,0.011174,107.823212,107.850906,,,65.0,10.0,3.015788,1.103861,8e-06,4e-06,-9e-06,9e-06,1.7e-05,1.6e-05,-9.904258,-0.128594,-2.247671,-0.468762,-1.959754,-1.427349,-1.464297,-0.556709,-0.762396,-0.514568,-0.647154,-0.753172,-0.719482,4.17208,1.936338,1.904314,1.353381,0.887295,1.089533,0.658861,0.608543,0.536261,0.440281,0.504977,0.393995,0.348683,-1.861957,1.862023,0.0,0.0,1.0,0.0,0.0,0.0,0.0,1.0,0.0,1.0,0.0,0.0,0.0,0.0,0.0,1.0,0.0,0.0,0.0,0.0,0.0,1.0,0.0,1.0,0.0,0.0,,,,0.0,,0.75,0.990649,,0.0,0.0,1.0,1.0,0.0,0.0,0.0,0.0,0.0,1.0,0.0,,0.0,0.0,,,1.0,1,,,0.0,,0.0,0.0,0,,,0.0,0.0,0.0,,,0.0,0.0,0.0,,0.0,0.0,,,0,,0.0,0.0,0.0,,,,0.0,0.0,,,0.0,,0.0,0.0,1.0,,,2
1440008740,0.997284,0.007466,-0.009921,0.017511,0.995289,0.997328,0.999283,1.181233,6.684584,5.043522,0.000923,0.002295,0.002201,0.01389,0.429958,1.31384,0.09081,-0.018921,0.023044,-0.996832,0.002638,0.002431,0.007474,0.062187,-0.183184,-0.105899,0.00379,0.002393,0.00348,0.004956,0.00241,0.003323,0.004581,1.89635,6.529222,4.760041,2.143308,2.745462,2.499457,4.241511,1.27878,1.270726,0.102132,-3.1e-05,0.000187,-3.2e-05,0.003312,0.002336,0.001904,0.05654,0.156851,-0.084298,323.854264,0.732136,-0.324114,0.952891,323.357019,323.84646,324.365835,2.554978,6.684609,5.043488,5.8e-05,0.000342,0.000277,0.002154,0.42966,1.661507,0.087576,-252.469774,-67.95558,-191.105697,0.777629,0.761442,0.774977,-0.051321,-0.101853,0.000268,0.999988,0.999988,0.999988,0.999988,0.999988,994.958447,26.647775,-17.238788,59.292303,987.230469,993.885305,999.687949,1.217087,6.214247,5.039994,0.003593,0.016243,0.006318,0.016485,0.42943,0.818118,0.200356,-916.224,34.88,-344.16,77.000246,109.512491,116.624416,0.020948,-0.848001,0.143402,5.060502,0.00911,0.018363,0.009123,0.014905,6.630868,3.309242,2.001086,1.168721,1.630292,5.048334,0.078175,0.351736,0.118475,0.59105,0.995506,0.990157,0.97369,0.975414,0.925684,,,,,,,,,,6.0,0.025695,0.026307,107.817657,107.864975,,,65.0,10.0,3.817337,1.339553,9e-06,1e-05,1.6e-05,-2.1e-05,1.2e-05,1.4e-05,-13.231928,-0.719858,-2.585517,-0.497472,-1.924051,-1.219424,-1.266552,-0.587232,-0.759853,-0.567604,-0.827455,-0.800581,-0.750257,4.845151,1.82846,1.739146,1.254873,0.91107,1.024758,0.67233,0.661579,0.595249,0.512962,0.4085,0.418777,0.344694,-1.061495,1.061527,0.0,0.0,1.0,0.0,0.0,0.0,0.0,1.0,0.0,1.0,0.0,0.0,0.0,0.0,0.0,1.0,0.0,0.0,0.0,0.0,0.0,1.0,0.0,1.0,0.0,0.0,,,,0.0,,0.75,1.0,,0.0,0.0,1.0,1.0,0.0,0.0,0.0,0.0,0.0,1.0,0.0,,0.0,0.0,,,1.0,1,,,0.0,,0.0,0.0,0,,,0.0,0.0,0.0,,,0.0,0.0,0.0,,0.0,0.0,,,0,,0.0,0.0,0.0,,,,0.0,0.0,,,0.0,,0.0,0.0,1.0,,,2
1440008800,0.997969,0.002644,-0.00105,0.003451,0.996245,0.998212,0.999421,2.561848,6.684608,5.04313,0.00011,0.000632,0.000597,0.002454,0.429583,0.51445,0.108881,-0.019118,0.023774,-0.997498,0.002256,0.002034,0.002642,0.047021,0.021729,-0.03344,0.00349,0.001507,0.001175,0.001996,0.002354,0.003332,0.00447,2.707332,6.58922,4.956716,1.102276,2.525133,2.292119,4.314147,1.246561,1.919602,0.089903,-0.000188,-0.000137,-6e-05,0.002252,0.002312,0.001994,0.066238,-0.030564,0.055986,323.720474,0.736481,0.268671,0.970918,323.23288,323.700958,324.241049,2.472632,6.684609,5.043597,6.9e-05,0.000391,0.000305,0.002176,0.429691,0.493308,0.107568,-252.713252,-68.040498,-190.52599,0.783618,0.771726,0.792316,-0.063169,-0.127448,0.063219,0.999988,0.999988,0.999988,0.999988,0.999987,1008.62994,36.398406,-72.042991,118.150034,1003.322481,1009.71283,1016.125976,0.48013,6.213874,5.044241,0.005344,0.017655,0.01093,0.039927,0.430987,3.545542,0.030768,-161.712,578.192,-808.368,10.233135,57.570506,36.394183,-0.214594,-0.238495,0.173517,5.032724,0.205048,0.311803,0.161159,0.320913,5.050123,0.052898,0.067392,0.015313,0.035738,5.043987,0.004351,0.034863,0.021239,0.081789,0.998773,0.997871,0.99764,0.996837,0.984393,,,,,,,,,,4.0,0.015202,0.015968,107.806213,107.821579,,,65.0,10.0,2.094404,0.739269,7e-06,6e-06,1.6e-05,7e-06,2.3e-05,3.2e-05,-9.798129,-0.42992,-2.286203,-0.612759,-2.23468,-1.431427,-1.231623,-0.682157,-0.660659,-0.516258,-0.66992,-0.655951,-0.770256,4.202942,2.047465,1.833186,1.51878,1.042526,1.03718,0.768349,0.624393,0.545199,0.456104,0.463366,0.392883,0.372893,-1.76647,1.76653,0.0,0.0,1.0,0.0,0.0,0.0,0.0,1.0,0.0,1.0,0.0,0.0,0.0,0.0,0.0,1.0,0.0,0.0,0.0,0.0,0.0,1.0,0.0,1.0,0.0,0.0,,,,0.0,,0.75,1.0,,0.0,0.0,1.0,1.0,0.0,0.0,0.0,0.0,0.0,1.0,0.0,,0.0,0.0,,,1.0,1,,,0.0,,0.0,0.0,0,,,0.0,0.0,0.0,,,0.0,0.0,0.0,,0.0,0.0,,,0,,0.0,0.0,0.0,,,,0.0,0.0,,,0.0,,0.0,0.0,1.0,,,2
1440008860,0.997541,0.003258,0.003635,0.007096,0.99538,0.997351,0.999356,1.563782,6.684606,5.043772,0.000171,0.000841,0.001103,0.004791,0.429809,6.570115,0.100647,-0.019079,0.0237,-0.99707,0.00291,0.002269,0.003262,-0.006491,-0.000494,0.021553,0.003607,0.001563,0.00132,0.002109,0.002402,0.00346,0.004617,2.628456,6.590493,4.952765,1.751588,2.49843,2.377579,4.170162,1.203833,5.245065,0.098682,3.5e-05,-0.000139,-1.3e-05,0.002357,0.002457,0.001961,0.05817,-0.003636,0.041324,323.851488,0.735308,0.2168,0.974622,323.379442,323.868985,324.336095,2.522947,6.684609,5.043516,6.1e-05,0.000308,0.000211,0.002329,0.429668,9.371376,0.076917,-252.705663,-67.997499,-190.77378,0.771323,0.793833,0.808867,-0.080578,-0.104896,0.000233,0.999988,0.999987,0.999987,0.999987,0.999987,1013.716462,13.064389,9.581167,20.644225,1006.602205,1013.477183,1020.368561,2.088089,6.214525,5.042421,0.005889,0.017915,0.023234,0.048186,0.430807,1.285944,0.109078,129.008,496.336,-873.744,16.477134,28.702319,16.593929,0.237458,0.269994,0.512119,5.059289,0.391789,0.595585,0.636937,0.670429,5.037462,0.015486,0.053155,0.040702,0.0475,5.044448,0.008051,0.022991,0.037782,0.082318,0.999429,0.999381,0.999262,0.999043,0.9945,,,,,,,,,,6.0,0.019289,0.02736,107.737831,107.794647,,,65.0,10.0,2.920731,1.071834,5e-06,8e-06,2e-06,2e-06,1.3e-05,1.7e-05,-10.799501,-0.3288,-2.381199,0.050645,-2.489038,-1.232747,-1.619699,-0.721123,-0.845335,-0.610227,-0.810896,-0.58973,-0.900205,3.957714,1.75599,1.615137,1.505042,1.142823,1.076011,0.987787,0.654635,0.625424,0.653325,0.513793,0.589939,0.496112,-1.480499,1.480545,0.0,0.0,1.0,0.0,0.0,0.0,0.0,1.0,0.0,1.0,0.0,0.0,0.0,0.0,0.0,1.0,0.0,0.0,0.0,0.0,0.0,1.0,0.0,1.0,0.0,0.0,,,,0.0,,0.75,1.0,,0.0,0.0,1.0,1.0,0.0,0.0,0.0,0.0,0.0,1.0,0.0,,0.0,0.0,,,1.0,1,,,0.0,,0.0,0.0,0,,,0.0,0.0,0.0,,,0.0,0.0,0.0,,0.0,0.0,,,0,,0.0,0.0,0.0,,,,0.0,0.0,,,0.0,,0.0,0.0,1.0,,,2
1440008920,0.997627,0.0051,0.004316,0.011848,0.995396,0.997328,0.999301,1.187446,6.684599,5.043357,0.00013,0.003863,0.003995,0.005062,0.429802,0.418808,0.107293,-0.018973,0.023923,-0.997154,0.002513,0.002424,0.005098,-0.016701,-0.146432,-0.167598,0.003432,0.001538,0.001393,0.002141,0.002306,0.003291,0.004335,2.459782,6.58551,4.956079,1.257004,2.669934,2.402718,4.318765,1.285061,1.703285,0.080573,3.8e-05,-0.000141,9.4e-05,0.002372,0.002208,0.001901,0.017645,0.074576,0.040748,323.706487,0.741318,0.155996,0.991919,323.232957,323.721923,324.169566,2.594423,6.684609,5.043396,6e-05,0.000218,0.000339,0.002236,0.429635,0.700615,0.099866,-252.706964,-68.04979,-190.507412,0.780824,0.743774,0.78669,-0.037126,-0.126111,0.121284,0.999989,0.999989,0.999988,0.999988,0.999987,1018.796392,74.077736,-58.061569,143.550363,1011.707468,1019.521456,1027.27601,1.053163,6.211897,5.046062,0.274289,0.83384,0.258453,0.689664,0.465858,1.870272,0.106345,-263.744,738.464,-505.488,204.324914,251.400829,260.910824,-0.394766,-0.811023,0.697668,5.564262,2.46732,2.251229,1.092525,0.340228,5.40735,1.87196,1.777318,0.84781,0.726256,4.847748,3.063633,2.64703,1.741172,2.200109,0.974048,0.943776,0.885463,0.813761,0.745922,,,,,,,,,,6.0,0.041073,0.032301,107.678719,107.740982,,,65.0,10.0,5.579682,1.719132,1.3e-05,1e-05,-9e-06,1.3e-05,2.8e-05,1.9e-05,-14.495641,0.287083,-3.030585,-0.028475,-2.441006,-1.389635,-1.118795,-0.786783,-1.071243,-0.447341,-0.864007,-0.497984,-0.60644,5.404736,1.544367,1.793285,1.365567,1.146166,1.073883,0.982305,0.705655,0.579817,0.62587,0.498664,0.508352,0.482593,-0.800845,0.800872,0.0,0.0,1.0,0.0,0.0,0.0,0.0,1.0,0.0,1.0,0.0,0.0,0.0,0.0,0.0,1.0,0.0,0.0,0.0,0.0,0.0,1.0,0.0,1.0,0.0,0.0,,,,0.0,,0.75,1.0,,0.0,0.0,1.0,1.0,0.0,0.0,0.0,0.0,0.0,1.0,0.0,,0.0,0.0,,,1.0,1,,,0.0,,0.0,0.0,0,,,0.0,0.0,0.0,,,0.0,0.0,0.0,,0.0,0.0,,,0,,0.0,0.0,0.0,,,,0.0,0.0,,,0.0,,0.0,0.0,1.0,,,2
1440008980,0.997512,0.002766,-0.001862,0.004055,0.995574,0.99737,0.99928,2.220409,6.684608,5.043276,0.000106,0.000644,0.000479,0.003209,0.429632,8.043555,0.089466,-0.019169,0.024307,-0.997026,0.002549,0.002267,0.002771,0.014267,-0.080721,0.000899,0.003614,0.001522,0.001167,0.002026,0.002451,0.003476,0.004601,2.555124,6.593565,4.944571,1.570521,2.21384,2.38525,4.216891,1.191538,1.378846,0.081974,-6.4e-05,0.000148,0.000108,0.002361,0.002431,0.001963,0.012478,0.052841,-0.036796,323.935825,0.749532,0.338145,0.975006,323.404207,323.94325,324.445679,2.649785,6.684609,5.043436,5.6e-05,0.000234,0.000309,0.002401,0.429648,2.44057,0.084182,-253.411381,-68.597114,-189.763624,0.785659,0.762432,0.810354,0.017506,-0.115491,-0.022468,0.999988,0.999987,0.999988,0.999988,0.999988,1010.093924,26.919581,-20.351847,41.85001,998.671117,1009.681138,1023.906246,2.190279,6.214251,5.043567,0.004594,0.218702,0.143583,0.115582,0.436449,0.428626,0.217186,-219.136,462.8,-867.744,51.356222,32.86384,45.965536,-0.129413,0.823935,0.020582,5.067187,0.163623,1.041858,0.61305,0.511593,5.027113,0.043486,1.481986,0.422062,0.223245,5.047768,0.005439,0.03628,0.167611,0.143599,0.997051,0.997005,0.996559,0.995467,0.974357,,,,,,,,,,5.0,0.037393,0.024132,107.409775,107.666389,,,65.0,10.0,4.811555,1.57102,1.2e-05,9e-06,-1.1e-05,-1e-06,2.7e-05,2.6e-05,-12.763313,-0.378422,-2.620692,0.110029,-2.377418,-1.170531,-1.479521,-0.821095,-0.798561,-0.514283,-0.859028,-0.604331,-0.806788,4.793229,1.783694,1.803852,1.20316,1.065788,1.088497,0.955758,0.582573,0.615448,0.566227,0.511189,0.503721,0.493389,-1.200745,1.200781,0.0,0.0,1.0,0.0,0.0,0.0,0.0,1.0,0.0,1.0,0.0,0.0,0.0,0.0,0.0,1.0,0.0,0.0,0.0,0.0,0.0,1.0,0.0,1.0,0.0,0.0,,,,0.0,,0.75,1.0,,0.0,0.0,1.0,1.0,0.0,0.0,0.0,0.0,0.0,1.0,0.0,,0.0,0.0,,,1.0,1,,,0.0,,0.0,0.0,0,,,0.0,0.0,0.0,,,0.0,0.0,0.0,,0.0,0.0,,,0,,0.0,0.0,0.0,,,,0.0,0.0,,,0.0,,0.0,0.0,1.0,,,2
1440009040,0.997503,0.003454,0.005048,0.010158,0.995482,0.997407,0.99928,1.112537,6.684606,5.043783,0.000211,0.000445,0.000458,0.002604,0.429753,2.814534,0.083056,-0.019061,0.024533,-0.997013,0.002362,0.002233,0.003452,0.039146,0.016972,-0.042953,0.003521,0.001418,0.00122,0.001961,0.002575,0.003464,0.004281,2.512402,6.603378,4.943934,1.451384,2.296007,2.227183,4.185256,1.173997,2.433251,0.09742,-9.7e-05,0.000186,6.3e-05,0.002315,0.002251,0.001983,0.07715,0.033867,0.005753,323.830447,0.73359,0.361624,0.95281,323.314075,323.821062,324.289448,2.585189,6.684609,5.043697,5.9e-05,0.000378,0.000332,0.002282,0.429719,1.193183,0.091944,-253.391651,-68.611591,-189.604764,0.770178,0.785182,0.800811,0.037442,-0.142201,0.001515,0.999988,0.999988,0.999987,0.999987,0.999988,1008.934813,11.641964,6.097997,16.152168,1002.389146,1009.237336,1015.157128,2.495592,6.214542,5.043229,0.001937,0.016258,0.012028,0.039474,0.430662,1.207574,0.107103,-154.128,394.512,-915.536,14.460415,10.967309,12.420978,0.349284,-0.03548,0.058627,4.97349,0.263815,0.29833,0.21915,0.320197,5.059543,0.023422,0.105896,0.066313,0.055363,5.042387,0.003009,0.017427,0.016013,0.059503,0.999865,0.999833,0.99977,0.999633,0.999355,,,,,,,,,,5.0,0.018238,0.024968,107.472931,107.504875,,,65.0,10.0,3.124383,1.139237,7e-06,9e-06,6e-06,-1.2e-05,2.2e-05,3.3e-05,-12.380237,-0.292462,-2.3743,0.365423,-2.181253,-1.135614,-1.428994,-0.702091,-0.839405,-0.672173,-0.963883,-0.739085,-0.807611,5.068653,1.554451,1.576575,1.392911,0.970343,1.115368,0.765619,0.478622,0.587186,0.508405,0.431174,0.554957,0.42411,-1.512722,1.51277,0.0,0.0,1.0,0.0,0.0,0.0,0.0,1.0,0.0,1.0,0.0,0.0,0.0,0.0,0.0,1.0,0.0,0.0,0.0,0.0,0.0,1.0,0.0,1.0,0.0,0.0,,,,0.0,,0.74,1.0,,0.0,0.0,1.0,1.0,0.0,0.0,0.0,0.0,0.0,1.0,0.0,,0.0,0.0,,,1.0,1,,,0.0,,0.0,0.0,0,,,0.0,0.0,0.0,,,0.0,0.0,0.0,,0.0,0.0,,,0,,0.0,0.0,0.0,,,,0.0,0.0,,,0.0,,0.0,0.0,1.0,,,2
1440009100,0.997338,0.002896,0.002489,0.004702,0.995362,0.997315,0.999239,2.057779,6.684608,5.043353,0.000176,0.000496,0.000491,0.002708,0.429643,1.481199,0.077187,-0.019093,0.024257,-0.996855,0.00241,0.002222,0.002896,-0.01452,-0.037527,-0.049081,0.003537,0.001482,0.001116,0.001928,0.002419,0.003438,0.004556,2.620906,6.594943,4.891142,1.182164,2.532853,2.527465,4.15594,1.170725,2.9199,0.085284,-5.2e-05,-0.000126,5.6e-05,0.00235,0.002382,0.001868,0.038017,-0.009922,0.006638,323.940736,0.743163,-0.394494,1.007775,323.463176,323.943381,324.441392,2.416407,6.684609,5.043544,6.8e-05,0.000345,0.000305,0.002113,0.429674,5.138944,0.093656,-253.406394,-68.500527,-189.813517,0.803525,0.787767,0.769712,0.09829,-0.150572,-0.062098,0.999988,0.999988,0.999988,0.999988,0.999986,1010.110344,67.257394,95.457573,161.154576,998.462817,1007.428409,1016.629726,1.020533,6.212487,5.040225,0.037767,0.218186,0.056041,0.102686,0.434845,1.130072,0.176483,-214.272,483.168,-797.392,213.291064,162.162029,194.574033,0.168255,-0.796128,0.150048,4.668534,1.028315,2.289852,0.763285,0.606162,5.259616,1.734363,1.415561,0.467143,0.183827,5.107238,0.160154,0.366891,0.071119,0.170953,0.982667,0.967832,0.927052,0.90153,0.751017,,,,,,,,,,6.0,0.019147,0.017919,107.494438,107.525085,,,65.0,10.0,2.73329,1.005506,7e-06,8e-06,1.2e-05,-1.3e-05,2.1e-05,2.2e-05,-12.586768,0.072572,-1.705426,-0.191238,-2.039534,-1.559083,-1.745724,-0.635872,-0.597001,-0.638004,-0.637895,-0.564245,-0.656267,3.781051,1.937718,1.599701,1.380606,1.005261,0.932161,0.671281,0.601834,0.544022,0.496943,0.559684,0.384305,0.391804,-1.593266,1.593317,0.0,0.0,1.0,0.0,0.0,0.0,0.0,1.0,0.0,1.0,0.0,0.0,0.0,0.0,0.0,1.0,0.0,0.0,0.0,0.0,0.0,1.0,0.0,1.0,0.0,0.0,,,,0.0,,0.74,1.0,,0.0,0.0,1.0,1.0,0.0,0.0,0.0,0.0,0.0,1.0,0.0,,0.0,0.0,,,1.0,1,,,0.0,,0.0,0.0,0,,,0.0,0.0,0.0,,,0.0,0.0,0.0,,0.0,0.0,,,0,,0.0,0.0,0.0,,,,0.0,0.0,,,0.0,,0.0,0.0,1.0,,,2
1440009160,0.997655,0.006993,0.009385,0.017827,0.99536,0.997375,1.000042,1.040399,6.684587,5.043327,0.000769,0.00211,0.003394,0.019599,0.430009,2.531308,0.117941,-0.019011,0.023209,-0.99719,0.00276,0.004436,0.007007,0.111847,-0.259634,-0.102975,0.003803,0.002026,0.002914,0.004557,0.002502,0.003538,0.004716,1.693029,6.564669,4.873322,2.229844,3.14105,2.720787,4.249497,1.403028,1.91956,0.109374,0.00017,6.9e-05,3e-05,0.003025,0.002439,0.001852,-0.005475,0.13214,0.00968,323.712513,0.719494,0.368036,0.969202,323.227668,323.678238,324.166926,2.464764,6.684609,5.043036,5.1e-05,0.00038,0.000213,0.002029,0.429537,4.723857,0.094332,-252.947624,-68.672525,-189.972169,0.916586,0.784371,1.00625,-0.151228,-0.431306,0.146132,0.999988,0.999988,0.999985,0.999981,0.999974,1029.321833,122.350532,139.696904,250.26922,1010.718556,1020.807523,1032.348771,1.312945,6.207695,5.02725,0.476192,1.630319,1.169397,1.412999,0.529496,1.441668,0.220908,-209.552,818.624,-362.592,333.605215,222.001429,261.468471,-0.616433,0.044741,0.284193,6.500917,2.782093,3.593822,1.721516,1.70925,5.124282,2.618803,2.243486,1.001817,1.058951,5.310472,2.223096,3.98707,2.943639,3.294042,0.948034,0.888757,0.78155,0.77531,0.848904,,,,,,,,,,5.0,0.027059,0.030701,107.534073,107.563042,,,65.0,10.0,3.992079,1.384312,1.1e-05,1.1e-05,3e-06,-8e-06,2.5e-05,3.3e-05,-15.914742,-0.150705,-2.716752,-0.221084,-2.114261,-1.18152,-1.386032,-0.750318,-0.853823,-0.545708,-0.829989,-0.538565,-0.363756,5.243066,1.825576,1.564797,1.003047,0.790601,0.942151,0.542206,0.443039,0.495279,0.460342,0.426072,0.428345,0.357692,-0.877854,0.877882,0.0,0.0,1.0,0.0,0.0,0.0,0.0,1.0,0.0,1.0,0.0,0.0,0.0,0.0,0.0,1.0,0.0,0.0,0.0,0.0,0.0,1.0,0.0,1.0,0.0,0.0,,,,0.0,,0.74,1.0,,0.0,0.0,1.0,1.0,0.0,0.0,0.0,0.0,0.0,1.0,0.0,,0.0,0.0,,,1.0,1,,,0.0,,0.0,0.0,0,,,0.0,0.0,0.0,,,0.0,0.0,0.0,,0.0,0.0,,,0,,0.0,0.0,0.0,,,,0.0,0.0,,,0.0,,0.0,0.0,1.0,,,2
1440009220,0.997447,0.002759,0.002204,0.004401,0.995283,0.997271,0.999149,2.120806,6.684608,5.043709,0.000204,0.000945,0.000786,0.002669,0.429751,3.399122,0.09371,-0.018542,0.020466,-0.997059,0.002412,0.002173,0.002753,0.004459,0.030673,-0.092319,0.003515,0.001554,0.001369,0.002151,0.002439,0.003331,0.004477,2.505956,6.587059,4.984747,1.541685,2.143394,2.565161,4.332753,1.283572,1.459945,0.076712,-9.6e-05,-0.000129,0.000102,0.002278,0.002407,0.001937,0.033517,0.061546,0.000513,323.771752,0.747551,-0.28551,0.953014,323.254977,323.775536,324.291471,2.666904,6.684609,5.043698,9.6e-05,0.000409,0.000256,0.002354,0.429721,0.415296,0.101456,-252.256433,-69.014792,-190.867719,0.798461,0.74404,0.824293,-0.010465,-0.145637,0.003663,0.999988,0.999988,0.999987,0.999987,0.999987,1027.821201,7.170703,-2.933707,9.784567,1023.312269,1027.805429,1032.279032,2.559328,6.214584,5.046657,0.002984,0.008319,0.004346,0.010197,0.430911,1.013012,0.12186,-195.92,997.184,150.784,7.16391,7.419309,29.412265,0.098159,-0.196362,-0.239761,5.058104,0.060348,0.192979,0.105379,0.189501,5.041123,0.003027,0.009228,0.00402,0.00948,5.25271,0.307248,0.595905,0.475823,1.174097,0.999697,0.999634,0.999309,0.998888,0.99838,,,,,,,,,,5.0,0.023226,0.046393,107.6306,107.751755,,,65.0,10.0,5.146775,1.63837,9e-06,2e-05,-1.7e-05,1.6e-05,1.7e-05,4.9e-05,-9.427518,-0.702346,-2.196861,-0.112,-2.024304,-1.272173,-1.407366,-0.539459,-0.75611,-0.595688,-0.76985,-0.914629,-0.623235,4.499707,1.800673,1.562596,1.216959,0.882189,1.033214,0.524954,0.616834,0.479743,0.500124,0.514303,0.468864,0.376473,-2.048049,2.048128,0.0,0.0,1.0,0.0,0.0,0.0,0.0,1.0,0.0,1.0,0.0,0.0,0.0,0.0,0.0,1.0,0.0,0.0,0.0,0.0,0.0,1.0,0.0,1.0,0.0,0.0,,,,0.0,,0.74,1.0,,0.0,0.0,1.0,1.0,0.0,0.0,0.0,0.0,0.0,1.0,0.0,,0.0,0.0,,,1.0,1,,,0.0,,0.0,0.0,0,,,0.0,0.0,0.0,,,0.0,0.0,0.0,,0.0,0.0,,,0,,0.0,0.0,0.0,,,,0.0,0.0,,,0.0,,0.0,0.0,1.0,,,2
1440009280,1.000493,0.005937,0.008072,0.014713,0.998245,1.000146,1.002181,1.082936,6.684594,5.044776,0.001036,0.001679,0.003269,0.023895,0.430459,0.126373,0.1617,-0.018836,0.020604,-1.000096,0.002501,0.002768,0.005931,-0.026528,-0.060495,-0.164926,0.004194,0.002716,0.004532,0.007124,0.002622,0.003902,0.005099,1.439822,6.530072,5.083092,3.425215,3.416339,3.375733,4.665588,2.132697,8.435447,0.188964,-2e-05,0.000706,0.000728,0.003648,0.002521,0.002067,0.115,0.041341,0.021023,324.570778,0.86941,-0.465524,1.138454,324.017036,324.598012,325.155021,2.621152,6.684608,5.044471,0.000124,0.000301,0.000191,0.002359,0.429922,3.475925,0.055301,-251.494346,-68.592793,-193.361273,0.927749,0.779607,1.58701,0.078962,-0.469036,-0.192081,0.999986,0.999983,0.999975,0.999968,0.999962,1023.308897,134.543689,262.628024,381.610953,994.82661,1007.460173,1025.467697,1.002323,6.207811,5.007142,0.201711,0.451555,0.077643,0.174758,0.43404,5.805934,0.006774,-414.304,347.696,-395.888,376.011154,495.680707,478.447209,-0.139052,-0.357425,0.889303,5.751373,2.199715,1.131156,0.617065,0.943752,6.686036,3.906318,2.725714,0.892344,1.413119,6.017993,1.346746,1.028749,0.230973,0.546745,0.972348,0.92236,0.61724,0.085918,0.453767,,,,,,,,,,6.0,0.032276,0.022861,107.767097,107.86824,,,65.0,10.0,4.192914,1.433396,1e-05,9e-06,-4e-06,6e-06,3e-05,3.2e-05,-12.076139,-0.243081,-2.439269,-0.629122,-2.392437,-1.499394,-1.525807,-0.377319,-0.683342,-0.587706,-0.545634,-0.810943,-0.558044,3.889018,1.997652,1.924271,1.337714,1.005136,0.981903,0.646423,0.64071,0.549104,0.471155,0.475925,0.436465,0.437296,-1.253103,1.253141,0.0,0.0,1.0,0.0,0.0,0.0,0.0,1.0,0.0,1.0,0.0,0.0,0.0,0.0,0.0,1.0,0.0,0.0,0.0,0.0,0.0,1.0,0.0,1.0,0.0,0.0,,,,0.0,,0.74,1.0,,0.0,0.0,1.0,1.0,0.0,0.0,0.0,0.0,0.0,1.0,0.0,,0.0,0.0,,,1.0,1,,,0.0,,0.0,0.0,0,,,0.0,0.0,0.0,,,0.0,0.0,0.0,,0.0,0.0,,,0,,0.0,0.0,0.0,,,,0.0,0.0,,,0.0,,0.0,0.0,1.0,,,2
1440009340,0.997634,0.002544,0.001088,0.003431,0.996134,0.997283,0.999221,2.347276,6.684608,5.043108,9.2e-05,0.000539,0.000403,0.002399,0.429569,3.91512,0.09138,-0.018566,0.021028,-0.997235,0.002383,0.002011,0.002537,-0.012932,0.013401,-0.144938,0.003567,0.00151,0.001188,0.002033,0.002431,0.003511,0.004525,2.628551,6.593263,5.017429,1.223523,2.450282,2.353208,4.173519,1.217842,0.648871,0.123126,-0.000229,-0.00021,-0.000298,0.002357,0.002342,0.001944,0.048322,0.038793,-0.012261,323.687073,0.710639,-0.290596,0.911059,323.205328,323.686875,324.17564,2.661314,6.684609,5.04352,2.6e-05,0.000223,0.00014,0.002065,0.429661,1.453257,0.083947,-252.177731,-68.827885,-190.895483,0.789977,0.757001,0.811116,-0.092214,-0.177479,-0.036151,0.999988,0.999987,0.999987,0.999987,0.999987,1002.254315,8.295526,6.766428,12.853338,997.244203,1002.077841,1006.228602,2.232907,6.214574,5.047231,0.00381,0.02437,0.006167,0.011865,0.431358,1.441742,0.116419,-914.192,363.84,-178.08,8.641941,32.17711,60.277969,0.027969,-0.366521,0.725828,5.047548,0.017496,0.020112,0.004313,0.009671,5.126461,0.350243,0.886256,0.162412,0.171996,4.959409,1.464264,1.883836,1.1385,1.809036,0.999186,0.998888,0.997546,0.993949,0.992166,,,,,,,,,,6.0,0.018052,0.028099,107.86824,107.940804,,,65.0,10.0,2.966563,1.087404,5e-06,1.1e-05,-7e-06,-4e-06,2e-06,1.4e-05,-7.046871,-0.344688,-1.972053,0.050666,-2.174486,-1.803459,-1.408301,-0.647865,-0.663415,-0.580564,-0.50506,-0.742272,-0.819911,3.047454,2.184686,1.839912,1.451889,0.995681,0.991774,0.648141,0.649923,0.566599,0.508289,0.464144,0.353659,0.386262,-2.398069,2.39818,0.0,0.0,1.0,0.0,0.0,0.0,0.0,1.0,0.0,1.0,0.0,0.0,0.0,0.0,0.0,1.0,0.0,0.0,0.0,0.0,0.0,1.0,0.0,1.0,0.0,0.0,,,,0.0,,0.74,1.0,,0.0,0.0,1.0,1.0,0.0,0.0,0.0,0.0,0.0,1.0,0.0,,0.0,0.0,,,1.0,1,,,0.0,,0.0,0.0,0,,,0.0,0.0,0.0,,,0.0,0.0,0.0,,0.0,0.0,,,0,,0.0,0.0,0.0,,,,0.0,0.0,,,0.0,,0.0,0.0,1.0,,,2
1440009400,0.997515,0.002614,-0.001449,0.003428,0.996038,0.997377,0.99919,2.50775,6.684608,5.043528,0.000132,0.000593,0.000606,0.002483,0.429688,0.514638,0.105276,-0.01849,0.020996,-0.997118,0.002387,0.002042,0.002615,0.021625,-0.056953,-0.045742,0.00354,0.001546,0.001279,0.002094,0.002312,0.003445,0.004453,2.498574,6.588451,4.915292,1.592097,2.504466,2.599028,4.347658,1.306698,2.162896,0.079891,0.000149,-0.000102,-4.7e-05,0.002413,0.002331,0.001904,0.13638,0.013618,0.079174,323.779415,0.738123,-0.255572,0.957043,323.299457,323.795326,324.262671,2.607664,6.684609,5.043555,7.4e-05,0.000356,0.000278,0.002236,0.429679,4.435825,0.102761,-252.245159,-68.878231,-190.944957,0.777511,0.76257,0.812621,0.022103,-0.1391,-0.010905,0.999988,0.999988,0.999987,0.999987,0.999987,1003.984872,6.158617,2.377274,8.20215,999.903995,1004.119515,1007.777753,2.568652,6.214589,5.045758,0.001793,0.004119,0.003894,0.007563,0.430542,2.18232,0.125516,-917.888,388.272,-118.736,5.869536,11.213831,22.171746,0.092396,-0.051004,0.41485,5.046118,0.002619,0.006111,0.00276,0.00682,5.049311,0.011823,0.129754,0.090022,0.061375,4.978936,0.232976,1.830207,1.319911,1.724563,0.999472,0.99947,0.99948,0.99942,0.998885,,,,,,,,,,6.0,0.028832,0.032954,107.914238,107.975014,,,65.0,10.0,4.494866,1.502936,1.1e-05,1.1e-05,-2.8e-05,3.1e-05,4e-06,1.2e-05,-10.17067,-0.446703,-1.907674,-0.268638,-2.018774,-1.491074,-1.315664,-0.705197,-0.647079,-0.494592,-0.62409,-0.743271,-0.88154,3.970643,2.118919,1.973518,1.430187,0.997363,1.118047,0.759452,0.612696,0.533025,0.485914,0.454812,0.399537,0.380582,-1.904799,1.904868,0.0,0.0,1.0,0.0,0.0,0.0,0.0,1.0,0.0,1.0,0.0,0.0,0.0,0.0,0.0,1.0,0.0,0.0,0.0,0.0,0.0,1.0,0.0,1.0,0.0,0.0,,,,0.0,,0.74,1.0,,0.0,0.0,1.0,1.0,0.0,0.0,0.0,0.0,0.0,1.0,0.0,,0.0,0.0,,,1.0,1,,,0.0,,0.0,0.0,0,,,0.0,0.0,0.0,,,0.0,0.0,0.0,,0.0,0.0,,,0,,0.0,0.0,0.0,,,,0.0,0.0,,,0.0,,0.0,0.0,1.0,,,2
1440009460,0.997209,0.010711,-0.006843,0.023354,0.995191,0.99722,0.999297,1.199259,6.684554,5.041607,0.002867,0.007727,0.009914,0.033242,0.430036,1.155533,0.113768,-0.01879,0.022297,-0.996774,0.003252,0.002657,0.010733,0.174285,-0.380305,-0.246243,0.003856,0.002101,0.002726,0.003947,0.002566,0.00355,0.004827,1.993624,6.55583,4.965376,2.290586,2.65003,3.423994,4.420063,1.563976,8.516376,0.126777,8.3e-05,0.000128,0.000186,0.003112,0.002432,0.001904,0.095206,0.042517,0.032894,323.756748,0.726546,0.413207,0.948798,323.254778,323.721923,324.271384,2.594304,6.684609,5.043365,3.1e-05,0.000313,0.000268,0.002122,0.429625,7.814945,0.076638,-252.281583,-68.805629,-190.884419,0.792907,0.760966,0.823793,0.036094,-0.201172,-0.014613,0.999987,0.999987,0.999987,0.999987,0.999988,997.868723,22.76196,40.963028,66.970338,988.728476,996.666444,1004.597432,1.086843,6.214358,5.043998,0.004135,0.03727,0.013158,0.020942,0.431,0.272748,0.372427,-965.28,134.528,-32.512,28.171361,192.88963,85.672457,0.683801,0.070901,0.340873,5.049316,0.021449,0.023205,0.004354,0.020842,6.443205,1.017627,2.348821,1.406707,1.646783,5.572166,4.961641,5.436726,4.36372,5.039273,0.995388,0.992146,0.974884,0.934292,0.939829,,,,,,,,,,6.0,0.012625,0.033917,107.904945,107.937729,,,65.0,10.0,3.222417,1.170132,4e-06,1e-05,8e-06,1e-05,1.3e-05,2.9e-05,-8.169342,0.050847,-3.032547,-0.759819,-2.316178,-1.44559,-1.315208,-0.638224,-0.618379,-0.512339,-0.761183,-0.7079,-0.636365,4.055408,1.70819,1.781478,1.276907,0.990711,0.934693,0.701076,0.650644,0.625962,0.53815,0.499489,0.490531,0.414736,-1.598006,1.598057,0.0,0.0,1.0,0.0,0.0,0.0,0.0,1.0,0.0,1.0,0.0,0.0,0.0,0.0,0.0,1.0,0.0,0.0,0.0,0.0,0.0,1.0,0.0,1.0,0.0,0.0,,,,0.0,,0.73,1.0,,0.0,0.0,1.0,1.0,0.0,0.0,0.0,0.0,0.0,1.0,0.0,,0.0,0.0,,,1.0,1,,,0.0,,0.0,0.0,0,,,0.0,0.0,0.0,,,0.0,0.0,0.0,,0.0,0.0,,,0,,0.0,0.0,0.0,,,,0.0,0.0,,,0.0,,0.0,0.0,1.0,,,2
1440009520,0.997392,0.002858,-0.00105,0.003975,0.99532,0.997253,0.999193,2.32872,6.684608,5.043766,0.000181,0.000468,0.000513,0.003028,0.429759,2.317135,0.078077,-0.018693,0.021855,-0.996972,0.00232,0.002044,0.002856,-0.031819,-0.017631,-0.08006,0.003521,0.001542,0.001287,0.002105,0.002438,0.003383,0.004404,2.541835,6.58757,4.954032,1.497109,2.605459,2.93525,4.251251,1.309982,1.054405,0.094699,4e-06,-0.000456,5.7e-05,0.002324,0.002375,0.001877,0.029176,0.023072,0.051674,323.652404,0.743306,0.10336,0.989358,323.16031,323.64866,324.140515,2.508461,6.684609,5.043465,3.7e-05,0.000288,0.000292,0.002343,0.429656,4.700027,0.085533,-252.180333,-68.850357,-190.825342,0.796692,0.735872,0.80738,-0.052577,-0.137599,0.051675,0.999988,0.999988,0.999988,0.999988,0.999986,1003.658767,7.683211,-5.111768,10.855769,999.327773,1004.007965,1008.285674,2.399169,6.214579,5.047236,0.00283,0.008714,0.00689,0.011214,0.431126,1.636572,0.140196,-894.56,405.216,-205.728,6.748511,13.545529,19.982943,0.190882,-0.131517,0.047012,5.046654,0.002319,0.006046,0.005043,0.011072,5.066559,0.0222,0.091819,0.075608,0.128307,4.976174,0.095149,1.0884,0.732616,1.02246,0.999613,0.999604,0.999527,0.999364,0.998952,,,,,,,,,,5.0,0.01503,0.010453,107.865723,107.910278,,,65.0,10.0,1.715561,0.53974,7e-06,2e-06,1.6e-05,2e-06,1.2e-05,1e-05,-9.093028,-0.347438,-2.208697,-0.480279,-1.94988,-1.301929,-1.464344,-0.628116,-0.61248,-0.601812,-0.693357,-0.818924,-0.712731,4.31469,2.183789,1.876192,1.467479,1.069513,1.008948,0.715378,0.665116,0.621492,0.504297,0.480783,0.441091,0.406566,-1.997816,1.997891,0.0,0.0,1.0,0.0,0.0,0.0,0.0,1.0,0.0,1.0,0.0,0.0,0.0,0.0,0.0,1.0,0.0,0.0,0.0,0.0,0.0,1.0,0.0,1.0,0.0,0.0,,,,0.0,,0.73,1.0,,0.0,0.0,1.0,1.0,0.0,0.0,0.0,0.0,0.0,1.0,0.0,,0.0,0.0,,,1.0,1,,,0.0,,0.0,0.0,0,,,0.0,0.0,0.0,,,0.0,0.0,0.0,,0.0,0.0,,,0,,0.0,0.0,0.0,,,,0.0,0.0,,,0.0,,0.0,0.0,1.0,,,2
1440009580,0.997587,0.003633,0.006921,0.012087,0.996093,0.997315,0.999221,1.179545,6.684605,5.0431,0.000128,0.000469,0.000782,0.002903,0.429583,1.255682,0.110645,-0.018747,0.021835,-0.997165,0.00304,0.002215,0.003611,0.038918,0.279834,0.096246,0.003466,0.001489,0.00118,0.001989,0.00244,0.003252,0.004446,2.570326,6.590031,4.910346,1.512694,2.581523,2.92062,4.179844,1.25019,2.216957,0.10225,-0.000175,9.1e-05,7e-05,0.002262,0.002318,0.001921,0.02963,0.025312,0.064434,323.682511,0.784963,-0.380723,1.018299,323.157938,323.700673,324.216759,2.542075,6.684609,5.043777,7.2e-05,0.000433,0.00031,0.002511,0.429744,3.839981,0.100444,-252.223911,-68.978059,-190.772528,0.818448,0.782756,0.818572,-0.037281,-0.068391,-0.007564,0.999988,0.999987,0.999987,0.999987,0.999987,1004.307051,6.343815,-1.896209,8.718935,999.871992,1004.724838,1008.285674,2.401217,6.214588,5.045938,0.001234,0.006144,0.003062,0.009511,0.430641,4.909212,0.141539,-895.376,401.824,-212.352,6.113152,7.279631,18.123247,0.034826,-0.20309,0.122262,5.043588,0.001628,0.008084,0.003032,0.008754,5.04822,0.013464,0.042374,0.033206,0.054384,5.080122,0.10248,0.205461,0.32012,0.790878,0.999783,0.999743,0.999662,0.999615,0.999479,,,,,,,,,,5.0,0.033113,0.024157,107.87822,107.924232,,,65.0,10.0,3.771788,1.327549,1.4e-05,1.1e-05,-3.4e-05,5e-06,1.8e-05,1.7e-05,-11.302782,-0.494777,-2.601933,-0.374194,-2.119032,-1.481232,-1.454496,-0.555221,-0.673631,-0.57342,-0.740591,-0.708038,-0.84842,3.998623,1.94153,1.901695,1.247332,1.088434,0.995091,0.660891,0.607213,0.512285,0.480676,0.468498,0.417106,0.375723,-1.397089,1.397132,0.0,0.0,1.0,0.0,0.0,0.0,0.0,1.0,0.0,1.0,0.0,0.0,0.0,0.0,0.0,1.0,0.0,0.0,0.0,0.0,0.0,1.0,0.0,1.0,0.0,0.0,,,,0.0,,0.73,1.0,,0.0,0.0,1.0,1.0,0.0,0.0,0.0,0.0,0.0,1.0,0.0,,0.0,0.0,,,1.0,1,,,0.0,,0.0,0.0,0,,,0.0,0.0,0.0,,,0.0,0.0,0.0,,0.0,0.0,,,0,,0.0,0.0,0.0,,,,0.0,0.0,,,0.0,,0.0,0.0,1.0,,,2
1440009640,0.997331,0.002658,0.000868,0.003425,0.995302,0.997253,0.999184,2.620475,6.684608,5.043781,9.6e-05,0.000479,0.00041,0.003057,0.429759,8.377602,0.113198,-0.018502,0.022129,-0.996909,0.002232,0.002195,0.002651,0.007871,0.078284,-0.087935,0.003516,0.001509,0.001203,0.002006,0.00246,0.003355,0.004472,2.555874,6.591065,4.895088,1.020116,2.059022,2.716896,4.286473,1.228955,0.243324,0.09914,-7.9e-05,-1e-06,0.000344,0.002317,0.002347,0.001907,0.049968,0.038206,-0.005293,323.710757,0.753166,-0.436866,0.992143,323.205759,323.748613,324.215064,2.545605,6.684609,5.043418,3.4e-05,0.000317,0.000303,0.002289,0.429644,1.168062,0.102303,-252.229331,-68.858568,-190.856655,0.788216,0.780782,0.768091,-0.029799,-0.073025,0.027879,0.999988,0.999988,0.999988,0.999988,0.999988,998.628485,7.616589,9.097798,14.845462,993.901404,998.334613,1002.620566,1.848595,6.214579,5.044809,0.00229,0.008664,0.006611,0.009769,0.43044,4.013292,0.121362,-971.52,201.568,-102.24,9.909672,26.287742,39.922806,0.465866,-0.599716,-0.403163,5.041319,0.001145,0.01004,0.005344,0.010791,5.095524,0.546117,0.825475,0.822662,0.474742,5.269562,0.337622,1.389296,2.299854,2.194089,0.998958,0.998934,0.998516,0.997693,0.994007,,,,,,,,,,6.0,0.009551,0.022426,107.864311,107.970444,,,65.0,10.0,2.251317,0.811515,3e-06,8e-06,-1e-05,1.1e-05,2e-06,7e-06,-11.718116,-0.602642,-2.198318,-0.174246,-1.772963,-1.400618,-1.476481,-0.47364,-0.628771,-0.837132,-0.757431,-0.723776,-0.841647,4.711354,2.087597,1.831589,1.268693,0.876148,1.012658,0.651871,0.577748,0.547899,0.431593,0.495778,0.453721,0.322026,-1.58506,1.585112,0.0,0.0,1.0,0.0,0.0,0.0,0.0,1.0,0.0,1.0,0.0,0.0,0.0,0.0,0.0,1.0,0.0,0.0,0.0,0.0,0.0,1.0,0.0,1.0,0.0,0.0,,,,0.0,,0.73,1.0,,0.0,0.0,1.0,1.0,0.0,0.0,0.0,0.0,0.0,1.0,0.0,,0.0,0.0,,,1.0,1,,,0.0,,0.0,0.0,0,,,0.0,0.0,0.0,,,0.0,0.0,0.0,,0.0,0.0,,,0,,0.0,0.0,0.0,,,,0.0,0.0,,,0.0,,0.0,0.0,1.0,,,2
1440009700,0.997439,0.005326,0.007858,0.014574,0.995303,0.997253,0.999298,1.063524,6.684598,5.043921,0.000646,0.002967,0.003391,0.011795,0.430063,4.764372,0.165085,-0.018843,0.023626,-0.996974,0.002703,0.002749,0.00532,0.035157,-0.207634,-0.211137,0.00357,0.001618,0.001418,0.002222,0.002411,0.003338,0.004615,2.522626,6.582355,4.980043,2.024607,3.084547,2.648587,4.317076,1.404722,1.892514,0.082179,6.7e-05,-3e-05,-5.3e-05,0.002454,0.002385,0.001909,0.076172,0.066671,0.030353,323.731832,0.773294,0.193875,0.997927,323.182056,323.746437,324.262671,2.683549,6.684609,5.043232,5.8e-05,0.000351,0.000317,0.002345,0.429595,1.609555,0.134846,-252.489287,-68.885578,-190.537471,0.926575,0.794478,0.90355,0.004541,-0.323428,0.065669,0.999988,0.999987,0.999986,0.999983,0.999981,1002.78507,58.929851,47.6648,112.32348,988.218593,996.666444,1009.435486,1.600472,6.212886,5.032847,0.083867,0.381498,0.18015,0.286421,0.441545,0.467616,0.136744,-589.744,208.256,-286.192,589.00988,295.799173,318.663501,0.732014,-0.779623,-0.519166,5.705605,1.685769,0.305845,0.119461,0.097561,6.601499,3.663886,3.030444,1.819391,2.188038,6.001288,3.968662,2.673877,1.743209,3.011953,0.977519,0.928659,0.73335,0.403301,-0.181416,,,,,,,,,,6.0,0.028136,0.011177,107.950104,108.004036,,,65.0,10.0,3.175041,1.155321,1.1e-05,5e-06,1.4e-05,-1e-05,1.7e-05,2e-06,-13.467383,-0.365587,-1.966493,-0.068682,-2.326391,-1.259674,-1.550716,-0.618015,-0.834583,-0.717987,-0.677855,-0.714463,-0.787092,3.957887,1.835198,1.527992,1.180053,1.083667,0.998847,0.601212,0.610874,0.497452,0.381687,0.449418,0.372034,0.354518,-1.291558,1.291597,0.0,0.0,1.0,0.0,0.0,0.0,0.0,1.0,0.0,1.0,0.0,0.0,0.0,0.0,0.0,1.0,0.0,0.0,0.0,0.0,0.0,1.0,0.0,1.0,0.0,0.0,,,,0.0,,0.73,1.0,,0.0,0.0,1.0,1.0,0.0,0.0,0.0,0.0,0.0,1.0,0.0,,0.0,0.0,,,1.0,1,,,0.0,,0.0,0.0,0,,,0.0,0.0,0.0,,,0.0,0.0,0.0,,0.0,0.0,,,0,,0.0,0.0,0.0,,,,0.0,0.0,,,0.0,,0.0,0.0,1.0,,,2
1440009760,0.997091,0.002685,-0.001521,0.003629,0.995357,0.997294,0.999221,2.257985,6.684608,5.043472,0.000112,0.000583,0.000533,0.002721,0.429675,2.678174,0.089158,-0.019128,0.024751,-0.996595,0.002256,0.002071,0.002683,-0.010702,0.022226,-0.029924,0.003533,0.00146,0.001227,0.002001,0.002545,0.003383,0.004383,2.526999,6.598625,4.938862,1.00607,2.473879,2.657022,4.133258,1.200114,4.731278,0.121707,-3.5e-05,2.6e-05,0.000169,0.002325,0.002386,0.001868,0.085062,0.039939,0.061047,324.02671,0.708205,-0.33455,0.910702,323.550066,324.025799,324.516291,2.717904,6.684609,5.043554,3.7e-05,0.00035,0.000292,0.002166,0.429677,0.62306,0.093168,-253.147523,-69.025596,-190.115373,0.740942,0.761932,0.790128,-0.037845,-0.144364,0.064896,0.999989,0.999988,0.999988,0.999988,0.999988,1010.973937,8.537116,-4.216812,12.57322,1006.506831,1010.726471,1015.495938,2.31316,6.214572,5.043016,0.00189,0.005599,0.00396,0.016877,0.429967,0.740354,0.144132,630.656,606.096,-506.64,8.450424,8.334434,15.390595,-0.225346,0.197112,0.154402,5.046913,0.004561,0.013222,0.007831,0.018792,5.042597,0.007719,0.012163,0.009149,0.022722,5.037995,0.010171,0.061959,0.034236,0.168928,0.999746,0.999729,0.999742,0.999713,0.999583,,,,,,,,,,6.0,0.02975,0.024178,107.983871,108.022827,,,65.0,10.0,3.877575,1.35521,1.1e-05,9e-06,5e-06,2e-06,1.6e-05,1.4e-05,-11.246064,-0.19711,-2.388117,-0.289356,-2.263758,-1.480716,-1.300108,-0.518516,-0.547333,-0.669965,-0.656379,-0.77177,-0.644929,4.480959,2.23235,2.104662,1.42226,1.04851,0.957644,0.6586,0.759199,0.577973,0.500539,0.454658,0.443688,0.367813,-1.542933,1.542982,0.0,0.0,1.0,0.0,0.0,0.0,0.0,1.0,0.0,1.0,0.0,0.0,0.0,0.0,0.0,1.0,0.0,0.0,0.0,0.0,0.0,1.0,0.0,1.0,0.0,0.0,,,,0.0,,0.73,1.0,,0.0,0.0,1.0,1.0,0.0,0.0,0.0,0.0,0.0,1.0,0.0,,0.0,0.0,,,1.0,1,,,0.0,,0.0,0.0,0,,,0.0,0.0,0.0,,,0.0,0.0,0.0,,0.0,0.0,,,0,,0.0,0.0,0.0,,,,0.0,0.0,,,0.0,,0.0,0.0,1.0,,,2
1440009820,0.997218,0.002661,-0.000451,0.00338,0.995339,0.997295,0.999277,2.592801,6.684608,5.043346,0.000108,0.000685,0.000428,0.002892,0.429644,0.51227,0.101162,-0.019093,0.024459,-0.996731,0.002266,0.002047,0.002656,-0.055232,0.020118,-0.086445,0.003429,0.001426,0.00099,0.001849,0.002368,0.003355,0.004384,2.683871,6.59477,4.957,1.32206,2.50002,2.159224,4.232531,1.204563,4.055385,0.095637,7.2e-05,7.9e-05,4.5e-05,0.002316,0.002227,0.001858,0.166769,0.021959,-0.008035,324.029557,0.745274,0.30129,0.95805,323.472788,324.018238,324.533421,2.651336,6.684609,5.043208,7.1e-05,0.000265,0.00038,0.002293,0.429588,3.943621,0.078142,-253.122589,-69.029269,-190.151905,0.805804,0.768702,0.798243,-0.031782,-0.137337,0.003748,0.999988,0.999987,0.999987,0.999987,0.999987,997.059294,10.89859,-5.64944,16.126692,990.789584,997.356503,1003.386267,2.231862,6.214548,5.044717,0.002019,0.009599,0.009161,0.026942,0.430729,0.19479,0.109482,-722.096,252.736,-634.688,66.418964,32.414847,25.628864,0.730591,-0.086024,-0.346448,5.088152,0.014905,0.029237,0.018191,0.05163,4.924731,0.347452,0.688058,0.123637,0.177907,5.012548,0.008725,0.038745,0.044924,0.125863,0.997468,0.997258,0.996184,0.994364,0.973384,,,,,,,,,,6.0,0.027037,0.015596,107.975342,107.996536,,,65.0,10.0,3.254829,1.18014,1e-05,7e-06,-2.7e-05,-1.3e-05,7e-06,9e-06,-15.335263,-0.041527,-2.045355,-0.384468,-1.86194,-1.10962,-1.360371,-0.55313,-0.781321,-0.687571,-0.759981,-0.679272,-0.654958,4.678528,1.62078,1.857286,1.339085,0.991033,0.983897,0.662541,0.616489,0.490251,0.537311,0.44801,0.361283,0.363473,-1.219642,1.219679,0.0,0.0,1.0,0.0,0.0,0.0,0.0,1.0,0.0,1.0,0.0,0.0,0.0,0.0,0.0,1.0,0.0,0.0,0.0,0.0,0.0,1.0,0.0,1.0,0.0,0.0,,,,0.0,,0.73,1.0,,0.0,0.0,1.0,1.0,0.0,0.0,0.0,0.0,0.0,1.0,0.0,,0.0,0.0,,,1.0,1,,,0.0,,0.0,0.0,0,,,0.0,0.0,0.0,,,0.0,0.0,0.0,,0.0,0.0,,,0,,0.0,0.0,0.0,,,,0.0,0.0,,,0.0,,0.0,0.0,1.0,,,2
1440009880,1.000526,0.00303,-0.001802,0.004067,0.998353,1.000313,1.00234,2.453369,6.684607,5.044714,0.000114,0.000396,0.000574,0.003279,0.430014,2.554392,0.114585,-0.019347,0.022926,-1.00007,0.002432,0.00245,0.003034,0.060768,0.028679,0.081597,0.003761,0.001566,0.001102,0.002013,0.002548,0.003632,0.004821,2.713756,6.595273,5.036681,2.147527,2.577302,2.133859,4.185631,1.258455,2.189967,0.096714,0.000125,0.000196,0.000489,0.002415,0.002515,0.002036,0.040259,0.003448,-0.018697,325.504638,0.832051,-0.43291,1.083648,324.940758,325.519994,326.11131,2.617388,6.684608,5.044341,0.000101,0.000246,0.000257,0.001916,0.429879,2.644871,0.054296,-253.175708,-68.418418,-192.798266,0.861487,0.800801,1.545273,0.053777,-0.482856,-0.127976,0.999987,0.999984,0.999976,0.99997,0.999964,1013.589559,107.413137,221.156388,334.887788,996.441669,1006.602187,1015.488049,0.495024,6.210125,5.037826,0.030662,0.127584,0.037188,0.124661,0.433066,0.506558,0.160278,-352.208,63.536,-922.896,130.770351,170.910903,112.985084,-0.173379,-0.242342,-0.402721,5.125162,0.237492,0.507495,0.620619,0.635434,6.551361,2.626834,2.267941,0.968314,2.511076,5.045184,0.012945,0.070769,0.045927,0.280845,0.98105,0.977572,0.977249,0.958952,0.927758,,,,,,,,,,6.0,0.005487,0.042703,107.975586,108.029015,,,65.0,10.0,4.082407,1.406687,2e-06,1.5e-05,6e-06,2.8e-05,2e-06,1e-05,-9.867737,0.264735,-2.848582,-0.083507,-2.183219,-1.102398,-1.482276,-0.787312,-0.803802,-0.708628,-0.975467,-0.632699,-0.987143,3.833927,1.575231,1.62405,1.281951,0.919977,0.965944,0.825085,0.538226,0.606883,0.606376,0.470655,0.618468,0.446587,-1.839013,1.839078,0.0,0.0,1.0,0.0,0.0,0.0,0.0,1.0,0.0,1.0,0.0,0.0,0.0,0.0,0.0,1.0,0.0,0.0,0.0,0.0,0.0,1.0,0.0,1.0,0.0,0.0,,,,0.0,,0.73,1.0,,0.0,0.0,1.0,1.0,0.0,0.0,0.0,0.0,0.0,1.0,0.0,,0.0,0.0,,,1.0,1,,,0.0,,0.0,0.0,0,,,0.0,0.0,0.0,,,0.0,0.0,0.0,,0.0,0.0,,,0,,0.0,0.0,0.0,,,,0.0,0.0,,,0.0,,0.0,0.0,1.0,,,2
1440009940,0.997439,0.003168,-0.001137,0.004419,0.995365,0.997347,0.99934,2.280806,6.684607,5.043566,0.000121,0.000732,0.000939,0.003918,0.429733,1.665722,0.097228,-0.01926,0.023961,-0.996959,0.002464,0.002234,0.003168,0.041338,0.038244,0.019416,0.003499,0.00152,0.001234,0.00202,0.002336,0.003404,0.004479,2.670596,6.589435,4.998341,1.033272,2.338414,2.611123,4.283019,1.257477,4.947634,0.099617,-6.6e-05,-0.000118,-0.000428,0.002258,0.002393,0.001879,0.073766,0.046353,-0.028953,324.572118,0.705916,-0.289299,0.915658,324.094914,324.589344,325.059902,2.637567,6.684609,5.043219,0.000172,0.000268,0.000251,0.001955,0.429585,9.525184,0.094814,-253.821369,-68.519974,-190.329971,0.790545,0.721271,0.80065,-0.062607,-0.196583,-0.010773,0.999988,0.999988,0.999988,0.999988,0.999987,1021.715581,7.78052,3.398007,10.898346,1017.510688,1021.904105,1026.839812,2.395342,6.214579,5.044678,0.001211,0.012436,0.007328,0.015632,0.430532,9.624108,0.106691,-364.256,911.12,-280.864,7.248618,34.784732,31.528868,0.187192,0.13009,0.877909,5.051404,0.018062,0.069996,0.042904,0.055785,5.044793,0.000883,0.019695,0.010767,0.017835,5.040975,0.062481,0.243951,0.19601,0.752559,0.998808,0.998794,0.998634,0.998188,0.987902,,,,,,,,,,6.0,0.016464,0.053259,107.921539,108.023514,,,65.0,10.0,5.431455,1.692207,6e-06,1.9e-05,1.4e-05,-1.5e-05,1.5e-05,4.7e-05,-9.923396,0.043847,-2.623397,0.115843,-1.989292,-1.047861,-1.496919,-0.866737,-0.909896,-0.617309,-0.912133,-0.657873,-0.687321,4.813766,1.800134,1.801374,1.3315,0.947924,1.049543,0.942246,0.521564,0.525999,0.578875,0.480143,0.532555,0.46203,-1.937108,1.937178,0.0,0.0,1.0,0.0,0.0,0.0,0.0,1.0,0.0,1.0,0.0,0.0,0.0,0.0,0.0,1.0,0.0,0.0,0.0,0.0,0.0,1.0,0.0,1.0,0.0,0.0,,,,0.0,,0.72,1.0,,0.0,0.0,1.0,1.0,0.0,0.0,0.0,0.0,0.0,1.0,0.0,,0.0,0.0,,,1.0,1,,,0.0,,0.0,0.0,0,,,0.0,0.0,0.0,,,0.0,0.0,0.0,,0.0,0.0,,,0,,0.0,0.0,0.0,,,,0.0,0.0,,,0.0,,0.0,0.0,1.0,,,2
1440010000,0.997387,0.003088,-0.00111,0.004455,0.995362,0.997364,0.999324,2.103653,6.684607,5.043613,0.000243,0.000969,0.000845,0.004153,0.429753,0.964095,0.101919,-0.019061,0.024439,-0.996899,0.002748,0.002347,0.00309,0.151423,-0.003134,0.039053,0.003527,0.001534,0.001262,0.002055,0.002473,0.003357,0.004433,2.566444,6.588681,4.959836,1.330345,2.523975,2.589645,4.26781,1.271741,0.351469,0.102679,0.000141,0.000105,9e-06,0.002263,0.002377,0.001997,0.046003,0.017135,-0.075841,322.579853,0.796811,-0.230695,1.042791,322.052808,322.553341,323.139471,2.527389,6.684609,5.043391,0.000133,0.000424,0.000278,0.002676,0.429646,4.594415,0.089699,-252.537635,-68.28337,-188.729045,0.788094,0.758768,0.819215,0.053569,-0.030369,0.037926,0.999988,0.999988,0.999988,0.999988,0.999988,1021.712342,7.60332,-4.901177,10.604833,1017.227605,1020.932907,1027.587466,2.392326,6.21458,5.045914,0.002502,0.010966,0.006542,0.012616,0.43081,5.530332,0.132287,45.776,912.8,-456.496,8.529351,6.22768,12.430044,-0.00506,-0.063527,0.064653,4.996869,0.662875,2.895952,1.38686,1.38088,5.046624,0.00253,0.011173,0.00379,0.009405,5.043114,0.015482,0.085651,0.09561,0.189162,0.999813,0.999803,0.999796,0.999789,0.999823,,,,,,,,,,6.0,0.01543,0.052053,107.729599,107.955536,,,65.0,10.0,5.280595,1.664039,5e-06,1.5e-05,-1.3e-05,-3e-05,5e-06,2.6e-05,-13.440447,-0.167784,-3.028549,-0.387278,-2.30339,-0.947549,-1.591937,-0.800274,-0.810711,-0.35162,-0.837392,-0.589927,-0.740702,5.745542,2.075099,1.730836,1.305995,1.023503,0.997519,0.857398,0.57324,0.573787,0.615112,0.486613,0.572094,0.455074,-0.841834,0.841861,0.0,0.0,1.0,0.0,0.0,0.0,0.0,1.0,0.0,1.0,0.0,0.0,0.0,0.0,0.0,1.0,0.0,0.0,0.0,0.0,0.0,1.0,0.0,1.0,0.0,0.0,,,,0.0,,0.72,1.0,,0.0,0.0,1.0,1.0,0.0,0.0,0.0,0.0,0.0,1.0,0.0,,0.0,0.0,,,1.0,1,,,0.0,,0.0,0.0,0,,,0.0,0.0,0.0,,,0.0,0.0,0.0,,0.0,0.0,,,0,,0.0,0.0,0.0,,,,0.0,0.0,,,0.0,,0.0,0.0,1.0,,,2
1440010060,0.997265,0.003142,-0.002336,0.004906,0.995341,0.997337,0.999296,1.984666,6.684607,5.043819,0.000245,0.000801,0.001037,0.003617,0.429801,2.601401,0.093867,-0.018995,0.024463,-0.996778,0.002805,0.002183,0.00314,0.003291,-0.002912,-0.052346,0.003471,0.001551,0.001281,0.002065,0.002335,0.00329,0.004425,2.638779,6.583675,5.008011,1.294664,2.474833,2.489151,4.235054,1.254347,1.784376,0.107129,1.7e-05,-3.7e-05,0.000218,0.002295,0.002365,0.001883,0.02723,0.028303,0.019362,322.703047,0.73819,-0.363012,0.972861,322.202835,322.734257,323.206567,2.509263,6.684609,5.043258,0.000123,0.000325,0.00028,0.00235,0.429602,4.30826,0.090787,-252.591404,-68.143351,-188.918175,0.778091,0.745747,0.793184,0.027469,-0.118708,-0.030266,0.999988,0.999988,0.999988,0.999988,0.999988,1012.676783,8.754745,2.791389,12.013485,1006.856494,1012.24503,1017.133226,2.51737,6.214571,5.0451,0.001858,0.008162,0.006784,0.025504,0.430751,8.492408,0.104436,-69.232,796.288,-621.568,9.143423,9.35933,14.327783,0.307034,0.217306,0.42813,5.063481,0.244754,1.343232,1.127309,0.949773,5.043236,0.002432,0.013579,0.006851,0.014685,5.048202,0.006024,0.024347,0.027399,0.124914,0.999803,0.999796,0.999769,0.999715,0.99914,,,,,,,,,,5.0,0.010965,0.071692,107.503311,107.709221,,,65.0,10.0,6.94235,1.93764,4e-06,2.4e-05,-4e-06,1.2e-05,9e-06,6.6e-05,-14.720817,-0.245118,-2.826391,0.028469,-2.197605,-1.013036,-1.349587,-0.734624,-0.811444,-0.399566,-0.979852,-0.644233,-0.874566,5.335925,1.582197,1.727316,1.272792,1.046032,1.016906,0.848309,0.488143,0.61307,0.647207,0.503641,0.502862,0.440585,-0.976434,0.976464,0.0,0.0,1.0,0.0,0.0,0.0,0.0,1.0,0.0,1.0,0.0,0.0,0.0,0.0,0.0,1.0,0.0,0.0,0.0,0.0,0.0,1.0,0.0,1.0,0.0,0.0,,,,0.0,,0.72,1.0,,0.0,0.0,1.0,1.0,0.0,0.0,0.0,0.0,0.0,1.0,0.0,,0.0,0.0,,,1.0,1,,,0.0,,0.0,0.0,0,,,0.0,0.0,0.0,,,0.0,0.0,0.0,,0.0,0.0,,,0,,0.0,0.0,0.0,,,,0.0,0.0,,,0.0,,0.0,0.0,1.0,,,2
1440010120,0.997205,0.00498,-0.008407,0.014353,0.995424,0.997362,0.999259,1.057092,6.684599,5.043891,0.000986,0.002887,0.002185,0.006258,0.429948,0.255113,0.118785,-0.019159,0.024524,-0.996714,0.002418,0.002198,0.004987,0.069923,-0.178653,-0.109969,0.003528,0.001522,0.001256,0.002029,0.00241,0.003352,0.004468,2.594827,6.591119,4.983939,1.455958,2.720439,2.048024,4.293727,1.265838,1.676229,0.107207,1.2e-05,-0.000141,0.000135,0.002217,0.002453,0.001947,0.040807,0.016657,-0.010969,322.601817,0.742582,0.374193,0.997241,322.084592,322.595997,323.084666,2.46275,6.684609,5.043389,8.2e-05,0.000437,0.000268,0.002457,0.42964,1.947008,0.098316,-252.563436,-68.3026,-188.725079,0.783737,0.761325,0.774871,-0.011247,-0.094404,-0.012181,0.999988,0.999988,0.999988,0.999988,0.999987,1012.250147,22.259756,-11.949572,51.39907,1006.538623,1012.11857,1018.390888,1.267203,6.214365,5.045382,0.0026,0.016948,0.015314,0.032376,0.431195,1.714328,0.192793,-85.28,778.288,-636.912,8.924214,58.416548,54.698595,0.206584,0.146418,0.851923,5.037516,0.421785,0.533587,0.409126,0.775772,5.073545,0.036109,0.043066,0.019195,0.023294,5.011669,0.038329,0.064855,0.071489,0.149999,0.998209,0.996263,0.996169,0.994782,0.985867,,,,,,,,,,5.0,0.025584,0.070738,107.361542,107.608734,,,65.0,10.0,7.228164,1.977985,1e-05,2.6e-05,-2.5e-05,-2e-05,2.5e-05,7.7e-05,-14.990059,-0.655876,-2.098856,0.324324,-1.973812,-1.18701,-1.678791,-0.686185,-0.813546,-0.602445,-0.966803,-0.624499,-0.805979,5.070983,1.742383,1.749612,1.293129,0.889043,1.116499,0.783629,0.656178,0.730088,0.567497,0.521927,0.502557,0.430247,-1.082123,1.082156,0.0,0.0,1.0,0.0,0.0,0.0,0.0,1.0,0.0,1.0,0.0,0.0,0.0,0.0,0.0,1.0,0.0,0.0,0.0,0.0,0.0,1.0,0.0,1.0,0.0,0.0,,,,0.0,,0.72,1.0,,0.0,0.0,1.0,1.0,0.0,0.0,0.0,0.0,0.0,1.0,0.0,,0.0,0.0,,,1.0,1,,,0.0,,0.0,0.0,0,,,0.0,0.0,0.0,,,0.0,0.0,0.0,,0.0,0.0,,,0,,0.0,0.0,0.0,,,,0.0,0.0,,,0.0,,0.0,0.0,1.0,,,2
1440010180,0.997231,0.002986,-0.00229,0.004513,0.995384,0.997328,0.999315,2.10702,6.684607,5.043321,0.000237,0.001343,0.00075,0.003353,0.42967,1.084197,0.104864,-0.019067,0.02449,-0.996741,0.002802,0.0022,0.002989,0.119978,0.14873,0.101516,0.003614,0.001589,0.001316,0.002169,0.002488,0.003578,0.00458,2.51062,6.586035,4.951613,1.267958,2.244954,2.422789,4.309723,1.236023,0.243323,0.132125,3.6e-05,0.000107,3.4e-05,0.002484,0.002362,0.001955,0.026926,0.070209,-0.000169,322.602833,0.709357,-0.153532,0.934155,322.125918,322.612482,323.062037,2.541135,6.684609,5.043763,5.5e-05,0.000284,0.000281,0.002124,0.429732,8.122226,0.084071,-252.550861,-68.323343,-188.735934,0.778954,0.791379,0.766968,0.009667,-0.167475,-0.0552,0.999988,0.999987,0.999987,0.999987,0.999987,1012.028274,9.632691,4.78152,13.763817,1005.934391,1011.454398,1017.730809,2.303284,6.214563,5.043948,0.002623,0.010291,0.006367,0.023104,0.430457,5.337794,0.1224,-77.904,790.608,-626.768,7.527469,7.966827,14.342739,-0.220283,-0.16678,0.230645,5.049647,0.2457,0.900376,0.484419,0.769332,5.044593,0.002263,0.012021,0.004642,0.013258,5.042988,0.011053,0.041776,0.029874,0.12435,0.999829,0.999823,0.999813,0.999784,0.999604,,,,,,,,,,6.0,0.015047,0.018727,107.402962,107.444061,,,65.0,10.0,2.221632,0.798242,6e-06,7e-06,-1.4e-05,3e-06,1.3e-05,1.4e-05,-7.721496,-0.277208,-2.471735,0.178582,-2.088307,-0.948678,-1.556239,-0.906118,-0.864806,-0.729715,-0.954522,-0.492246,-0.858379,3.461937,1.757743,1.615023,1.324279,0.895183,1.110712,0.911812,0.637204,0.612561,0.522,0.502253,0.503746,0.459101,-2.360117,2.360224,0.0,0.0,1.0,0.0,0.0,0.0,0.0,1.0,0.0,1.0,0.0,0.0,0.0,0.0,0.0,1.0,0.0,0.0,0.0,0.0,0.0,1.0,0.0,1.0,0.0,0.0,,,,0.0,,0.72,1.0,,0.0,0.0,1.0,1.0,0.0,0.0,0.0,0.0,0.0,1.0,0.0,,0.0,0.0,,,1.0,1,,,0.0,,0.0,0.0,0,,,0.0,0.0,0.0,,,0.0,0.0,0.0,,0.0,0.0,,,0,,0.0,0.0,0.0,,,,0.0,0.0,,,0.0,,0.0,0.0,1.0,,,2
1440010240,0.997412,0.002674,-0.00142,0.003535,0.995446,0.997381,0.999283,2.52143,6.684608,5.043476,0.0001,0.000453,0.000343,0.00305,0.429676,7.693503,0.088373,-0.01905,0.024433,-0.996925,0.002448,0.002104,0.002671,-0.012353,-0.001833,-0.06761,0.003536,0.001499,0.001114,0.001951,0.002534,0.003363,0.004445,2.723577,6.591763,4.976649,1.390771,2.560232,2.32805,4.210312,1.219337,1.946588,0.089817,-6.8e-05,-0.000326,8.2e-05,0.002285,0.002403,0.001908,-0.019619,-0.005756,0.00308,322.640523,0.721212,-0.31678,0.962973,322.185789,322.670359,323.110901,2.457628,6.684609,5.043053,8.5e-05,0.000331,0.000319,0.002052,0.429543,0.934341,0.085905,-252.605497,-68.276671,-188.744284,0.753772,0.78353,0.774261,-0.043859,-0.085387,-0.04392,0.999988,0.999988,0.999988,0.999988,0.999988,1012.581171,9.139645,-3.385244,12.684436,1006.467081,1011.960474,1018.571516,2.383856,6.214567,5.044981,0.002052,0.011387,0.007632,0.02286,0.430731,0.818118,0.099646,-87.856,809.216,-602.064,10.582026,8.634428,13.687801,0.212421,0.152282,0.274666,5.075135,0.256425,0.82484,0.698466,0.773546,5.046165,0.005437,0.016857,0.008154,0.01605,5.042277,0.005932,0.037286,0.043006,0.121317,0.999733,0.999741,0.999749,0.999733,0.999609,,,,,,,,,,6.0,0.019916,0.021007,107.450882,107.523842,,,65.0,10.0,2.295433,0.830921,8e-06,6e-06,-1.2e-05,6e-06,1.7e-05,1.3e-05,-7.752602,-0.182848,-2.448847,-0.117794,-2.149191,-0.77004,-1.537697,-0.896661,-0.670965,-0.520965,-1.032999,-0.775906,-1.059755,3.921769,1.502748,1.688277,0.996781,1.052795,0.960944,0.940984,0.535446,0.605734,0.594165,0.527856,0.471343,0.478278,-2.336568,2.336672,0.0,0.0,1.0,0.0,0.0,0.0,0.0,1.0,0.0,1.0,0.0,0.0,0.0,0.0,0.0,1.0,0.0,0.0,0.0,0.0,0.0,1.0,0.0,1.0,0.0,0.0,,,,0.0,,0.72,1.0,,0.0,0.0,1.0,1.0,0.0,0.0,0.0,0.0,0.0,1.0,0.0,,0.0,0.0,,,1.0,1,,,0.0,,0.0,0.0,0,,,0.0,0.0,0.0,,,0.0,0.0,0.0,,0.0,0.0,,,0,,0.0,0.0,0.0,,,,0.0,0.0,,,0.0,,0.0,0.0,1.0,,,2
1440010300,0.996355,0.022915,0.024805,0.047258,0.987102,0.99647,1.005385,1.57963,6.684349,5.045418,0.006195,0.060916,0.046733,0.117695,0.43367,0.809009,0.129817,0.043141,-0.661816,-0.726219,0.149174,0.035682,0.049667,0.087328,0.210956,-0.691597,0.184367,0.187671,0.264427,0.372759,0.062189,0.123597,0.244102,1.74882,6.290137,5.326577,4.364995,4.155827,3.723899,3.436423,2.252258,9.571755,0.19311,0.000843,-0.012722,0.015311,0.1677,0.16564,0.11513,-0.09697,0.20344,0.031703,318.846937,4.978672,-2.864918,5.75659,314.453007,320.083792,322.679428,2.831615,6.68449,5.047931,0.001234,0.001013,0.000262,0.002287,0.431197,0.0,0.0,-245.309404,-104.068635,-175.055935,5.421308,1.945431,1.848374,0.16661,0.660745,-0.386739,0.999979,0.999959,0.999905,0.999877,0.99983,1023.822562,8.434275,-4.412281,12.059164,1019.176138,1024.062498,1028.521269,2.324973,6.214574,5.046272,0.001571,0.010144,0.005579,0.010466,0.430832,1.831214,0.124988,-123.104,1000.448,-1.36,23.407973,16.544464,177.227194,-0.492845,-0.857965,0.603728,5.172249,0.255916,0.522088,1.04097,0.363382,5.059278,0.007726,0.010113,0.004403,0.009995,6.788919,3.054339,2.470398,2.089868,2.073026,0.998996,0.997861,0.991357,0.966345,0.912993,,,,,,,,,,1.0,,,107.443794,107.531868,,,65.0,10.0,0.0,-6.907755,3.2e-05,6.3e-05,2.2e-05,-2.2e-05,0.000272,0.000508,-19.874835,0.03858,-2.014995,-0.744189,-1.943307,-0.926954,-1.58415,-0.741476,-0.831191,-0.524532,-0.500494,-0.652481,-0.692364,3.466961,1.525205,1.474805,1.048775,0.76334,0.879812,0.722268,0.475164,0.541457,0.496853,0.504198,0.414449,0.387374,-0.492732,0.492754,0.0,0.0,1.0,0.0,0.0,0.0,0.0,1.0,0.0,1.0,0.0,0.0,0.0,0.0,0.0,1.0,0.0,0.0,0.0,0.0,0.0,1.0,0.0,1.0,0.0,0.0,,,,0.0,,0.71,1.0,,0.0,0.0,1.0,1.0,0.0,0.0,0.0,0.0,0.0,1.0,0.0,,0.0,0.0,,,1.0,1,,,0.0,,0.0,0.0,0,,,0.0,0.0,0.0,,,0.0,0.0,0.0,,0.0,0.0,,,0,,0.0,0.0,0.0,,,,0.0,0.0,,,0.0,,0.0,0.0,1.0,,,2
1440010360,0.996012,0.030325,0.033544,0.063078,0.981923,0.995295,1.008281,1.563083,6.684153,5.046552,0.004761,0.046775,0.114289,0.277639,0.437304,2.489498,0.124607,-0.00616,-0.750816,-0.641667,0.092801,0.056284,0.075379,-0.144564,0.047197,-0.796269,0.27122,0.259254,0.324001,0.425414,0.096457,0.183184,0.356907,2.160594,6.315551,5.224918,3.646536,4.845172,3.600298,3.483631,2.26425,0.784164,0.122833,-0.006097,0.002718,0.002276,0.234095,0.241998,0.165407,0.32596,-0.683089,-0.500753,320.966731,3.434422,-2.04173,4.159102,318.218861,321.221955,324.020644,2.796,6.684554,5.050492,0.007,0.001814,0.000355,0.002278,0.432038,0.0,0.0,-247.647917,-109.142138,-172.519167,3.866048,2.78171,2.095943,0.197421,0.199023,-0.795233,0.999971,0.999936,0.999884,0.999834,0.999802,1032.481899,10.59848,12.559532,20.723334,1026.590473,1032.124023,1037.44301,1.923826,6.214556,5.042665,0.006151,0.010721,0.009327,0.014443,0.430063,2.25678,0.131365,-186.512,959.456,310.256,22.952339,37.835328,112.122926,0.827676,-0.866846,-0.928736,5.065373,0.139728,0.535648,0.202848,0.284728,5.067132,0.029745,0.014231,0.004455,0.009047,5.061247,1.23061,0.900577,0.419105,0.631307,0.998642,0.9973,0.995065,0.986475,0.961792,,,,,,,,,,3.0,0.042463,0.013414,107.443794,107.486267,,,65.0,10.0,4.985483,1.60653,2e-05,7e-06,-4.3e-05,1.4e-05,1.4e-05,4e-06,-12.402768,-0.154902,-1.588872,-0.168111,-1.823651,-1.115124,-1.719869,-0.863992,-0.867294,-0.739006,-0.682928,-0.702699,-0.594689,4.044274,1.479021,1.370921,1.044393,0.749657,0.914562,0.573308,0.502498,0.50545,0.46181,0.460378,0.407444,0.344542,-1.857526,1.857592,0.0,0.0,1.0,0.0,0.0,0.0,0.0,1.0,0.0,1.0,0.0,0.0,0.0,0.0,0.0,1.0,0.0,0.0,0.0,0.0,0.0,1.0,0.0,1.0,0.0,0.0,,,,0.0,,0.71,1.0,,0.0,0.0,1.0,1.0,0.0,0.0,0.0,0.0,0.0,1.0,0.0,,0.0,0.0,,,1.0,1,,,0.0,,0.0,0.0,0,,,0.0,0.0,0.0,,,0.0,0.0,0.0,,0.0,0.0,,,0,,0.0,0.0,0.0,,,,0.0,0.0,,,0.0,,0.0,0.0,1.0,,,2
1440010420,1.004884,0.130807,0.384675,0.671587,0.997041,1.001033,1.004934,0.154459,6.679839,5.032524,0.204355,0.737174,0.774115,2.262368,0.554167,1.326963,0.067055,-0.043718,-0.185289,-0.916823,0.055295,0.328505,0.19779,0.586619,-0.328811,-0.755121,0.144723,0.39541,0.641024,0.878506,0.00347,0.005692,0.065773,0.771436,5.01392,6.122992,4.902434,5.053733,3.705591,3.91211,3.647844,4.137306,0.117519,-0.043238,0.005161,-0.033074,0.259722,0.236327,0.225826,0.139566,0.370928,0.127362,322.996887,1.880855,-1.751171,2.744078,321.766119,323.134904,324.52694,2.417932,6.684595,5.038389,0.003557,0.001477,0.000535,0.00274,0.428459,5.80741,0.04564,-255.320181,-85.990499,-177.441773,4.644637,15.218929,2.999125,-0.9028,0.884599,-0.936101,0.999956,0.999836,0.999093,0.997231,0.994534,1022.357325,86.763471,158.854425,265.284959,1002.987534,1016.629726,1034.53951,0.777831,6.211394,5.04872,0.329356,1.554711,0.671668,1.653596,0.530869,2.02592,0.235859,355.456,492.496,-73.04,529.0964,350.303015,525.215269,-0.934336,-0.76438,0.864383,6.3033,1.733526,2.626325,1.360067,1.158963,5.770503,2.156385,2.400835,1.721934,1.231664,6.637647,3.591816,2.859577,2.110898,3.054166,0.981035,0.945433,0.732444,0.151019,-0.210234,,,,,,,,,,6.0,0.040765,0.052311,107.51297,108.336105,,,65.0,10.0,6.82299,1.920298,1.3e-05,1.7e-05,-2e-05,1.3e-05,0.000149,0.000185,-21.378689,-0.358512,-1.801499,-0.271492,-1.804758,-1.266881,-1.797396,-0.794299,-0.833875,-0.752645,-0.745407,-0.57386,-0.525778,5.131888,1.53851,1.39587,0.884147,0.754248,0.743151,0.590282,0.509761,0.572691,0.403619,0.42518,0.41493,0.391356,-0.005451,0.005471,0.0,0.0,1.0,0.0,0.0,0.0,0.0,1.0,0.0,1.0,0.0,0.0,0.0,0.0,0.0,1.0,0.0,0.0,0.0,0.0,0.0,1.0,0.0,1.0,0.0,0.0,,,,0.0,,0.7,1.0,,0.0,0.0,1.0,1.0,0.0,0.0,0.0,0.0,0.0,1.0,0.0,,0.0,0.0,,,1.0,1,,,0.0,,0.0,0.0,0,,,0.0,0.0,0.0,,,0.0,0.0,0.0,,0.0,0.0,,,0,,0.0,0.0,0.0,,,,0.0,0.0,,,0.0,,0.0,0.0,1.0,,,2
1440010480,1.003047,0.025487,0.058436,0.095277,0.999153,1.002046,1.004112,0.431129,6.684316,5.043892,0.028715,0.104931,0.070593,0.332411,0.438296,1.107258,0.334954,-0.02264,0.018311,-1.002596,0.005803,0.005012,0.02545,-0.26431,0.143495,0.055668,0.006178,0.013603,0.026149,0.038304,0.002663,0.003661,0.005091,0.360928,5.915434,4.516056,3.865287,5.010837,4.704085,5.263188,3.742141,6.209357,0.018214,0.000118,0.000285,0.00067,0.005659,0.010035,0.009484,-0.840047,-0.040226,0.023752,327.417478,0.745563,0.107969,0.959173,326.902422,327.432195,327.9744,2.64882,6.684609,5.043101,8.5e-05,0.000294,0.000347,0.002012,0.429556,0.077792,0.082046,-253.676322,-68.599275,-195.303093,0.820395,0.7523,0.828798,0.009809,-0.1823,-0.030893,0.999988,0.999987,0.999987,0.999987,0.999987,1005.805635,161.802101,353.419796,547.223677,985.786995,991.838697,997.316399,0.833626,6.20546,5.027997,0.27769,0.577386,0.143228,0.619782,0.452056,0.116874,0.46981,-954.448,-80.784,-229.008,174.104771,158.765718,111.19428,-0.259317,0.065894,-0.14548,5.010608,0.715634,0.518741,0.202604,0.584726,5.872076,3.924314,3.766388,2.387527,2.79274,5.252688,2.590363,3.426085,2.457809,2.830052,0.975292,0.969496,0.969069,0.9584,0.904891,,,,,,,,,,8.0,0.038791,0.02544,107.763313,108.147919,,,65.0,10.0,5.013222,1.612079,1.3e-05,9e-06,-3.7e-05,2.1e-05,1.5e-05,3.1e-05,-15.615484,0.076482,-2.57415,-0.471068,-2.101585,-0.800983,-1.56546,-0.876392,-0.986274,-0.641704,-0.798896,-0.702523,-0.729862,5.257753,2.118669,1.706326,1.387573,1.001254,1.045674,0.804936,0.569368,0.541116,0.603463,0.568708,0.528916,0.504548,-0.518837,0.51886,1.0,0.0,0.0,0.0,0.0,0.0,0.0,1.0,0.0,1.0,0.0,0.0,0.0,0.0,0.0,1.0,0.0,0.0,0.0,0.0,0.0,1.0,0.0,1.0,0.0,0.0,,,,0.0,,0.7,1.0,,0.0,0.0,1.0,1.0,0.0,0.0,0.0,0.0,0.0,1.0,0.0,,0.0,0.0,,,1.0,1,,,0.0,,0.0,0.0,0,,,0.0,0.0,0.0,,,0.0,0.0,0.0,,0.0,0.0,,,0,,0.0,0.0,0.0,,,,0.0,0.0,,,0.0,,0.0,0.0,1.0,,,2
1440010519,1.00093,0.025771,-0.056265,0.099815,0.999943,1.002056,1.003981,0.16657,6.684239,5.040014,0.044753,0.144985,0.121283,0.337473,0.439229,2.215413,0.24581,-0.022337,0.017951,-1.000502,0.004112,0.003585,0.025873,0.412759,-0.36148,-0.594412,0.006209,0.025586,0.062588,0.10116,0.002532,0.003547,0.00471,0.130612,5.501973,3.963633,4.177738,5.187836,4.341126,6.359526,5.496944,1.599408,0.254612,-0.00042,8.2e-05,0.00026,0.010976,0.023789,0.002559,-0.971474,-0.392361,0.395871,327.398134,0.744298,0.345132,0.974093,326.842841,327.428241,327.900433,2.627895,6.684609,5.043588,8.2e-05,0.000327,0.000254,0.002198,0.429687,2.646898,0.139552,-253.603908,-68.434624,-195.4225,0.802255,0.754083,0.828861,0.051016,-0.16331,-0.07296,0.999988,0.999988,0.999987,0.999987,0.999988,991.03236,6.892082,-4.119559,9.871549,987.181847,990.515018,995.895577,2.42266,6.214584,5.044872,0.001901,0.006264,0.004789,0.007556,0.430356,2.415272,0.107538,-970.432,-125.088,-146.176,7.00895,51.754191,26.689343,-0.280061,-0.138455,-0.320953,5.047012,0.001964,0.005798,0.003677,0.007574,5.254405,0.337682,0.745122,0.361733,0.369032,4.792235,0.696094,0.872993,0.798203,1.665232,0.999276,0.998946,0.998077,0.996342,0.990519,,,,,,,,,,6.0,0.01615,0.043522,107.777168,108.147919,,,65.0,10.0,4.429258,1.488232,6e-06,1.8e-05,1.3e-05,-1.8e-05,1e-06,1.3e-05,-15.894658,0.084538,-2.602962,0.399666,-2.380177,-0.933544,-1.270923,-1.139165,-1.067357,-0.79707,-0.709895,-0.536548,-0.946981,4.887647,1.542549,1.874027,1.297328,1.0616,1.132495,0.889687,0.565818,0.737767,0.524474,0.491006,0.486799,0.430241,-0.913963,0.913992,1.0,0.0,0.0,0.0,0.0,0.0,0.0,1.0,0.0,1.0,0.0,0.0,0.0,0.0,0.0,1.0,0.0,0.0,0.0,0.0,0.0,1.0,0.0,1.0,0.0,0.0,,,,0.0,,0.7,1.0,,0.0,0.0,1.0,1.0,0.0,0.0,0.0,0.0,0.0,1.0,0.0,,0.0,0.0,,,1.0,1,,,0.0,,0.0,0.0,0,,,0.0,0.0,0.0,,,0.0,0.0,0.0,,0.0,0.0,,,0,,0.0,0.0,0.0,,,,0.0,0.0,,,0.0,,0.0,0.0,1.0,,,3
1440010579,1.000569,0.004041,-0.004767,0.00866,0.998975,1.00099,1.002145,1.540146,6.684604,5.043239,0.000246,0.002048,0.001625,0.006764,0.429734,0.9921,0.134501,-0.022572,0.016724,-1.000169,0.002484,0.002265,0.004037,0.120379,0.023315,-0.116466,0.003823,0.001801,0.002233,0.003658,0.002602,0.003575,0.004864,1.811452,6.581291,5.020033,2.521476,2.863932,2.720624,4.377133,1.49593,3.271984,0.107849,0.0001,0.000197,6.1e-05,0.002607,0.002536,0.002139,-0.181171,-0.005708,0.076883,328.004032,0.764738,0.092497,1.000984,327.460124,328.002024,328.542232,2.623833,6.684609,5.043229,9.6e-05,0.000301,0.0004,0.002222,0.429593,1.738657,0.094955,-254.44448,-68.894653,-195.184312,0.770809,0.759598,0.822212,-0.010467,-0.052643,-0.032041,0.999989,0.999988,0.999988,0.999988,0.999988,994.50241,15.87841,29.084921,48.286376,987.79755,993.901404,999.231705,1.088966,6.214484,5.047012,0.008291,0.034035,0.04166,0.134395,0.433992,0.467496,0.159924,-979.248,-3.696,-140.0,16.153591,76.993322,67.512606,-0.130477,-0.506861,0.131312,5.041261,0.025088,0.024196,0.02731,0.085672,6.077284,5.739842,4.903845,4.579939,3.172886,5.306546,2.324948,2.960369,4.070346,3.365411,0.995266,0.992576,0.989865,0.988542,0.986714,,,,,,,,,,6.0,0.012689,0.015704,107.829338,107.960854,,,65.0,10.0,1.74936,0.55925,4e-06,6e-06,6e-06,1.1e-05,1e-06,1e-06,-10.836197,-0.034482,-2.554988,0.042893,-2.436454,-1.280006,-1.971209,-1.018082,-0.685852,-0.515314,-0.765446,-0.487064,-0.858893,4.268828,1.760898,1.538907,1.077169,0.77243,0.94865,0.848299,0.551051,0.619286,0.539008,0.402542,0.488535,0.519834,-1.395266,1.395309,1.0,0.0,0.0,0.0,0.0,0.0,0.0,1.0,0.0,1.0,0.0,0.0,0.0,0.0,0.0,1.0,0.0,0.0,0.0,0.0,0.0,1.0,0.0,1.0,0.0,0.0,,,,0.0,,0.69,1.0,,0.0,0.0,1.0,1.0,0.0,0.0,0.0,0.0,0.0,1.0,0.0,,0.0,0.0,,,1.0,1,,,0.0,,0.0,0.0,0,,,0.0,0.0,0.0,,,0.0,0.0,0.0,,0.0,0.0,,,0,,0.0,0.0,0.0,,,,0.0,0.0,,,0.0,,0.0,0.0,1.0,,,6
1440010639,0.999875,0.002995,-0.001854,0.004602,0.998175,1.000083,1.001931,2.025976,6.684607,5.043471,0.000114,0.000697,0.000763,0.003121,0.429689,9.141311,0.06737,-0.021292,0.020508,-0.999432,0.002461,0.002251,0.002992,0.03711,0.000749,-0.08581,0.003549,0.001594,0.001448,0.002269,0.002466,0.003306,0.004542,2.34533,6.584439,4.954135,0.900614,2.577943,2.767528,4.256517,1.261905,5.89482,0.085241,0.000121,0.000149,3e-06,0.002362,0.002263,0.002097,0.040913,0.045057,0.028219,327.719904,0.769331,0.315125,0.998458,327.193047,327.675653,328.253239,2.644446,6.684609,5.043467,7e-05,0.000431,0.000311,0.002726,0.429666,7.397604,0.077054,-254.234392,-68.766519,-195.025869,0.809483,0.759185,0.803809,0.097172,-0.114245,-0.048818,0.999988,0.999988,0.999988,0.999988,0.999987,1001.846626,17.161192,6.891774,31.200167,993.651846,1001.566773,1009.427561,1.746763,6.214461,5.042919,0.0025,0.015395,0.013899,0.0443,0.430666,2.22072,0.097941,-32.192,183.648,-982.096,52.488429,19.527317,39.741047,0.442645,-0.749559,-0.433755,5.224672,1.923715,2.951596,2.127144,2.932616,5.049178,0.134761,0.530121,0.201921,0.280454,5.044599,0.00361,0.017349,0.01601,0.052983,0.997442,0.997403,0.997258,0.996284,0.977365,,,,,,,,,,5.0,0.020122,0.023132,107.941574,107.960854,,,65.0,10.0,2.701594,0.993842,7e-06,9e-06,6e-06,-9e-06,1.3e-05,2e-05,-9.923705,-0.108455,-2.843661,0.06527,-2.294544,-1.231704,-1.354959,-1.028245,-1.045231,-0.609834,-1.062939,-0.45083,-0.678243,4.444117,2.070083,1.966201,1.224334,1.149346,1.093871,1.127133,0.599624,0.564308,0.578436,0.546403,0.513211,0.423348,-1.456294,1.456339,1.0,0.0,0.0,0.0,0.0,0.0,0.0,1.0,0.0,1.0,0.0,0.0,0.0,0.0,0.0,1.0,0.0,0.0,0.0,0.0,0.0,1.0,0.0,1.0,0.0,0.0,,,,0.0,,0.69,1.0,,0.0,0.0,1.0,1.0,0.0,0.0,0.0,0.0,0.0,1.0,0.0,,0.0,0.0,,,1.0,1,,,0.0,,0.0,0.0,0,,,0.0,0.0,0.0,,,0.0,0.0,0.0,,0.0,0.0,,,0,,0.0,0.0,0.0,,,,0.0,0.0,,,0.0,,0.0,0.0,1.0,,,6
1440010699,0.999674,0.002874,-0.001515,0.003949,0.998014,1.000069,1.00136,2.407136,6.684608,5.043732,0.000281,0.000757,0.000543,0.002844,0.429756,0.513868,0.08322,-0.020966,0.020638,-0.999236,0.002405,0.002117,0.002872,0.047096,0.01096,-0.054117,0.00363,0.001568,0.001256,0.002109,0.002469,0.00346,0.004618,2.559286,6.589748,4.992468,1.885991,2.38517,2.490511,4.150236,1.216278,2.16323,0.103523,-8e-06,-2.9e-05,0.000123,0.002352,0.002326,0.002162,0.058376,-0.001547,0.021998,327.745643,0.721297,0.372645,0.942443,327.225935,327.734481,328.255035,2.545588,6.684609,5.04331,0.0001,0.000307,0.000325,0.001936,0.429608,1.037972,0.110339,-254.272333,-68.799147,-195.008125,0.783004,0.778138,0.773015,0.013293,-0.147646,-0.047325,0.999988,0.999988,0.999988,0.999988,0.999988,1011.90523,11.661827,5.065197,16.92696,1005.56049,1011.454398,1018.296617,2.313137,6.214542,5.045281,0.004787,0.018127,0.012204,0.043683,0.431322,1.714328,0.096734,-294.368,437.712,-863.264,15.575127,13.520246,13.919853,-0.56884,-0.314908,0.306164,5.052084,0.023935,0.066341,0.053343,0.114507,5.051676,0.018626,0.059446,0.024801,0.055855,5.043081,0.008295,0.024751,0.021251,0.072792,0.999743,0.999728,0.999687,0.999573,0.997932,,,,,,,,,,6.0,0.032683,0.019619,107.858238,107.941574,,,65.0,10.0,4.031624,1.394169,1.1e-05,8e-06,1.1e-05,-3e-06,2e-06,1e-05,-8.025858,-0.601608,-2.355745,0.486523,-1.943751,-1.142629,-1.698494,-0.788315,-1.065838,-0.640598,-1.039049,-0.32384,-0.670945,4.20462,2.013143,1.781191,1.366024,0.915711,1.075205,0.81889,0.652145,0.601481,0.573798,0.517054,0.598898,0.466474,-2.181876,2.181965,1.0,0.0,0.0,0.0,0.0,0.0,0.0,1.0,0.0,1.0,0.0,0.0,0.0,0.0,0.0,1.0,0.0,0.0,0.0,0.0,0.0,1.0,0.0,1.0,0.0,0.0,,,,0.0,,0.68,1.0,,0.0,0.0,1.0,1.0,0.0,0.0,0.0,0.0,0.0,1.0,0.0,,0.0,0.0,,,1.0,1,,,0.0,,0.0,0.0,0,,,0.0,0.0,0.0,,,0.0,0.0,0.0,,0.0,0.0,,,0,,0.0,0.0,0.0,,,,0.0,0.0,,,0.0,,0.0,0.0,1.0,,,6
1440010759,0.99881,0.003327,0.003304,0.005664,0.996463,0.998426,1.001043,2.039516,6.684606,5.043236,0.000144,0.000784,0.000713,0.003278,0.429632,1.69816,0.067731,-0.021134,0.02175,-0.998344,0.002578,0.002254,0.003329,-0.008436,-0.08406,-0.006591,0.003561,0.001531,0.001302,0.00212,0.002361,0.003429,0.004494,2.399897,6.591863,4.936877,1.201205,2.451586,2.085071,4.32689,1.24141,3.16365,0.091534,-7.8e-05,4.5e-05,-0.000289,0.002291,0.002222,0.002179,0.023364,0.013826,-0.039888,326.906053,0.714729,-0.277858,0.943111,326.453758,326.895317,327.388749,2.57078,6.684609,5.043101,6.9e-05,0.000336,0.000303,0.001956,0.429554,3.009839,0.080201,-255.352268,-69.157619,-192.038197,0.777253,0.755511,0.823026,-0.017436,-0.181472,-0.045503,0.999988,0.999987,0.999987,0.999987,0.999987,1011.655051,12.63177,6.686251,18.22478,1003.545714,1010.821448,1018.108049,2.293429,6.21453,5.043272,0.004371,0.015098,0.015576,0.049912,0.430888,1.480556,0.103549,-297.632,295.872,-920.256,12.399701,15.830591,14.317488,-0.118439,-0.08671,0.340392,5.04696,0.107942,0.185653,0.05325,0.11895,4.999691,0.240496,0.316179,0.068722,0.110684,5.047757,0.005992,0.021348,0.023056,0.070722,0.999806,0.999704,0.999571,0.999479,0.999444,,,,,,,,,,6.0,0.0285,0.035895,107.778267,107.858238,,,65.0,10.0,4.048926,1.398452,1e-05,1.5e-05,-1.7e-05,-3.1e-05,1.3e-05,3e-05,-11.190168,-0.096732,-2.801251,0.027719,-2.37482,-1.043891,-1.67561,-0.875034,-1.053738,-0.497487,-0.94624,-0.349333,-0.738977,4.388605,2.273653,1.883735,1.564143,1.013895,1.176466,0.950293,0.701812,0.683102,0.624133,0.57621,0.578762,0.498006,-1.203501,1.203538,0.0,0.0,1.0,0.0,0.0,0.0,0.0,1.0,0.0,1.0,0.0,0.0,0.0,0.0,0.0,1.0,0.0,0.0,0.0,0.0,0.0,1.0,0.0,1.0,0.0,0.0,,,,0.0,,0.68,1.0,,0.0,0.0,1.0,1.0,0.0,0.0,0.0,0.0,0.0,1.0,0.0,,0.0,0.0,,,1.0,1,,,0.0,,0.0,0.0,0,,,0.0,0.0,0.0,,,0.0,0.0,0.0,,0.0,0.0,,,0,,0.0,0.0,0.0,,,,0.0,0.0,,,0.0,,0.0,0.0,1.0,,,6
1440010819,0.998157,0.00312,-0.003382,0.006098,0.996262,0.998245,1.000178,1.799704,6.684607,5.043784,8.9e-05,0.000923,0.000796,0.003224,0.429784,0.416686,0.11671,-0.02196,0.021578,-0.997676,0.002623,0.002181,0.003119,-0.124734,-0.005938,-0.067874,0.003521,0.001464,0.001091,0.0019,0.002354,0.003381,0.004511,2.715375,6.596262,4.912556,1.10202,2.282179,2.801533,4.176559,1.19145,0.297426,0.089309,0.000174,0.000103,5.2e-05,0.002267,0.002301,0.002017,0.011741,0.017052,-0.01531,327.056738,0.733636,0.29676,0.975767,326.582523,327.043774,327.536911,2.544089,6.684609,5.043408,4.7e-05,0.000285,0.000262,0.002259,0.429639,0.622803,0.095908,-255.469345,-69.329617,-192.077025,0.788441,0.793359,0.794821,-0.005696,-0.143523,-0.022713,0.999988,0.999987,0.999987,0.999987,0.999988,991.838948,6.919965,-4.122957,9.49886,989.513012,991.160935,997.949899,2.101647,6.214584,5.046422,0.002213,0.00931,0.004584,0.00905,0.430824,1.67571,0.158184,-983.088,-86.928,-80.288,32.220246,24.735457,40.960237,0.637021,-0.894905,-0.700229,5.047666,0.00277,0.011178,0.005967,0.014863,5.052653,0.326623,0.89423,0.338642,0.835995,5.039606,0.605697,1.022138,1.255516,2.336507,0.998191,0.998145,0.997948,0.997238,0.982102,,,,,,,,,,6.0,0.026039,0.040593,107.751671,107.778267,,,65.0,10.0,4.309012,1.460709,9e-06,1.5e-05,6e-06,3.7e-05,9e-06,4e-06,-10.350623,0.604495,-2.843011,0.1213,-2.028511,-1.37936,-1.823908,-1.18712,-1.208426,-0.551187,-0.819808,-0.359486,-0.694305,4.906694,1.548694,1.905162,1.522148,0.936447,1.086264,0.911496,0.605242,0.613641,0.590256,0.455531,0.510259,0.432689,-1.392344,1.392387,0.0,0.0,1.0,0.0,0.0,0.0,0.0,1.0,0.0,1.0,0.0,0.0,0.0,0.0,0.0,1.0,0.0,0.0,0.0,0.0,0.0,1.0,0.0,1.0,0.0,0.0,,,,0.0,,0.68,1.0,,0.0,0.0,0.0,1.0,1.0,0.0,0.0,0.0,0.0,1.0,0.0,,0.0,0.0,,,1.0,1,,,0.0,,0.0,0.0,0,,,0.0,0.0,0.0,,,0.0,0.0,0.0,,0.0,0.0,,,0,,0.0,0.0,0.0,,,,0.0,0.0,,,0.0,,0.0,0.0,1.0,,,6
1440010879,0.997943,0.002792,-0.000982,0.003705,0.996226,0.998178,1.000149,2.415298,6.684608,5.043574,0.00017,0.000488,0.000608,0.002788,0.429705,0.127835,0.104261,-0.02189,0.022179,-0.997451,0.002314,0.002157,0.002789,-0.027603,0.05485,-0.021677,0.003463,0.001517,0.001288,0.002075,0.002299,0.003336,0.004436,2.55847,6.588125,4.943736,1.780801,2.220689,2.587579,4.259771,1.243917,4.893919,0.089204,-9.9e-05,3.6e-05,0.000196,0.002218,0.002354,0.001945,-0.006898,0.027577,-0.022372,327.195554,0.700797,-0.257363,0.906287,326.703597,327.213979,327.683763,2.59895,6.684609,5.04353,8.2e-05,0.000353,0.00024,0.00199,0.429668,8.356639,0.102259,-255.621329,-69.413671,-192.080991,0.777224,0.775063,0.766712,-0.055076,-0.184896,0.032336,0.999988,0.999988,0.999988,0.999988,0.999988,994.813559,9.26061,8.886276,15.445709,987.603159,994.738157,1001.878235,1.85972,6.214565,5.044652,0.013473,0.019301,0.012594,0.016008,0.430963,1.324776,0.177426,-986.992,-33.936,-15.264,10.400382,97.460699,67.787685,-0.622461,-0.556794,0.803074,5.040602,0.004451,0.014926,0.009578,0.009108,6.623626,4.13723,3.701769,1.893013,1.732965,6.47675,4.796878,4.706568,3.638588,3.966534,0.998426,0.996728,0.992845,0.981254,0.975431,,,,,,,,,,6.0,0.022534,0.05601,107.720245,107.776428,,,65.0,10.0,5.94649,1.782801,1e-05,2.2e-05,-1.8e-05,-2.5e-05,1.6e-05,4.3e-05,-17.02923,0.354779,-2.70649,-0.206987,-1.963289,-1.114431,-1.527553,-0.5903,-0.885643,-0.798813,-1.061523,-0.412065,-0.632767,5.556044,1.556091,1.672066,1.030703,0.860293,0.824375,0.838211,0.688639,0.440492,0.452709,0.414313,0.478938,0.399395,-0.605743,0.605766,0.0,0.0,1.0,0.0,0.0,0.0,0.0,1.0,0.0,1.0,0.0,0.0,0.0,0.0,0.0,1.0,0.0,0.0,0.0,0.0,0.0,1.0,0.0,1.0,0.0,0.0,,,,0.0,,0.68,1.0,,0.0,0.0,0.0,1.0,1.0,0.0,0.0,0.0,0.0,1.0,0.0,,0.0,0.0,,,1.0,1,,,0.0,,0.0,0.0,0,,,0.0,0.0,0.0,,,0.0,0.0,0.0,,0.0,0.0,,,0,,0.0,0.0,0.0,,,,0.0,0.0,,,0.0,,0.0,0.0,1.0,,,6
1440010939,0.998159,0.004263,0.00482,0.009419,0.996285,0.998262,0.999534,1.379056,6.684603,5.043457,0.000174,0.000523,0.000748,0.003614,0.429693,3.80569,0.129996,-0.021274,0.023852,-0.997641,0.002595,0.002405,0.004261,-0.017236,-0.067229,-0.081091,0.003508,0.001553,0.001249,0.002036,0.002333,0.003304,0.004568,2.672905,6.585389,4.861495,1.265421,2.377647,2.59211,4.335099,1.256531,8.003212,0.096371,5.6e-05,0.000303,0.000136,0.002265,0.002361,0.001974,0.002582,0.049347,0.032,326.371052,0.838254,0.390637,1.103775,325.787566,326.358321,326.920474,2.587259,6.684608,5.04259,9.1e-05,0.000461,0.000225,0.002343,0.429428,2.464639,0.106104,-255.428585,-68.698238,-191.189407,0.78532,0.833568,0.924824,0.037628,-0.065459,0.187433,0.999988,0.999987,0.999987,0.999986,0.999984,1021.73679,85.49252,125.727914,189.534971,999.775975,1010.789788,1023.656192,1.205064,6.21134,5.026391,0.205127,0.415423,0.154587,0.266694,0.44054,0.896126,0.172172,-248.368,363.904,-731.472,458.397618,151.849579,298.168236,-0.028072,0.189606,-0.464141,6.175747,1.782318,1.851183,0.85117,0.622462,5.195583,2.098568,1.847464,0.636049,0.751763,5.284948,0.58873,0.976372,0.331132,0.450923,0.9643,0.898904,0.74226,0.725256,0.499795,,,,,,,,,,6.0,0.013557,0.020897,107.701149,107.735016,,,65.0,10.0,2.220461,0.797715,6e-06,7e-06,1.4e-05,4e-06,1e-05,1e-05,-11.93508,-0.074248,-3.083808,-0.692389,-2.479761,-1.479334,-1.283324,-0.594355,-0.60534,-0.557379,-0.674254,-0.557466,-0.657137,3.700516,1.846408,1.877267,1.539931,0.942005,0.951708,0.763796,0.680158,0.56708,0.499364,0.505557,0.402848,0.399595,-1.059203,1.059236,0.0,0.0,1.0,0.0,0.0,0.0,0.0,1.0,0.0,1.0,0.0,0.0,0.0,0.0,0.0,1.0,0.0,0.0,0.0,0.0,0.0,1.0,0.0,1.0,0.0,0.0,,,,0.0,,0.68,1.0,,0.0,0.0,0.0,1.0,1.0,0.0,0.0,0.0,0.0,1.0,0.0,,0.0,0.0,,,1.0,1,,,0.0,,0.0,0.0,0,,,0.0,0.0,0.0,,,0.0,0.0,0.0,,0.0,0.0,,,0,,0.0,0.0,0.0,,,,0.0,0.0,,,0.0,,0.0,0.0,1.0,,,6
1440010999,0.99761,0.004239,-0.005624,0.012376,0.995469,0.997459,0.999391,1.0427,6.684603,5.043236,0.000211,0.004043,0.002648,0.012478,0.429877,3.311164,0.07292,-0.021046,0.024406,-0.997081,0.002584,0.003072,0.004273,-0.091251,0.039053,0.215071,0.003454,0.001428,0.001062,0.001871,0.00242,0.00333,0.004379,2.72681,6.59682,4.983063,1.409028,2.390627,2.370231,4.164132,1.187342,0.594827,0.098716,-2.4e-05,5.5e-05,-3.9e-05,0.002208,0.002273,0.001981,-0.045102,0.019014,-0.010848,326.25862,0.799749,0.271497,1.069459,325.720731,326.238635,326.775227,2.471291,6.684609,5.043325,0.000125,0.000336,0.000341,0.002287,0.429625,0.908692,0.107348,-255.515742,-68.483025,-190.958527,0.829132,0.787942,0.800095,-0.049343,-0.019779,-0.039548,0.999988,0.999988,0.999988,0.999987,0.999988,1005.872456,25.448195,-27.604826,50.41557,996.915242,1007.85713,1017.416334,1.585745,6.214284,5.0477,0.014359,0.051998,0.117345,0.171585,0.436116,0.233796,0.214931,-443.552,455.936,-757.056,67.639924,163.130953,59.079107,0.692554,0.364217,0.8027,4.94829,0.224414,0.766955,0.690976,0.246828,5.391301,0.5279,0.666617,0.253897,0.10578,5.001597,0.078255,0.196506,0.146071,0.358814,0.998126,0.996453,0.984172,0.962417,0.927045,,,,,,,,,,6.0,0.021051,0.049233,107.687943,107.743011,,,65.0,10.0,4.717459,1.55127,8e-06,1.8e-05,-1.4e-05,4.5e-05,2.3e-05,1.8e-05,-13.46555,-1.001016,-4.146366,-0.098558,-2.750952,-1.102096,-1.321603,-0.412636,-0.676585,-0.738169,-0.886365,-0.599081,-0.501538,5.809897,1.985384,2.260175,1.239537,1.132544,0.971142,0.882753,0.827864,0.644284,0.687185,0.607361,0.566434,0.620462,-0.031025,0.031045,0.0,0.0,1.0,0.0,0.0,0.0,0.0,1.0,0.0,1.0,0.0,0.0,0.0,0.0,0.0,1.0,0.0,0.0,0.0,0.0,0.0,1.0,0.0,1.0,0.0,0.0,,,,0.0,,0.68,1.0,,0.0,0.0,0.0,1.0,1.0,0.0,0.0,0.0,0.0,1.0,0.0,,0.0,0.0,,,1.0,1,,,0.0,,0.0,0.0,0,,,0.0,0.0,0.0,,,0.0,0.0,0.0,,0.0,0.0,,,0,,0.0,0.0,0.0,,,,0.0,0.0,,,0.0,,0.0,0.0,1.0,,,6
1440011059,0.997675,0.00281,-0.001699,0.003672,0.996226,0.997487,0.999381,2.620371,6.684608,5.04374,0.000161,0.000409,0.000504,0.003048,0.42975,3.238895,0.08271,-0.021243,0.024434,-0.997145,0.002227,0.002156,0.002806,-0.003322,0.030947,-0.073767,0.003597,0.001527,0.001294,0.002079,0.002474,0.003378,0.004521,2.549662,6.594237,4.89405,0.860887,2.409543,2.468314,4.292567,1.225428,2.730777,0.088578,5.7e-05,0.000359,0.000189,0.002312,0.002375,0.002029,0.010025,0.044811,-0.023519,326.234764,0.760197,0.32667,0.983355,325.67611,326.188836,326.757287,2.519581,6.684609,5.043506,7.4e-05,0.000326,0.000288,0.002331,0.429667,0.389389,0.08905,-255.584688,-67.988207,-191.002365,0.82402,0.781075,0.759978,0.02246,-0.110919,-0.030243,0.999988,0.999988,0.999988,0.999988,0.999988,1013.78128,26.606995,-22.479988,51.151016,1001.40701,1015.511694,1024.601371,1.755661,6.214261,5.052762,0.039152,0.11805,0.112507,0.187075,0.439081,0.739518,0.230836,-436.944,659.664,-491.92,101.246021,311.745972,230.135112,0.900016,0.783299,0.934834,4.846461,0.215233,0.824662,0.379412,0.329923,5.469813,1.432725,0.821027,0.340762,0.385486,5.312089,1.781021,1.118671,0.952705,1.192685,0.992783,0.981652,0.945075,0.820742,0.643559,,,,,,,,,,6.0,0.024491,0.037076,107.685028,107.726234,,,65.0,10.0,3.641543,1.292407,8e-06,1.5e-05,-2.6e-05,-3e-06,6e-06,3.3e-05,-8.627902,-0.016655,-2.827667,0.223782,-2.132616,-1.566678,-0.649777,-0.473904,-0.8174,-0.143015,-1.111995,-0.742036,-0.429081,2.453472,1.178835,1.383442,1.051344,0.724303,0.886465,0.559108,0.470447,0.412969,0.499772,0.442749,0.296184,0.34854,-2.798614,2.798778,0.0,0.0,1.0,0.0,0.0,0.0,0.0,1.0,0.0,1.0,0.0,0.0,0.0,0.0,0.0,1.0,0.0,0.0,0.0,0.0,0.0,1.0,0.0,1.0,0.0,0.0,,,,0.0,,0.67,1.0,,0.0,0.0,0.0,1.0,1.0,0.0,0.0,0.0,0.0,1.0,0.0,,0.0,0.0,,,1.0,1,,,0.0,,0.0,0.0,0,,,0.0,0.0,0.0,,,0.0,0.0,0.0,,0.0,0.0,,,0,,0.0,0.0,0.0,,,,0.0,0.0,,,0.0,,0.0,0.0,1.0,,,6
1440011119,1.000607,0.007613,-0.009698,0.02119,0.998278,1.001026,1.003193,0.971661,6.684583,5.044698,0.00099,0.003068,0.001645,0.015833,0.430302,3.870402,0.130487,-0.021488,0.022244,-1.000114,0.004426,0.003001,0.007606,-0.04926,-0.219342,-0.17457,0.004051,0.00272,0.005629,0.009212,0.002717,0.003697,0.00488,1.149656,6.547138,4.853035,2.409853,3.395663,3.158159,4.452776,1.618348,1.541171,0.142586,0.000122,0.000563,0.000594,0.00289,0.003205,0.002121,-0.285477,-0.008265,0.062149,327.076535,0.894682,-0.273693,1.169584,326.431826,327.098893,327.697003,2.502454,6.684608,5.042377,7e-05,0.000377,0.000478,0.002036,0.429368,5.939189,0.048168,-254.894363,-67.985614,-193.347078,1.157996,0.943944,1.164164,0.336911,-0.461884,-0.267194,0.999986,0.999984,0.999979,0.999972,0.999967,1022.45472,155.412156,259.906773,394.555819,986.679279,1001.998003,1020.838869,1.029018,6.204676,5.028167,0.466228,1.445508,0.573622,0.731705,0.486864,1.831308,0.100114,-402.928,332.192,-593.536,477.27118,293.848769,361.170642,0.405609,-0.025801,0.17627,6.302589,3.42488,2.48718,1.051739,0.901059,5.785527,2.59713,2.732619,1.925445,2.067654,5.40094,3.219406,3.230015,1.552101,1.642532,0.917011,0.834273,0.621293,0.551419,0.575837,,,,,,,,,,5.0,0.007062,0.037994,107.685699,107.728371,,,65.0,10.0,3.677503,1.302234,2e-06,1.7e-05,5e-06,4e-05,1.2e-05,1e-05,-14.071482,-1.276545,-3.06404,-0.421402,-2.619671,-1.173783,-1.442466,-0.31769,-0.688444,-0.636775,-0.744972,-0.743022,-0.373295,5.804934,1.880153,1.771406,1.076414,0.99989,0.926561,0.672272,0.793569,0.568753,0.519533,0.463427,0.407563,0.448846,-0.452738,0.452761,0.0,0.0,1.0,0.0,0.0,0.0,0.0,1.0,0.0,1.0,0.0,0.0,0.0,0.0,0.0,1.0,0.0,0.0,0.0,0.0,0.0,1.0,0.0,1.0,0.0,0.0,,,,0.0,,0.67,1.0,,0.0,0.0,0.0,1.0,1.0,0.0,0.0,0.0,0.0,1.0,0.0,,0.0,0.0,,,1.0,1,,,0.0,,0.0,0.0,0,,,0.0,0.0,0.0,,,0.0,0.0,0.0,,0.0,0.0,,,0,,0.0,0.0,0.0,,,,0.0,0.0,,,0.0,,0.0,0.0,1.0,,,6
1440011179,0.997484,0.012988,-0.021404,0.037246,0.995425,0.997467,1.000217,0.693993,6.684525,5.045247,0.001463,0.005499,0.008135,0.022075,0.430722,0.192507,0.089521,-0.021665,0.023796,-0.996945,0.0053,0.003339,0.012971,-0.116962,0.063195,-0.186893,0.003675,0.001949,0.002862,0.004347,0.002436,0.003389,0.004585,1.78465,6.568856,4.93777,1.492201,2.765243,2.544354,4.209625,1.244865,6.002313,0.090902,-5.1e-05,-0.000705,-0.000276,0.002617,0.002494,0.001913,-0.152297,0.082698,-0.045196,327.733232,0.739913,0.156966,0.964466,327.219224,327.757583,328.246095,2.511572,6.684609,5.043386,0.000113,0.00032,0.000414,0.001937,0.429632,2.439644,0.115995,-256.189156,-69.026244,-192.380552,0.792775,0.772919,0.780869,-0.022164,-0.120485,-0.002675,0.999988,0.999988,0.999988,0.999988,0.999988,991.318651,25.598194,-27.634983,53.944735,983.186654,990.676536,999.039539,1.570157,6.21427,5.04353,0.004417,0.054961,0.024689,0.030643,0.431383,0.545356,0.355721,-845.36,-141.792,-450.864,43.345754,186.192816,93.832135,-0.738493,-0.725123,0.816994,5.021402,0.027352,0.106137,0.017458,0.020803,5.549869,1.866105,1.299625,0.36748,0.325822,5.152095,0.241178,0.312265,0.312093,0.34053,0.997385,0.994086,0.972313,0.955886,0.87356,,,,,,,,,,6.0,0.02962,0.011396,107.733162,107.776306,,,65.0,10.0,3.394231,1.222077,8e-06,4e-06,-2e-06,-5e-06,2.7e-05,1e-05,-18.144677,-0.234906,-2.023959,-0.388582,-2.275548,-0.973207,-1.441186,-0.799416,-0.882867,-0.740122,-0.929734,-0.700143,-0.684472,4.859224,1.964198,1.779002,1.171524,0.939056,0.870366,0.783199,0.53943,0.601719,0.433609,0.447592,0.405763,0.334542,-0.399315,0.399336,0.0,0.0,1.0,0.0,0.0,0.0,0.0,1.0,0.0,1.0,0.0,0.0,0.0,0.0,0.0,1.0,0.0,0.0,0.0,0.0,0.0,1.0,0.0,1.0,0.0,0.0,,,,0.0,,0.67,0.977317,,0.0,0.0,0.0,1.0,1.0,0.0,0.0,0.0,,,,,,,,,,0,,,,,,,0,,,,,,,,,,,,,,,,0,,,,,,,,,,,,,,,,,,,-1
1440011239,1.000085,0.057278,0.075648,0.16506,0.995493,0.997437,0.999375,0.299481,6.682979,5.041054,0.001417,0.006549,0.005945,0.025992,0.429654,0.160165,0.250782,-0.015652,0.018392,-0.987689,0.118868,0.051737,0.102623,-0.393124,0.345166,-0.538311,0.003698,0.001624,0.001419,0.002207,0.002584,0.003449,0.00468,2.554277,6.588702,4.918851,1.471665,2.31772,2.375297,4.170972,1.17402,1.83853,0.101295,-0.000139,0.001056,0.000168,0.002317,0.002495,0.001886,0.053121,0.042475,0.051957,327.761461,0.758701,0.295176,0.99071,327.237619,327.753838,328.262414,2.573629,6.684609,5.043375,0.00016,0.000321,0.000362,0.002408,0.429637,0.882292,0.096887,-256.338106,-69.12456,-192.194553,0.814307,0.755368,0.861157,-0.003957,-0.173624,0.012839,0.999987,0.999987,0.999987,0.999987,0.999987,994.190146,7.783224,4.641603,10.813382,989.553434,993.853107,999.551898,2.361336,6.214577,5.046168,0.002203,0.00868,0.005511,0.013798,0.430831,0.741874,0.117703,-938.96,35.024,-320.992,14.115183,34.863038,33.934171,-0.834713,-0.669129,0.744105,5.041097,0.003258,0.011018,0.005532,0.009868,5.572326,2.346355,3.578002,2.442476,2.816079,5.107542,0.150972,0.268577,0.202908,0.470767,0.999194,0.998966,0.997831,0.997703,0.993348,,,,,,,,,,6.0,0.036462,0.031521,107.746811,107.826477,,,65.0,10.0,4.13261,1.418909,1.3e-05,1.2e-05,-2.1e-05,2.7e-05,4.1e-05,1.2e-05,-14.416405,-0.518477,-2.64973,-0.033834,-2.180258,-1.314141,-1.254367,-0.391073,-1.052047,-0.838095,-0.903903,-0.486728,-0.485811,4.263864,1.393635,1.455356,0.963747,0.894984,0.874175,0.690131,0.58012,0.450479,0.520974,0.381027,0.352038,0.388148,-1.196903,1.196939,0.0,0.0,1.0,0.0,0.0,0.0,0.0,1.0,0.0,1.0,0.0,0.0,0.0,0.0,0.0,1.0,0.0,0.0,0.0,0.0,0.0,1.0,0.0,1.0,0.0,0.0,,,,0.0,,0.67,0.977317,,0.0,0.0,0.0,1.0,1.0,0.0,0.0,0.0,,,,,,,,,,0,,,,,,,0,,,,,,,,,,,,,,,,0,,,,,,,,,,,,,,,,,,,-1
1440011299,0.997632,0.002572,-0.001112,0.003312,0.995587,0.997515,0.999442,2.611778,6.684608,5.043569,0.000111,0.000617,0.000479,0.00253,0.429699,6.03087,0.102218,-0.022204,0.026462,-0.997029,0.002261,0.002127,0.002572,0.011596,0.024915,0.015077,0.003548,0.001497,0.001118,0.001954,0.002458,0.003462,0.004528,2.66279,6.593418,4.923485,1.592942,2.387378,2.660774,4.10865,1.173077,3.244482,0.07994,4.4e-05,-0.000129,-0.00031,0.002191,0.002429,0.002003,0.05443,0.006295,0.001222,326.064053,0.731848,-0.175313,0.967924,325.600736,326.077365,326.524567,2.624552,6.684609,5.043574,7.9e-05,0.000314,0.000266,0.002118,0.429682,2.206293,0.104298,-263.040359,-71.886248,-178.769442,0.788706,0.800108,0.814503,-0.007586,-0.164756,-0.028981,0.999987,0.999987,0.999987,0.999987,0.999987,1034.252128,23.530921,16.483976,37.88063,1023.187164,1033.456335,1044.160907,2.09969,6.21435,5.045059,0.018344,0.088913,0.124565,0.117747,0.43507,9.3408,0.133914,-136.96,893.024,492.144,93.772013,25.381084,48.354475,0.076835,0.119553,-0.406714,5.472451,1.039872,1.598552,0.596664,0.653263,5.031603,0.020116,0.124818,0.108639,0.059558,5.082823,0.228217,0.349739,0.64126,0.725531,0.998626,0.996502,0.993375,0.989459,0.976502,,,,,,,,,,6.0,0.025089,0.022241,107.806618,107.91761,,,65.0,10.0,2.970601,1.088764,9e-06,8e-06,2.5e-05,-1e-05,7e-06,1.5e-05,-13.420979,-0.024675,-2.818451,-0.312293,-2.364897,-1.258554,-1.700611,-0.646448,-0.811154,-0.960658,-0.928828,-0.744034,-0.749253,4.046654,1.242362,1.378816,1.085654,0.68203,0.718285,0.591881,0.537151,0.567259,0.52746,0.423415,0.452928,0.47938,-0.879377,0.879405,0.0,0.0,1.0,0.0,0.0,0.0,0.0,1.0,0.0,1.0,0.0,0.0,0.0,0.0,0.0,1.0,0.0,0.0,0.0,0.0,0.0,1.0,0.0,1.0,0.0,0.0,,,,0.0,,0.67,1.0,,0.0,0.0,0.0,1.0,1.0,0.0,0.0,0.0,,,,,,,,,,0,,,,,,,0,,,,,,,,,,,,,,,,0,,,,,,,,,,,,,,,,,,,-1
1440011359,0.998109,0.002575,0.000777,0.003283,0.996441,0.99836,1.000307,2.527358,6.684608,5.043534,9e-05,0.000617,0.000568,0.002481,0.429688,1.935156,0.091612,-0.022005,0.026914,-0.997499,0.002249,0.002038,0.002572,0.058372,0.024475,-0.038418,0.003578,0.00159,0.001438,0.002232,0.002504,0.00338,0.004533,2.525716,6.586481,4.862558,1.654936,2.441365,2.561728,4.311799,1.257016,1.649262,0.113442,0.000101,0.000477,5.2e-05,0.002234,0.002549,0.001897,0.065493,0.001702,-0.072421,326.150792,0.76531,0.236789,1.020459,325.679757,326.13308,326.640918,2.528029,6.684609,5.043497,9.6e-05,0.00028,0.000179,0.002635,0.42967,1.505382,0.080418,-263.180636,-71.94783,-178.696587,0.826509,0.756428,0.813766,0.035336,-0.152695,-0.019117,0.999988,0.999988,0.999987,0.999987,0.999987,1028.067361,68.902226,54.986624,117.943593,1007.666611,1024.296832,1042.404912,1.833604,6.212373,5.039487,0.062553,0.254985,0.128372,0.066647,0.436092,0.818244,0.203503,419.648,699.904,141.136,370.789779,134.472803,469.268151,-0.653977,0.298462,-0.098602,5.549323,0.915332,0.748343,0.172801,0.0621,5.028592,0.547577,0.3582,0.258546,0.080957,6.321653,1.098817,1.158213,0.442722,0.468256,0.982325,0.94708,0.763256,0.564382,0.388567,,,,,,,,,,6.0,0.028827,0.040382,107.80545,107.887047,,,65.0,10.0,4.629266,1.532398,1.2e-05,1.4e-05,-1.8e-05,6e-06,1.6e-05,1.3e-05,-13.547174,-0.557582,-3.146576,-0.297005,-2.144813,-1.12125,-1.550788,-0.575618,-0.724974,-0.697371,-0.925432,-0.634087,-0.682143,4.196406,1.400387,1.629238,1.024792,0.790799,0.790922,0.582933,0.538115,0.568136,0.636462,0.470701,0.468133,0.466377,-1.133134,1.133169,0.0,0.0,1.0,0.0,0.0,0.0,0.0,1.0,0.0,1.0,0.0,0.0,0.0,0.0,0.0,1.0,0.0,0.0,0.0,0.0,0.0,1.0,0.0,1.0,0.0,0.0,,,,0.0,,0.67,1.0,,0.0,0.0,0.0,1.0,1.0,0.0,0.0,0.0,,,,,,,,,,0,,,,,,,0,,,,,,,,,,,,,,,,0,,,,,,,,,,,,,,,,,,,-1
1440011419,1.016902,0.171422,0.238216,0.361833,0.959153,0.993586,1.042764,1.474265,6.671683,5.007495,0.579299,1.468679,0.908801,1.3788,0.516452,1.915106,0.246298,0.275377,-0.173305,-0.60025,0.416757,0.380057,0.528373,-0.728427,-0.538906,0.728573,1.3178,1.585443,2.404921,3.365993,0.468088,0.817278,1.507108,1.544408,6.207892,5.452872,3.804823,4.62526,2.878161,3.22453,2.077471,5.758948,0.028581,0.132785,-0.084477,-0.268831,0.860815,1.500304,1.077625,-0.262299,-0.172537,-0.137614,302.713775,20.658456,10.229322,24.873389,285.057926,300.838913,320.555258,2.715232,6.682286,4.957293,0.091767,0.023323,0.002906,0.003561,0.416058,0.0,0.0,-243.700241,-79.499743,-157.781624,27.898476,15.147688,21.202973,-0.231428,-0.475731,0.186153,0.999234,0.99697,0.990657,0.987959,0.988207,1036.380574,116.97758,93.390871,205.7621,985.340538,1030.836552,1074.497035,1.810679,6.208222,5.035773,0.254635,0.974603,0.362052,0.562382,0.463407,2.53331,0.193315,33.76,805.136,291.776,299.186267,192.918774,475.942667,0.396764,0.355193,0.561043,6.618657,4.191512,3.811234,2.120836,1.424767,5.143827,0.594714,1.164599,0.28887,0.478494,5.932629,3.683894,2.583858,1.451682,1.788009,0.953985,0.880216,0.789256,0.686918,0.347279,,,,,,,,,,4.0,0.043637,0.014147,107.487625,107.851997,,,65.0,10.0,5.005527,1.610543,1.5e-05,6e-06,1.2e-05,-1.3e-05,4.1e-05,1.4e-05,-17.436352,-1.323304,-2.572283,-0.572572,-1.670876,-0.683201,-1.339284,-0.616076,-0.9468,-0.608225,-0.542717,-0.575709,-0.540946,6.169975,1.757201,1.362866,0.848564,0.644883,0.593952,0.590025,0.519999,0.472068,0.458163,0.410536,0.345763,0.337704,-0.029037,0.029058,0.0,0.0,1.0,0.0,0.0,0.0,0.0,1.0,0.0,1.0,0.0,0.0,0.0,0.0,0.0,1.0,0.0,0.0,0.0,0.0,0.0,1.0,0.0,1.0,0.0,0.0,,,,0.0,,0.67,1.0,,0.0,0.0,0.0,1.0,1.0,0.0,0.0,0.0,0.0,0.0,1.0,,0.0,0.0,,,0.0,1,,,0.0,,0.0,0.0,0,,,0.0,0.0,0.0,,,0.0,0.0,0.0,,0.0,0.0,,,0,,0.0,0.0,0.0,,,,0.0,0.0,,,0.0,,0.0,0.0,1.0,,,2
1440011479,0.994585,0.087561,0.09409,0.188418,0.971251,0.988291,1.007316,1.199202,6.680786,5.031784,0.018556,0.309954,0.243716,0.405447,0.441661,0.54401,0.318997,0.80107,-0.450912,-0.054651,0.138891,0.187164,0.307447,0.194952,0.497778,-0.403861,0.449605,0.612749,0.919954,1.333105,0.077624,0.185834,0.625954,1.338897,6.040468,5.710081,3.640462,4.597081,3.539715,3.181109,2.285516,0.0,0.0,0.057444,-0.020916,-0.078172,0.57589,0.331858,0.354935,0.187532,-0.305799,0.061252,282.473416,16.384266,22.822613,28.536825,274.952331,276.061485,281.503062,1.751507,6.68301,5.010572,0.003167,0.002246,0.000642,0.003446,0.421593,0.0,0.0,-244.085077,-87.520329,-111.115941,8.225494,11.544498,16.572726,0.66293,0.835089,0.693707,0.999893,0.999523,0.998551,0.997712,0.994102,1031.320368,67.370693,57.140362,115.15537,1015.164967,1027.727587,1041.084048,1.755476,6.21249,5.039782,0.03655,0.311943,0.186257,0.146128,0.438549,0.506584,0.402654,-11.824,968.352,245.68,156.480801,96.991567,189.90219,0.460026,-0.462099,-0.683128,6.232781,4.074685,3.916475,3.104453,2.694808,5.112369,0.135173,0.222748,0.191459,0.122883,5.102888,2.926445,2.567542,1.583619,2.455706,0.992352,0.984015,0.966107,0.93093,0.886747,,,,,,,,,,6.0,0.162898,0.254361,106.345413,107.487625,,,65.0,10.0,33.44397,3.509872,7.4e-05,0.000119,-0.00013,-0.00024,1.4e-05,2.8e-05,-14.86437,-1.230337,-2.483964,-1.128252,-2.170474,-0.322401,-1.087302,-0.59046,-0.886332,-0.637353,-0.444789,-0.441841,-0.69661,5.132929,1.996632,0.880104,0.628693,0.536094,0.512401,0.424302,0.510941,0.384727,0.368112,0.337614,0.332299,0.31414,-0.424903,0.424925,0.0,0.0,1.0,0.0,0.0,0.0,0.0,1.0,0.0,1.0,0.0,0.0,0.0,0.0,0.0,1.0,0.0,0.0,0.0,0.0,0.0,1.0,1.0,0.0,0.0,0.0,,,,0.0,,0.66,0.9827,,0.0,0.0,0.0,1.0,1.0,0.0,0.0,0.0,,,,,,,,,,1,,,,,,,0,,,,,,,,,,,,,,,,0,,,,,,,,,,,,,,,,,,,-1
1440011539,0.997985,0.0025,0.000331,0.003249,0.996542,0.99776,0.999624,2.560541,6.684609,5.043641,0.000106,0.000499,0.00053,0.002286,0.429711,1.987331,0.116692,-0.012314,0.033447,-0.997343,0.002283,0.002312,0.002503,-0.052879,-0.058224,0.012998,0.003797,0.001556,0.001183,0.002062,0.002697,0.003719,0.004833,2.588755,6.598634,4.926225,1.054843,2.10764,2.406186,4.11289,1.126702,0.675932,0.102994,-0.000456,-0.000543,-0.00071,0.002426,0.002308,0.00215,-0.006196,0.086423,-0.063659,320.174672,0.732259,-0.306327,0.954049,319.681046,320.195481,320.665446,2.613491,6.684609,5.043537,6.8e-05,0.000461,0.000315,0.002081,0.429674,5.865775,0.101339,-254.997131,-26.12014,-191.845726,0.781444,0.752802,0.773634,0.054604,-0.116501,-0.121392,0.999989,0.999988,0.999988,0.999988,0.999988,1351.8074,432.75244,285.180433,540.135284,1035.057413,1288.293866,1685.82204,2.689163,6.162765,5.244235,1.540123,3.354868,1.077162,0.677995,0.794933,4.793064,0.267289,854.112,556.272,-21.248,788.941014,362.777273,470.34596,0.017491,-0.312282,0.101107,5.613706,2.109785,3.770739,1.627479,0.724367,4.950475,3.590042,4.852598,3.207678,2.229154,5.815515,4.501294,5.756843,4.287329,4.286256,0.848691,0.757615,0.583587,0.45407,0.198731,,,,,,,,,,22.0,0.033546,0.027259,106.435143,108.906635,,,10.0,3.0,4.421915,1.486573,9e-06,9e-06,1e-05,2.4e-05,1.2e-05,1e-05,-10.277291,-0.345554,-1.98971,-0.366284,-1.982475,-1.050985,-2.097,-0.718865,-0.410617,-0.618476,-0.452834,-0.226181,-0.688748,2.034575,0.728146,0.799553,0.351574,0.38768,0.231111,0.218142,0.218087,0.197501,0.165233,0.197614,0.200136,0.197285,-2.489216,2.489338,0.0,0.0,1.0,0.0,0.0,0.0,0.0,1.0,0.0,1.0,0.0,0.0,0.0,0.0,0.0,1.0,0.0,0.0,0.0,0.0,0.0,1.0,0.0,1.0,0.0,0.0,,,,0.0,,0.66,1.0,,0.0,0.0,0.0,1.0,1.0,0.0,0.0,0.0,,,,,,,,,,1,,,,,,,0,,,,,,,,,,,,,,,,0,,,,,,,,,,,,,,,,,,,-1
1440011599,0.997552,0.002478,0.000739,0.003254,0.995752,0.997638,0.999502,2.528541,6.684609,5.043823,3.9e-05,0.000448,0.000469,0.002221,0.429756,4.944191,0.101456,-0.012188,0.034258,-0.996884,0.002347,0.002148,0.002479,0.005959,-0.027796,-0.00206,0.0035,0.0015,0.00112,0.00196,0.002417,0.003357,0.004488,2.624078,6.590306,4.885873,1.36363,2.52979,2.678694,4.265166,1.254317,0.054073,0.090838,0.000174,0.000229,-4.6e-05,0.002293,0.002315,0.001949,0.060925,0.022738,-0.026229,320.209779,0.738631,-0.20446,0.963076,319.69569,320.232112,320.702657,2.590011,6.684609,5.043795,0.000202,0.000271,0.000325,0.002279,0.429747,1.505552,0.114407,-254.993879,-26.209812,-191.896453,0.78278,0.731241,0.787066,0.046005,-0.113888,-0.097351,0.999989,0.999988,0.999988,0.999988,0.999988,1351.8074,432.75244,285.180433,540.135284,1035.057413,1288.293866,1685.82204,2.689163,6.162765,5.244235,1.540123,3.354868,1.077162,0.677995,0.794933,4.793064,0.267289,854.112,556.272,-21.248,788.941014,362.777273,470.34596,0.017491,-0.312282,0.101107,5.613706,2.109785,3.770739,1.627479,0.724367,4.950475,3.590042,4.852598,3.207678,2.229154,5.815515,4.501294,5.756843,4.287329,4.286256,0.848691,0.757615,0.583587,0.45407,0.198731,,,,,,,,,,4.0,0.023117,0.027127,107.032768,108.314651,,,65.0,10.0,3.654595,1.295985,7e-06,1e-05,-1.3e-05,-2.3e-05,2.1e-05,1e-05,-5.266627,-0.260138,-2.174129,-0.408767,-1.959549,-1.050911,-2.119341,-0.739612,-0.31623,-0.574232,-0.463054,-0.140391,-0.563312,1.823171,0.545805,0.795801,0.368958,0.273982,0.306647,0.26043,0.255842,0.219965,0.209977,0.223054,0.197834,0.219691,-3.376746,3.377039,0.0,0.0,1.0,0.0,0.0,0.0,0.0,1.0,0.0,1.0,0.0,0.0,0.0,0.0,0.0,1.0,0.0,0.0,0.0,0.0,0.0,1.0,0.0,1.0,0.0,0.0,,,,0.0,,0.66,1.0,,0.0,0.0,0.0,1.0,1.0,0.0,0.0,0.0,,,,,,,,,,1,,,,,,,0,,,,,,,,,,,,,,,,0,,,,,,,,,,,,,,,,,,,-1
1440011659,0.997239,0.0024,-0.000326,0.003149,0.995677,0.997226,0.998781,2.535716,6.684609,5.043748,0.00012,0.000523,0.000525,0.002009,0.429736,4.132913,0.075537,-0.012075,0.034724,-0.996555,0.002372,0.002248,0.002404,-0.008792,-0.012705,0.039978,0.003717,0.001569,0.001177,0.002026,0.002552,0.003579,0.004757,2.714564,6.593539,4.945879,1.488034,2.578573,2.394364,4.196726,1.212242,4.055447,0.079516,-0.000115,0.000305,7.2e-05,0.002433,0.002544,0.001942,-0.022163,0.001253,0.024487,320.127919,0.697882,0.25802,0.926861,319.671684,320.125495,320.589597,2.478214,6.684609,5.043288,8.4e-05,0.00027,0.000273,0.002239,0.429606,5.710216,0.088701,-254.956804,-26.131807,-191.819841,0.746156,0.734507,0.76186,0.088112,-0.14008,-0.151865,0.99999,0.999988,0.999988,0.999988,0.999988,1351.8074,432.75244,285.180433,540.135284,1035.057413,1288.293866,1685.82204,2.689163,6.162765,5.244235,1.540123,3.354868,1.077162,0.677995,0.794933,4.793064,0.267289,854.112,556.272,-21.248,788.941014,362.777273,470.34596,0.017491,-0.312282,0.101107,5.613706,2.109785,3.770739,1.627479,0.724367,4.950475,3.590042,4.852598,3.207678,2.229154,5.815515,4.501294,5.756843,4.287329,4.286256,0.848691,0.757615,0.583587,0.45407,0.198731,,,,,,,,,,7.0,0.015588,0.029844,106.503891,108.300491,,,65.0,10.0,3.118972,1.137504,6e-06,1e-05,-1.5e-05,-1.8e-05,3e-05,3.9e-05,-0.314898,-0.157063,-1.842133,-0.445234,-2.099926,-1.084015,-2.107629,-0.705086,-0.321904,-0.57862,-0.488923,-0.244497,-0.63412,0.991547,0.330943,0.448972,0.205851,0.211133,0.217778,0.177026,0.1921,0.18365,0.183365,0.23635,0.19371,0.171371,-4.416905,4.417734,0.0,0.0,1.0,0.0,0.0,0.0,0.0,1.0,0.0,1.0,0.0,0.0,0.0,0.0,0.0,1.0,0.0,0.0,0.0,0.0,0.0,1.0,0.0,1.0,0.0,0.0,,,,0.0,,0.66,1.0,,0.0,0.0,0.0,1.0,1.0,0.0,0.0,0.0,,,,,,,,,,1,,,,,,,0,,,,,,,,,,,,,,,,0,,,,,,,,,,,,,,,,,,,-1
1440011719,1.000304,0.002733,-0.001156,0.003616,0.998589,1.000478,1.002459,2.552701,6.684608,5.04446,0.000138,0.000486,0.000337,0.002735,0.429933,3.764005,0.099324,-0.012297,0.033236,-0.999671,0.002354,0.002321,0.002737,0.056294,-0.017641,0.03546,0.003693,0.001656,0.001414,0.002194,0.002524,0.003514,0.004621,2.614738,6.584142,4.950227,1.060844,2.545097,2.348833,4.218781,1.222462,3.406653,0.095386,7.4e-05,8.4e-05,0.000389,0.002395,0.002579,0.001958,0.078452,0.04242,0.024562,321.088619,0.873031,-0.499735,1.138239,320.509822,321.132942,321.725341,2.562345,6.684608,5.044873,7.9e-05,0.000279,0.000349,0.002521,0.430035,4.046273,0.052916,-254.373367,-25.872299,-194.216534,0.844037,0.772927,1.451155,0.151696,-0.382317,-0.193333,0.999987,0.999985,0.999979,0.999974,0.999966,1351.8074,432.75244,285.180433,540.135284,1035.057413,1288.293866,1685.82204,2.689163,6.162765,5.244235,1.540123,3.354868,1.077162,0.677995,0.794933,4.793064,0.267289,854.112,556.272,-21.248,788.941014,362.777273,470.34596,0.017491,-0.312282,0.101107,5.613706,2.109785,3.770739,1.627479,0.724367,4.950475,3.590042,4.852598,3.207678,2.229154,5.815515,4.501294,5.756843,4.287329,4.286256,0.848691,0.757615,0.583587,0.45407,0.198731,,,,,,,,,,14.0,0.027182,0.017355,106.472023,108.831684,,,50.0,4.0,3.064087,1.119749,9e-06,4e-06,2.5e-05,-0.0,7e-06,3e-06,-6.256443,0.042473,-2.455809,-0.623578,-1.95279,-1.01772,-2.043583,-0.737562,-0.388135,-0.686773,-0.559215,-0.250826,-0.561643,1.820362,0.526758,1.034686,0.51897,0.338641,0.408205,0.25987,0.306346,0.241188,0.317835,0.325519,0.253033,0.269993,-3.13035,3.130579,0.0,0.0,1.0,0.0,0.0,0.0,0.0,1.0,0.0,1.0,0.0,0.0,0.0,0.0,0.0,1.0,0.0,0.0,0.0,0.0,0.0,1.0,0.0,1.0,0.0,0.0,,,,0.0,,0.66,1.0,,0.0,0.0,0.0,1.0,1.0,0.0,0.0,0.0,,,,,,,,,,1,,,,,,,0,,,,,,,,,,,,,,,,0,,,,,,,,,,,,,,,,,,,-1
1440011779,0.997478,0.002545,0.000368,0.003356,0.995717,0.997579,0.999484,2.492637,6.684608,5.043815,0.000115,0.000434,0.000447,0.002642,0.429762,0.350075,0.079866,-0.01207,0.034275,-0.99681,0.002453,0.002221,0.002545,0.010573,0.041456,0.019674,0.00359,0.001578,0.001258,0.002092,0.002441,0.003378,0.004636,2.596362,6.586311,4.917606,1.475585,2.569529,2.653583,4.313943,1.299132,8.922062,0.075019,-2.4e-05,0.000143,-0.000235,0.002403,0.002391,0.001953,-0.002751,0.015552,-0.044126,320.116588,0.763165,-0.33554,0.993788,319.631091,320.122814,320.663616,2.589768,6.684609,5.043087,6.7e-05,0.000354,0.000352,0.002293,0.429557,1.842101,0.084698,-254.962224,-26.164868,-191.789154,0.791131,0.716786,0.810693,0.002631,-0.079018,-0.100846,0.999989,0.999988,0.999988,0.999988,0.999988,1047.479056,156.976771,193.342545,308.385879,990.426119,1033.843273,1083.276456,1.697861,6.203966,5.045071,1.174022,2.117374,0.850048,0.688563,0.547866,0.896218,0.161752,206.992,643.088,137.776,461.76303,291.063375,590.356677,-0.357205,-0.161138,-0.220145,6.596215,3.644387,2.795995,1.557725,0.720626,4.847879,1.995582,3.03277,1.91888,1.25771,6.647565,4.874809,4.2241,2.833194,2.522652,0.90263,0.721685,0.363029,0.355409,0.52359,,,,,,,,,,13.0,0.031497,0.061612,107.094688,109.140522,,,50.0,4.0,6.391091,1.854905,7e-06,2.3e-05,-1e-06,4.4e-05,1.6e-05,1.8e-05,-0.928014,-0.082124,-2.023186,-0.58195,-2.109864,-1.08995,-2.090836,-0.672831,-0.341982,-0.566015,-0.404854,-0.198206,-0.617471,0.959602,0.405844,0.4709,0.292898,0.232603,0.28202,0.213099,0.224321,0.208237,0.216157,0.223963,0.194276,0.206942,-4.287943,4.288671,0.0,0.0,1.0,0.0,0.0,0.0,0.0,1.0,0.0,1.0,0.0,0.0,0.0,0.0,0.0,1.0,0.0,0.0,0.0,0.0,0.0,1.0,0.0,1.0,0.0,0.0,,,,0.0,,0.65,0.97782,,0.0,0.0,0.0,1.0,1.0,0.0,0.0,0.0,,,,,,,,,,1,,,,,,,0,,,,,,,,,,,,,,,,0,,,,,,,,,,,,,,,,,,,-1
1440011839,0.997423,0.002498,-0.001398,0.003296,0.995725,0.99765,0.998924,2.553029,6.684609,5.043771,0.000143,0.000463,0.000433,0.002269,0.429744,3.575147,0.078083,-0.012215,0.034787,-0.996736,0.002315,0.002211,0.002498,-0.044191,-0.009005,-0.006597,0.003578,0.001544,0.001271,0.002037,0.002465,0.003357,0.004484,2.685715,6.590677,4.944041,1.019453,2.64406,2.662742,4.210523,1.237079,3.001028,0.109929,8.6e-05,0.000226,1.2e-05,0.002472,0.002302,0.001929,0.048158,-0.002831,0.037159,320.145179,0.746613,0.131484,0.97666,319.640186,320.116956,320.635773,2.617132,6.684609,5.04341,5.6e-05,0.000272,0.000242,0.00246,0.429642,1.842638,0.09168,-254.948131,-26.202249,-191.850319,0.777151,0.772706,0.799831,0.085576,-0.100098,-0.106904,0.999988,0.999987,0.999987,0.999988,0.999988,1270.436571,472.562188,568.637444,884.304669,975.129716,1214.578116,1518.540708,2.065734,5.553139,5.208793,2.706008,3.508636,1.784209,1.071407,0.899314,0.552393,0.190849,916.625455,504.96,-174.225455,518.818029,457.451734,483.061622,-0.114274,-0.069399,-0.038064,5.433982,2.529738,4.121818,2.193832,0.892664,5.248964,4.375444,4.526907,2.495452,1.684515,5.377137,4.009029,4.957062,4.23477,4.037713,0.818446,0.729983,0.741202,0.584498,0.453447,,,,,,,,,,14.0,0.019993,0.028627,106.867065,108.623615,,,50.0,4.0,3.428532,1.232132,5e-06,8e-06,-4e-06,-1.4e-05,8e-06,1.2e-05,0.231664,-0.028771,-1.64243,-0.498745,-2.110029,-1.032346,-2.118676,-0.695473,-0.36774,-0.579871,-0.409945,-0.196947,-0.649496,0.87735,0.32841,0.318913,0.220309,0.196532,0.188692,0.202903,0.167846,0.163542,0.167951,0.162366,0.160997,0.171135,-4.574154,4.575124,0.0,0.0,1.0,0.0,0.0,0.0,0.0,1.0,0.0,1.0,0.0,0.0,0.0,0.0,0.0,1.0,0.0,0.0,0.0,0.0,0.0,1.0,0.0,1.0,0.0,0.0,,,,0.0,,0.65,0.97782,,0.0,0.0,0.0,1.0,1.0,0.0,0.0,0.0,,,,,,,,,,1,,,,,,,0,,,,,,,,,,,,,,,,0,,,,,,,,,,,,,,,,,,,-1
1440011899,0.997286,0.002454,0.000991,0.003243,0.995738,0.997415,0.998763,2.45053,6.684609,5.04352,7.2e-05,0.000389,0.000476,0.002279,0.429674,3.729454,0.074607,-0.012104,0.034751,-0.996602,0.002301,0.002114,0.002459,-0.052174,-0.074079,0.029296,0.003575,0.001559,0.001284,0.002089,0.00244,0.003464,0.004501,2.561928,6.588289,4.879411,1.050078,2.820594,2.323504,4.288807,1.263302,1.432923,0.111051,0.000109,3.6e-05,-2.8e-05,0.002315,0.002454,0.001952,0.028354,0.026247,0.018993,320.186776,0.724439,-0.114808,0.930713,319.662369,320.176321,320.689293,2.579073,6.684609,5.043247,3.8e-05,0.000298,0.000267,0.002191,0.429594,0.674613,0.081624,-255.064992,-26.201169,-191.764522,0.774924,0.750958,0.805325,0.076889,-0.154538,-0.108783,0.999989,0.999988,0.999988,0.999988,0.999986,1270.436571,472.562188,568.637444,884.304669,975.129716,1214.578116,1518.540708,2.065734,5.553139,5.208793,2.706008,3.508636,1.784209,1.071407,0.899314,0.552393,0.190849,916.625455,504.96,-174.225455,518.818029,457.451734,483.061622,-0.114274,-0.069399,-0.038064,5.433982,2.529738,4.121818,2.193832,0.892664,5.248964,4.375444,4.526907,2.495452,1.684515,5.377137,4.009029,4.957062,4.23477,4.037713,0.818446,0.729983,0.741202,0.584498,0.453447,,,,,,,,,,5.0,0.034027,0.034216,106.759171,108.300613,,,65.0,10.0,4.803099,1.569261,1.3e-05,1.2e-05,5e-06,-7e-06,3.8e-05,4.3e-05,1.974815,-0.14134,-1.621468,-0.528815,-2.135163,-1.008568,-2.097151,-0.712425,-0.337859,-0.497157,-0.336667,-0.17127,-0.642697,0.874709,0.395337,0.302956,0.19531,0.203809,0.211885,0.188978,0.195704,0.176084,0.169766,0.168913,0.169208,0.173142,-4.907465,4.908819,0.0,0.0,1.0,0.0,0.0,0.0,0.0,1.0,0.0,1.0,0.0,0.0,0.0,0.0,0.0,1.0,0.0,0.0,0.0,0.0,0.0,1.0,0.0,1.0,0.0,0.0,,,,0.0,,0.65,0.97782,,0.0,0.0,0.0,1.0,1.0,0.0,0.0,0.0,,,,,,,,,,1,,,,,,,0,,,,,,,,,,,,,,,,0,,,,,,,,,,,,,,,,,,,-1
1440011959,0.997179,0.002419,-0.001069,0.003128,0.995643,0.997542,0.99876,2.516045,6.684609,5.043121,0.000156,0.000496,0.000571,0.002083,0.429572,1.117017,0.089803,-0.01193,0.034893,-0.996491,0.002437,0.002263,0.002424,-0.026685,-0.004027,0.058699,0.003527,0.001473,0.001133,0.001939,0.002401,0.003395,0.004426,2.597293,6.595647,4.912082,1.33324,2.315339,2.377336,4.118668,1.129802,1.892528,0.092514,1.9e-05,-0.000233,9.6e-05,0.002271,0.002376,0.001934,-0.022919,0.024468,0.010406,320.161187,0.714285,-0.367417,0.943955,319.696846,320.198355,320.609208,2.517302,6.684609,5.043517,3e-05,0.00029,0.000418,0.002228,0.42967,4.903378,0.08993,-254.952034,-26.217374,-191.869942,0.759007,0.748591,0.771016,0.111488,-0.133587,-0.107692,0.999989,0.999988,0.999988,0.999988,0.999988,1270.436571,472.562188,568.637444,884.304669,975.129716,1214.578116,1518.540708,2.065734,5.553139,5.208793,2.706008,3.508636,1.784209,1.071407,0.899314,0.552393,0.190849,916.625455,504.96,-174.225455,518.818029,457.451734,483.061622,-0.114274,-0.069399,-0.038064,5.433982,2.529738,4.121818,2.193832,0.892664,5.248964,4.375444,4.526907,2.495452,1.684515,5.377137,4.009029,4.957062,4.23477,4.037713,0.818446,0.729983,0.741202,0.584498,0.453447,,,,,,,,,,14.0,0.011977,0.014747,106.675636,108.929523,,,50.0,4.0,1.925059,0.654956,2e-06,4e-06,-0.0,2e-06,4e-06,5e-06,1.569496,-0.476427,-1.894436,-0.38127,-2.054786,-1.103252,-2.144417,-0.795655,-0.365697,-0.488717,-0.40936,-0.171092,-0.631646,1.275191,0.753763,0.445127,0.299341,0.265781,0.213796,0.207155,0.233144,0.187998,0.213199,0.186514,0.175367,0.166323,-4.723343,4.724469,0.0,0.0,1.0,0.0,0.0,0.0,0.0,1.0,0.0,1.0,0.0,0.0,0.0,0.0,0.0,1.0,0.0,0.0,0.0,0.0,0.0,1.0,0.0,1.0,0.0,0.0,,,,0.0,,0.65,0.97782,,0.0,0.0,0.0,1.0,1.0,0.0,0.0,0.0,,,,,,,,,,1,,,,,,,0,,,,,,,,,,,,,,,,0,,,,,,,,,,,,,,,,,,,-1
1440012019,0.997389,0.002373,0.001205,0.003045,0.995713,0.997545,0.998845,2.491148,6.684609,5.043377,0.000158,0.000463,0.000427,0.002437,0.429641,2.845327,0.077404,-0.012406,0.034929,-0.996695,0.002331,0.002134,0.002373,-0.001254,-0.056567,-0.022352,0.003552,0.001551,0.001269,0.002084,0.002482,0.003416,0.004506,2.545311,6.58741,4.928419,0.775547,2.505134,2.840321,4.220947,1.244127,3.082108,0.107732,8.1e-05,-0.000165,-2.2e-05,0.002431,0.002357,0.001877,0.031015,0.005019,0.032085,320.146404,0.720896,-0.201855,0.939334,319.685891,320.150826,320.640335,2.721798,6.684609,5.043632,8e-05,0.000235,0.000287,0.002071,0.429695,0.959819,0.086407,-254.917778,-26.152119,-191.900002,0.718981,0.719364,0.766618,-0.027449,-0.036009,-0.034726,0.99999,0.999989,0.999989,0.999989,0.999989,1270.436571,472.562188,568.637444,884.304669,975.129716,1214.578116,1518.540708,2.065734,5.553139,5.208793,2.706008,3.508636,1.784209,1.071407,0.899314,0.552393,0.190849,916.625455,504.96,-174.225455,518.818029,457.451734,483.061622,-0.114274,-0.069399,-0.038064,5.433982,2.529738,4.121818,2.193832,0.892664,5.248964,4.375444,4.526907,2.495452,1.684515,5.377137,4.009029,4.957062,4.23477,4.037713,0.818446,0.729983,0.741202,0.584498,0.453447,,,,,,,,,,13.0,0.021592,0.037026,106.93959,108.735554,,,50.0,4.0,4.277494,1.453367,6e-06,1.1e-05,-9e-06,-2.1e-05,6e-06,1.3e-05,0.082184,0.053058,-1.551716,-0.515102,-2.130948,-1.041376,-2.186589,-0.732978,-0.373226,-0.594965,-0.391299,-0.226744,-0.639404,0.660023,0.273289,0.241614,0.177991,0.189705,0.191363,0.176507,0.174355,0.158565,0.171207,0.165185,0.157542,0.156478,-4.587513,4.588496,0.0,0.0,1.0,0.0,0.0,0.0,0.0,1.0,0.0,1.0,0.0,0.0,0.0,0.0,0.0,1.0,0.0,0.0,0.0,0.0,0.0,1.0,0.0,1.0,0.0,0.0,,,,0.0,,0.65,0.97782,,0.0,0.0,0.0,1.0,1.0,0.0,0.0,0.0,,,,,,,,,,1,,,,,,,0,,,,,,,,,,,,,,,,0,,,,,,,,,,,,,,,,,,,-1
1440012079,0.997322,0.002449,-0.000996,0.003127,0.995722,0.997578,0.998863,2.546376,6.684609,5.043413,0.000169,0.000514,0.00046,0.0022,0.42965,1.02563,0.081808,-0.012377,0.03506,-0.996624,0.002304,0.00224,0.002453,-0.076629,-0.055127,0.024377,0.003563,0.001511,0.001179,0.002032,0.002585,0.003544,0.004498,2.448149,6.59184,5.011028,1.152118,2.32412,2.399266,4.244785,1.235201,1.892516,0.07076,3.7e-05,0.000235,-3.4e-05,0.002381,0.00229,0.002003,0.051912,0.036608,0.050003,320.208658,0.753598,0.276917,1.005466,319.734416,320.185614,320.700617,2.561601,6.684609,5.043606,0.000164,0.000393,0.000319,0.00211,0.429693,3.321819,0.099581,-254.958105,-26.181506,-191.945928,0.796386,0.741029,0.789743,0.094469,-0.106523,-0.091621,0.999988,0.999988,0.999988,0.999988,0.999988,1270.436571,472.562188,568.637444,884.304669,975.129716,1214.578116,1518.540708,2.065734,5.553139,5.208793,2.706008,3.508636,1.784209,1.071407,0.899314,0.552393,0.190849,916.625455,504.96,-174.225455,518.818029,457.451734,483.061622,-0.114274,-0.069399,-0.038064,5.433982,2.529738,4.121818,2.193832,0.892664,5.248964,4.375444,4.526907,2.495452,1.684515,5.377137,4.009029,4.957062,4.23477,4.037713,0.818446,0.729983,0.741202,0.584498,0.453447,,,,,,,,,,14.0,0.01079,0.035347,106.77388,108.820637,,,50.0,4.0,3.52323,1.259378,2e-06,9e-06,6e-06,1.6e-05,7e-06,1.8e-05,-6.347729,0.016414,-2.266863,-0.609324,-1.965744,-1.024655,-2.198288,-0.774025,-0.33569,-0.580684,-0.511343,-0.242065,-0.601678,1.856463,0.601405,0.83943,0.375668,0.290495,0.318795,0.246399,0.256983,0.263907,0.230955,0.284464,0.203845,0.239654,-3.173874,3.174114,0.0,0.0,1.0,0.0,0.0,0.0,0.0,1.0,0.0,1.0,0.0,0.0,0.0,0.0,0.0,1.0,0.0,0.0,0.0,0.0,0.0,1.0,0.0,1.0,0.0,0.0,,,,0.0,,0.65,0.97782,,0.0,0.0,0.0,1.0,1.0,0.0,0.0,0.0,,,,,,,,,,1,,,,,,,0,,,,,,,,,,,,,,,,0,,,,,,,,,,,,,,,,,,,-1
1440012139,0.997286,0.002424,0.000805,0.003166,0.995746,0.996889,0.998774,2.524452,6.684609,5.043754,0.0001,0.000414,0.000589,0.001982,0.429735,1.595428,0.09968,-0.012154,0.03521,-0.996585,0.002278,0.002207,0.00243,0.031455,-0.022528,0.060518,0.00362,0.001503,0.001246,0.002061,0.002538,0.003512,0.004533,2.541599,6.597602,5.043203,1.499542,2.450619,2.328862,4.155233,1.206688,7.353759,0.076834,-9.5e-05,-0.000483,0.000154,0.002429,0.002384,0.001876,0.094714,0.023151,0.005847,320.181268,0.739685,-0.133172,0.976196,319.692224,320.142292,320.675305,2.642949,6.684609,5.043639,7e-05,0.00027,0.000438,0.002197,0.429702,0.51916,0.101063,-254.988241,-26.231852,-191.853033,0.769151,0.778593,0.833035,0.093446,-0.1292,-0.151559,0.999988,0.999987,0.999987,0.999987,0.999986,1270.436571,472.562188,568.637444,884.304669,975.129716,1214.578116,1518.540708,2.065734,5.553139,5.208793,2.706008,3.508636,1.784209,1.071407,0.899314,0.552393,0.190849,916.625455,504.96,-174.225455,518.818029,457.451734,483.061622,-0.114274,-0.069399,-0.038064,5.433982,2.529738,4.121818,2.193832,0.892664,5.248964,4.375444,4.526907,2.495452,1.684515,5.377137,4.009029,4.957062,4.23477,4.037713,0.818446,0.729983,0.741202,0.584498,0.453447,,,,,,,,,,14.0,0.009007,0.051446,106.89975,108.717426,,,50.0,4.0,4.977747,1.604977,2e-06,1.1e-05,1e-06,5e-06,9e-06,3e-05,-5.441279,0.230684,-2.003571,-0.715439,-2.138702,-1.024109,-2.123693,-0.649042,-0.245972,-0.566981,-0.494454,-0.274939,-0.630054,1.069769,0.46612,0.525584,0.378056,0.233691,0.297573,0.245961,0.278802,0.266444,0.211881,0.246666,0.233996,0.213236,-3.464094,3.464414,0.0,0.0,1.0,0.0,0.0,0.0,0.0,1.0,0.0,1.0,0.0,0.0,0.0,0.0,0.0,1.0,0.0,0.0,0.0,0.0,0.0,1.0,0.0,1.0,0.0,0.0,,,,0.0,,0.65,0.97782,,0.0,0.0,0.0,1.0,1.0,0.0,0.0,0.0,,,,,,,,,,1,,,,,,,0,,,,,,,,,,,,,,,,0,,,,,,,,,,,,,,,,,,,-1
1440012199,0.999491,0.004966,0.006958,0.011918,0.997095,0.999101,1.001051,1.410875,6.684599,5.044447,0.000633,0.001614,0.002036,0.009423,0.430114,0.287529,0.098516,-0.019736,0.014854,-0.999178,0.002689,0.002823,0.004969,0.120981,-0.081541,-0.025683,0.004183,0.002185,0.003001,0.004648,0.002702,0.003926,0.005328,1.764927,6.566447,5.062723,3.047649,3.631687,2.237945,4.570392,1.83622,9.814481,0.073877,6.6e-05,0.000833,0.000373,0.00318,0.00267,0.002047,-0.074051,0.050786,0.048363,306.779602,0.725941,-0.322322,0.958891,306.276735,306.812479,307.248206,2.494446,6.684609,5.043615,9.7e-05,0.000317,0.000386,0.002288,0.429698,0.363272,0.084992,-253.4658,-53.665933,-164.278433,0.778896,0.753511,0.854036,0.142666,-0.215039,-0.093168,0.999986,0.999986,0.999985,0.999985,0.999986,1270.436571,472.562188,568.637444,884.304669,975.129716,1214.578116,1518.540708,2.065734,5.553139,5.208793,2.706008,3.508636,1.784209,1.071407,0.899314,0.552393,0.190849,916.625455,504.96,-174.225455,518.818029,457.451734,483.061622,-0.114274,-0.069399,-0.038064,5.433982,2.529738,4.121818,2.193832,0.892664,5.248964,4.375444,4.526907,2.495452,1.684515,5.377137,4.009029,4.957062,4.23477,4.037713,0.818446,0.729983,0.741202,0.584498,0.453447,,,,,,,,,,21.0,0.039315,0.078268,106.092743,108.301285,,,50.0,4.0,8.813384,2.176272,1.1e-05,2.5e-05,-8e-06,3.2e-05,3.3e-05,5.7e-05,-13.160662,-0.371342,-1.873691,-0.445705,-2.212824,-1.204801,-1.653502,-0.566628,-0.707968,-0.485616,-0.530289,-0.637355,-0.732798,3.667158,1.448761,0.94209,0.483334,0.400835,0.410424,0.322021,0.328113,0.385825,0.297297,0.304417,0.290119,0.275741,-1.774209,1.774269,1.0,0.0,0.0,0.0,0.0,0.0,0.0,1.0,0.0,1.0,0.0,0.0,0.0,0.0,0.0,1.0,0.0,0.0,0.0,0.0,0.0,1.0,0.0,1.0,0.0,0.0,,,,0.0,,0.65,1.0,,0.0,0.0,0.0,1.0,1.0,0.0,0.0,0.0,,,,,,,,,,1,,,,,,,0,,,,,,,,,,,,,,,,0,,,,,,,,,,,,,,,,,,,-1
1440012259,0.999216,0.038313,-0.077308,0.143741,0.998046,1.000014,1.001922,0.155004,6.683739,5.045348,0.019476,0.0822,0.066829,0.288723,0.437629,2.443704,0.254527,-0.021285,0.013201,-0.998872,0.005306,0.003478,0.038586,0.521982,-0.39485,-0.596576,0.006284,0.02101,0.046801,0.071934,0.002714,0.003762,0.005084,0.143432,5.675897,4.064749,3.839002,4.910981,4.393197,6.307043,5.220672,0.405571,0.225561,-0.000466,0.001333,0.000284,0.009322,0.019667,0.002268,-0.953479,-0.299874,0.326671,306.658096,0.761573,-0.394043,0.989867,306.178657,306.659001,307.182684,2.668881,6.684609,5.04389,4.3e-05,0.000373,0.000442,0.00245,0.429776,0.311209,0.124778,-253.31078,-53.604783,-164.31079,0.79017,0.783696,0.818161,0.026434,-0.091387,-0.080926,0.999986,0.999986,0.999986,0.999986,0.999986,999.968942,35.786521,48.394796,80.237795,990.450403,996.441669,1001.998003,1.256332,6.16269,5.042416,0.009229,0.023049,0.012364,0.015881,0.430339,0.85712,0.240461,-850.408421,201.313684,-292.968421,274.118794,243.743214,130.822455,0.974639,-0.701094,-0.787949,5.192444,0.049727,0.045238,0.010879,0.01504,4.668612,1.866617,1.285309,0.677579,0.81013,4.736338,1.004422,0.524327,0.335028,0.772763,0.995687,0.984993,0.919878,0.850723,0.533904,,,,,,,,,,10.0,0.06309,0.066453,107.215935,108.30098,,,65.0,10.0,8.04369,2.084888,2.1e-05,2.5e-05,3e-05,2.5e-05,0.000215,7.8e-05,-20.684418,0.146772,-1.183532,-0.4667,-2.468048,-1.350992,-1.571958,-0.452843,-0.801178,-0.561175,-0.591011,-0.538828,-0.781581,4.049855,0.950969,0.922004,0.453638,0.36907,0.439585,0.297432,0.302626,0.29494,0.290668,0.32079,0.255208,0.233741,-0.598119,0.598142,1.0,0.0,0.0,0.0,0.0,0.0,0.0,1.0,0.0,1.0,0.0,0.0,0.0,0.0,0.0,1.0,0.0,0.0,0.0,0.0,0.0,1.0,0.0,1.0,0.0,0.0,,,,0.0,,0.64,1.0,,0.0,0.0,0.0,1.0,1.0,0.0,0.0,0.0,0.0,1.0,0.0,,0.0,0.0,,,0.0,1,,,0.0,,0.0,0.0,0,,,0.0,0.0,0.0,,,0.0,0.0,0.0,,0.0,0.0,,,0,,0.0,1.0,0.0,,,,0.0,0.0,,,0.0,,0.0,0.0,1.0,,,2
1440012319,0.999125,0.009354,-0.022944,0.041,0.997656,0.99905,1.001054,0.506535,6.684566,5.043406,0.000447,0.002331,0.004692,0.014077,0.429961,0.190607,0.085888,-0.019595,0.01486,-0.998816,0.002567,0.002666,0.00935,0.064175,0.063054,-0.255647,0.003722,0.00206,0.003553,0.005913,0.002512,0.00344,0.004662,1.371389,6.565764,4.905082,1.424482,2.641966,2.470256,4.306755,1.277594,5.581053,0.07298,9.9e-05,-0.000193,-7.7e-05,0.002754,0.002471,0.002087,-0.034047,-0.007039,0.110719,306.365609,0.743444,0.347499,0.965325,305.845031,306.335774,306.87635,2.494267,6.684609,5.043497,0.000177,0.000305,0.000288,0.00254,0.429672,7.216934,0.080582,-253.077276,-53.382871,-164.197437,0.785142,0.735769,0.802763,0.077622,-0.130365,-0.088154,0.999988,0.999987,0.999986,0.999987,0.999987,1001.742872,157.08215,327.21654,513.8465,985.015735,994.191129,1001.798381,0.681368,6.205392,5.024948,0.434955,1.217972,0.33379,0.572412,0.470603,6.38196,0.187952,-473.104,-147.744,-407.664,614.15573,349.945731,341.567983,-0.798235,-0.520135,0.309477,6.108074,2.197171,1.241426,0.356,0.767234,6.673337,2.020828,2.758547,2.069517,2.341932,5.790893,2.920084,2.861782,1.557002,2.307345,0.96221,0.892938,0.711601,0.36706,-0.079226,,,,,,,,,,6.0,0.021553,0.06603,107.215935,107.456886,,,65.0,10.0,6.630269,1.891645,8e-06,2.8e-05,-1e-05,0.0,4e-06,9e-06,-19.56536,-0.556895,-1.708067,-0.460004,-2.463279,-1.441022,-1.603955,-0.543931,-0.770327,-0.509292,-0.655762,-0.595598,-0.472113,3.49106,1.861751,1.508874,1.03052,0.6665,0.807611,0.512075,0.501186,0.388825,0.44424,0.415065,0.358038,0.433652,-0.301551,0.301572,1.0,0.0,0.0,0.0,0.0,0.0,0.0,1.0,0.0,1.0,0.0,0.0,0.0,0.0,0.0,1.0,0.0,0.0,0.0,0.0,0.0,1.0,0.0,1.0,0.0,0.0,,,,0.0,,0.64,1.0,,0.0,0.0,0.0,1.0,1.0,0.0,0.0,0.0,0.0,1.0,0.0,,0.0,0.0,,,0.0,1,,,0.0,,0.0,0.0,0,,,0.0,0.0,0.0,,,0.0,0.0,0.0,,0.0,0.0,,,0,,0.0,1.0,0.0,,,,0.0,0.0,,,0.0,,0.0,0.0,1.0,,,2
1440012379,0.99984,0.005741,0.014535,0.025408,0.997941,0.999862,1.001789,0.564506,6.684596,5.042901,6.7e-05,0.000569,0.000753,0.002658,0.429527,0.444154,0.144725,-0.020026,0.012883,-0.99955,0.002435,0.002444,0.005739,0.036977,0.068135,0.025767,0.004126,0.002522,0.004,0.006027,0.002679,0.00374,0.00505,1.669669,6.543237,4.769997,1.65571,2.671036,2.734941,4.178836,1.224235,1.10858,0.063981,-8e-06,-0.000215,9.6e-05,0.00339,0.002705,0.002126,-0.039541,-0.070296,-0.002605,306.256275,0.772083,0.388623,1.014915,305.713577,306.265298,306.740942,2.584647,6.684609,5.043328,0.0001,0.000399,0.000324,0.002682,0.429629,1.297066,0.074944,-252.960849,-53.476001,-164.142535,0.802361,0.755962,0.800925,0.082877,-0.080034,-0.119959,0.999987,0.999986,0.999987,0.999987,0.999986,997.551933,6.530882,-4.468169,9.271643,993.096169,998.110214,1001.694564,2.300967,6.214587,5.043922,0.002089,0.006913,0.002908,0.008766,0.430107,0.981792,0.116321,-964.032,107.776,-232.304,6.329532,6.386065,11.539306,0.053656,-0.055337,0.079846,5.043685,0.002322,0.008168,0.002673,0.007359,5.050363,0.133558,0.410663,0.424013,0.522012,5.045051,0.043109,0.233531,0.299717,0.599843,0.99983,0.999827,0.999825,0.999824,0.999838,,,,,,,,,,5.0,0.011612,0.054346,107.026657,107.286568,,,65.0,10.0,5.259681,1.66007,4e-06,2.1e-05,-4e-06,-5.4e-05,2e-06,2e-06,-13.183836,-0.039384,-1.492561,-0.399984,-2.42735,-1.169592,-1.456026,-0.373226,-0.631843,-0.402469,-0.549853,-0.591056,-0.875229,3.306729,1.053127,0.987881,0.482546,0.405455,0.440004,0.503559,0.29965,0.285388,0.276996,0.309375,0.230822,0.218799,-2.051875,2.051954,1.0,0.0,0.0,0.0,0.0,0.0,0.0,1.0,0.0,1.0,0.0,0.0,0.0,0.0,0.0,1.0,0.0,0.0,0.0,0.0,0.0,1.0,0.0,1.0,0.0,0.0,,,,0.0,,0.63,1.0,,0.0,0.0,0.0,1.0,1.0,0.0,0.0,0.0,0.0,1.0,0.0,,0.0,0.0,,,0.0,1,,,0.0,,0.0,0.0,0,,,0.0,0.0,0.0,,,0.0,0.0,0.0,,0.0,0.0,,,0,,0.0,1.0,0.0,,,,0.0,0.0,,,0.0,,0.0,0.0,1.0,,,2
