timestamp,raw_acc:magnitude_stats:mean,raw_acc:magnitude_stats:std,raw_acc:magnitude_stats:moment3,raw_acc:magnitude_stats:moment4,raw_acc:magnitude_stats:percentile25,raw_acc:magnitude_stats:percentile50,raw_acc:magnitude_stats:percentile75,raw_acc:magnitude_stats:value_entropy,raw_acc:magnitude_stats:time_entropy,raw_acc:magnitude_spectrum:log_energy_band0,raw_acc:magnitude_spectrum:log_energy_band1,raw_acc:magnitude_spectrum:log_energy_band2,raw_acc:magnitude_spectrum:log_energy_band3,raw_acc:magnitude_spectrum:log_energy_band4,raw_acc:magnitude_spectrum:spectral_entropy,raw_acc:magnitude_autocorrelation:period,raw_acc:magnitude_autocorrelation:normalized_ac,raw_acc:3d:mean_x,raw_acc:3d:mean_y,raw_acc:3d:mean_z,raw_acc:3d:std_x,raw_acc:3d:std_y,raw_acc:3d:std_z,raw_acc:3d:ro_xy,raw_acc:3d:ro_xz,raw_acc:3d:ro_yz,proc_gyro:magnitude_stats:mean,proc_gyro:magnitude_stats:std,proc_gyro:magnitude_stats:moment3,proc_gyro:magnitude_stats:moment4,proc_gyro:magnitude_stats:percentile25,proc_gyro:magnitude_stats:percentile50,proc_gyro:magnitude_stats:percentile75,proc_gyro:magnitude_stats:value_entropy,proc_gyro:magnitude_stats:time_entropy,proc_gyro:magnitude_spectrum:log_energy_band0,proc_gyro:magnitude_spectrum:log_energy_band1,proc_gyro:magnitude_spectrum:log_energy_band2,proc_gyro:magnitude_spectrum:log_energy_band3,proc_gyro:magnitude_spectrum:log_energy_band4,proc_gyro:magnitude_spectrum:spectral_entropy,proc_gyro:magnitude_autocorrelation:period,proc_gyro:magnitude_autocorrelation:normalized_ac,proc_gyro:3d:mean_x,proc_gyro:3d:mean_y,proc_gyro:3d:mean_z,proc_gyro:3d:std_x,proc_gyro:3d:std_y,proc_gyro:3d:std_z,proc_gyro:3d:ro_xy,proc_gyro:3d:ro_xz,proc_gyro:3d:ro_yz,raw_magnet:magnitude_stats:mean,raw_magnet:magnitude_stats:std,raw_magnet:magnitude_stats:moment3,raw_magnet:magnitude_stats:moment4,raw_magnet:magnitude_stats:percentile25,raw_magnet:magnitude_stats:percentile50,raw_magnet:magnitude_stats:percentile75,raw_magnet:magnitude_stats:value_entropy,raw_magnet:magnitude_stats:time_entropy,raw_magnet:magnitude_spectrum:log_energy_band0,raw_magnet:magnitude_spectrum:log_energy_band1,raw_magnet:magnitude_spectrum:log_energy_band2,raw_magnet:magnitude_spectrum:log_energy_band3,raw_magnet:magnitude_spectrum:log_energy_band4,raw_magnet:magnitude_spectrum:spectral_entropy,raw_magnet:magnitude_autocorrelation:period,raw_magnet:magnitude_autocorrelation:normalized_ac,raw_magnet:3d:mean_x,raw_magnet:3d:mean_y,raw_magnet:3d:mean_z,raw_magnet:3d:std_x,raw_magnet:3d:std_y,raw_magnet:3d:std_z,raw_magnet:3d:ro_xy,raw_magnet:3d:ro_xz,raw_magnet:3d:ro_yz,raw_magnet:avr_cosine_similarity_lag_range0,raw_magnet:avr_cosine_similarity_lag_range1,raw_magnet:avr_cosine_similarity_lag_range2,raw_magnet:avr_cosine_similarity_lag_range3,raw_magnet:avr_cosine_similarity_lag_range4,watch_acceleration:magnitude_stats:mean,watch_acceleration:magnitude_stats:std,watch_acceleration:magnitude_stats:moment3,watch_acceleration:magnitude_stats:moment4,watch_acceleration:magnitude_stats:percentile25,watch_acceleration:magnitude_stats:percentile50,watch_acceleration:magnitude_stats:percentile75,watch_acceleration:magnitude_stats:value_entropy,watch_acceleration:magnitude_stats:time_entropy,watch_acceleration:magnitude_spectrum:log_energy_band0,watch_acceleration:magnitude_spectrum:log_energy_band1,watch_acceleration:magnitude_spectrum:log_energy_band2,watch_acceleration:magnitude_spectrum:log_energy_band3,watch_acceleration:magnitude_spectrum:log_energy_band4,watch_acceleration:magnitude_spectrum:spectral_entropy,watch_acceleration:magnitude_autocorrelation:period,watch_acceleration:magnitude_autocorrelation:normalized_ac,watch_acceleration:3d:mean_x,watch_acceleration:3d:mean_y,watch_acceleration:3d:mean_z,watch_acceleration:3d:std_x,watch_acceleration:3d:std_y,watch_acceleration:3d:std_z,watch_acceleration:3d:ro_xy,watch_acceleration:3d:ro_xz,watch_acceleration:3d:ro_yz,watch_acceleration:spectrum:x_log_energy_band0,watch_acceleration:spectrum:x_log_energy_band1,watch_acceleration:spectrum:x_log_energy_band2,watch_acceleration:spectrum:x_log_energy_band3,watch_acceleration:spectrum:x_log_energy_band4,watch_acceleration:spectrum:y_log_energy_band0,watch_acceleration:spectrum:y_log_energy_band1,watch_acceleration:spectrum:y_log_energy_band2,watch_acceleration:spectrum:y_log_energy_band3,watch_acceleration:spectrum:y_log_energy_band4,watch_acceleration:spectrum:z_log_energy_band0,watch_acceleration:spectrum:z_log_energy_band1,watch_acceleration:spectrum:z_log_energy_band2,watch_acceleration:spectrum:z_log_energy_band3,watch_acceleration:spectrum:z_log_energy_band4,watch_acceleration:relative_directions:avr_cosine_similarity_lag_range0,watch_acceleration:relative_directions:avr_cosine_similarity_lag_range1,watch_acceleration:relative_directions:avr_cosine_similarity_lag_range2,watch_acceleration:relative_directions:avr_cosine_similarity_lag_range3,watch_acceleration:relative_directions:avr_cosine_similarity_lag_range4,watch_heading:mean_cos,watch_heading:std_cos,watch_heading:mom3_cos,watch_heading:mom4_cos,watch_heading:mean_sin,watch_heading:std_sin,watch_heading:mom3_sin,watch_heading:mom4_sin,watch_heading:entropy_8bins,location:num_valid_updates,location:log_latitude_range,location:log_longitude_range,location:min_altitude,location:max_altitude,location:min_speed,location:max_speed,location:best_horizontal_accuracy,location:best_vertical_accuracy,location:diameter,location:log_diameter,location_quick_features:std_lat,location_quick_features:std_long,location_quick_features:lat_change,location_quick_features:long_change,location_quick_features:mean_abs_lat_deriv,location_quick_features:mean_abs_long_deriv,audio_naive:mfcc0:mean,audio_naive:mfcc1:mean,audio_naive:mfcc2:mean,audio_naive:mfcc3:mean,audio_naive:mfcc4:mean,audio_naive:mfcc5:mean,audio_naive:mfcc6:mean,audio_naive:mfcc7:mean,audio_naive:mfcc8:mean,audio_naive:mfcc9:mean,audio_naive:mfcc10:mean,audio_naive:mfcc11:mean,audio_naive:mfcc12:mean,audio_naive:mfcc0:std,audio_naive:mfcc1:std,audio_naive:mfcc2:std,audio_naive:mfcc3:std,audio_naive:mfcc4:std,audio_naive:mfcc5:std,audio_naive:mfcc6:std,audio_naive:mfcc7:std,audio_naive:mfcc8:std,audio_naive:mfcc9:std,audio_naive:mfcc10:std,audio_naive:mfcc11:std,audio_naive:mfcc12:std,audio_properties:max_abs_value,audio_properties:normalization_multiplier,discrete:app_state:is_active,discrete:app_state:is_inactive,discrete:app_state:is_background,discrete:app_state:missing,discrete:battery_plugged:is_ac,discrete:battery_plugged:is_usb,discrete:battery_plugged:is_wireless,discrete:battery_plugged:missing,discrete:battery_state:is_unknown,discrete:battery_state:is_unplugged,discrete:battery_state:is_not_charging,discrete:battery_state:is_discharging,discrete:battery_state:is_charging,discrete:battery_state:is_full,discrete:battery_state:missing,discrete:on_the_phone:is_False,discrete:on_the_phone:is_True,discrete:on_the_phone:missing,discrete:ringer_mode:is_normal,discrete:ringer_mode:is_silent_no_vibrate,discrete:ringer_mode:is_silent_with_vibrate,discrete:ringer_mode:missing,discrete:wifi_status:is_not_reachable,discrete:wifi_status:is_reachable_via_wifi,discrete:wifi_status:is_reachable_via_wwan,discrete:wifi_status:missing,lf_measurements:light,lf_measurements:pressure,lf_measurements:proximity_cm,lf_measurements:proximity,lf_measurements:relative_humidity,lf_measurements:battery_level,lf_measurements:screen_brightness,lf_measurements:temperature_ambient,discrete:time_of_day:between0and6,discrete:time_of_day:between3and9,discrete:time_of_day:between6and12,discrete:time_of_day:between9and15,discrete:time_of_day:between12and18,discrete:time_of_day:between15and21,discrete:time_of_day:between18and24,discrete:time_of_day:between21and3,label:LYING_DOWN,label:SITTING,label:FIX_walking,label:FIX_running,label:BICYCLING,label:SLEEPING,label:LAB_WORK,label:IN_CLASS,label:IN_A_MEETING,label:LOC_main_workplace,label:OR_indoors,label:OR_outside,label:IN_A_CAR,label:ON_A_BUS,label:DRIVE_-_I_M_THE_DRIVER,label:DRIVE_-_I_M_A_PASSENGER,label:LOC_home,label:FIX_restaurant,label:PHONE_IN_POCKET,label:OR_exercise,label:COOKING,label:SHOPPING,label:STROLLING,label:DRINKING__ALCOHOL_,label:BATHING_-_SHOWER,label:CLEANING,label:DOING_LAUNDRY,label:WASHING_DISHES,label:WATCHING_TV,label:SURFING_THE_INTERNET,label:AT_A_PARTY,label:AT_A_BAR,label:LOC_beach,label:SINGING,label:TALKING,label:COMPUTER_WORK,label:EATING,label:TOILET,label:GROOMING,label:DRESSING,label:AT_THE_GYM,label:STAIRS_-_GOING_UP,label:STAIRS_-_GOING_DOWN,label:ELEVATOR,label:OR_standing,label:AT_SCHOOL,label:PHONE_IN_HAND,label:PHONE_IN_BAG,label:PHONE_ON_TABLE,label:WITH_CO-WORKERS,label:WITH_FRIENDS,label_source
1464129912,1.011438,0.012573,0.023013,0.04124,1.006184,1.010868,1.016028,0.935099,6.684536,5.045404,0.002765,0.009658,0.012629,0.099805,0.43215,4.100449,0.162703,-0.029586,0.002907,1.010972,0.005533,0.005385,0.012524,0.088952,-0.19138,-0.160822,0.014675,0.019652,0.04439,0.069752,0.011122,0.011958,0.013003,0.240147,6.411181,4.90684,3.596673,4.678782,4.286671,5.794309,4.06131,2.787209,0.332824,-0.004108,-0.007797,-0.007596,0.011021,0.018489,0.001703,-0.955945,0.230007,-0.092891,,,,,,,,,,,,,,,,,,,,,,,,,,,,,,,,,,,,,,,,,,,,,,,,,,,,,,,,,,,,,,,,,,,,,,,,,,,,,,,,,,,,,,,4.0,0.0,0.0,,,,,23.379999,,0.0,-6.907755,0.0,0.0,0.0,0.0,0.0,0.0,-5.201927,1.217395,2.04983,-0.365971,0.817284,-0.283171,0.272052,-0.337288,0.354223,-0.098733,0.067044,-0.278362,-0.018058,5.680217,1.065722,0.446554,0.361473,0.264858,0.229957,0.259596,0.193592,0.162035,0.171302,0.149138,0.155534,0.119282,9.833869,-9.66282,0.0,0.0,0.0,1.0,0.0,1.0,0.0,0.0,0.0,0.0,0.0,0.0,1.0,0.0,0.0,1.0,0.0,0.0,0.0,1.0,0.0,0.0,0.0,1.0,0.0,0.0,6.131227,1001.691895,8.0,,,0.16,,,0.0,0.0,0.0,0.0,1.0,1.0,0.0,0.0,0,1,0,0,,0,,,0,0,,,0,0,0,0,0,0,,0,0,0,0,0,0,,0,0,0,0,,,,0,1,0,0,0,0,0,,0,0,,0,0,,,,1,0,2
1464129950,1.011233,0.009356,-0.005622,0.016687,1.006338,1.010926,1.016657,1.732968,6.684569,5.04364,0.000767,0.00377,0.00333,0.044046,0.430518,0.139308,0.098149,-0.029709,0.002341,1.010757,0.006041,0.006082,0.009382,-0.113686,-0.014063,0.11753,0.013265,0.01152,0.026085,0.04092,0.010916,0.012099,0.013177,0.302317,6.539878,5.121756,4.182344,5.022812,3.801169,4.163039,2.751328,2.627573,0.006361,-0.004305,-0.007829,-0.008411,0.00379,0.006911,0.009796,-0.818406,-0.430371,0.399164,62.193865,2.006797,-4.579305,7.089839,62.121343,62.378867,62.568148,0.195848,6.668892,5.052232,0.00535,0.005464,0.001752,0.001691,0.432247,2.889738,0.02757,-60.873198,12.547538,-1.765584,2.016748,1.349525,0.33377,-0.052678,-0.133262,0.028087,0.999924,0.999753,0.999429,0.999317,0.999798,,,,,,,,,,,,,,,,,,,,,,,,,,,,,,,,,,,,,,,,,,,,,,,,,,,,,,,,4.0,0.0,0.0,,,,,23.361,,0.0,-6.907755,0.0,0.0,0.0,0.0,0.0,0.0,0.01808,1.207044,1.787375,-0.603878,0.905904,-0.537294,0.402896,-0.440327,0.350728,-0.16662,0.013138,-0.234945,-0.003979,6.267419,1.06667,0.540911,0.449723,0.245706,0.273698,0.189534,0.227388,0.184963,0.136684,0.122651,0.131884,0.127444,9.810659,-9.643223,0.0,0.0,0.0,1.0,0.0,1.0,0.0,0.0,0.0,0.0,0.0,0.0,1.0,0.0,0.0,1.0,0.0,0.0,0.0,1.0,0.0,0.0,0.0,1.0,0.0,0.0,6.131227,1001.656006,8.0,,,0.16,,,0.0,0.0,0.0,0.0,1.0,1.0,0.0,0.0,0,1,0,0,,0,,,0,0,,,0,0,0,0,0,0,,0,0,0,0,0,0,,0,0,0,0,,,,0,1,0,0,0,0,0,,0,0,,0,0,,,,1,0,2
1464130031,1.013422,0.018068,-0.008593,0.039286,1.004077,1.012983,1.021926,1.464639,6.684453,5.044152,0.000671,0.009051,0.020124,0.081974,0.431532,5.612973,0.107736,0.056145,0.198593,0.991466,0.026232,0.026095,0.01961,0.136089,-0.023222,-0.350544,0.058436,0.053728,0.078939,0.114179,0.02611,0.043186,0.069787,1.586952,6.374701,5.263151,3.729888,4.64452,3.357239,4.144689,2.291356,0.935618,0.115162,-0.004244,-0.00387,-0.002701,0.045794,0.054591,0.034408,0.159243,0.284349,0.136193,,,,,,,,,,,,,,,,,,,,,,,,,,,,,,,,,,,,,,,,,,,,,,,,,,,,,,,,,,,,,,,,,,,,,,,,,,,,,,,,,,,,,,,3.0,0.0,0.0,,,,,21.322001,,0.0,-6.907755,0.0,0.0,0.0,0.0,0.0,0.0,-2.858104,1.33539,2.531702,-0.068975,0.884348,-0.329945,0.449299,-0.35196,0.169774,-0.289214,-0.048167,-0.165857,0.016213,5.787334,0.944033,0.58238,0.374063,0.289323,0.304259,0.294323,0.243411,0.179191,0.194111,0.152532,0.181171,0.12121,9.066816,-8.983735,0.0,0.0,0.0,1.0,0.0,1.0,0.0,0.0,0.0,0.0,0.0,0.0,1.0,0.0,0.0,1.0,0.0,0.0,0.0,1.0,0.0,0.0,0.0,1.0,0.0,0.0,6.159095,1001.790283,8.0,,,0.16,,,0.0,0.0,0.0,0.0,1.0,1.0,0.0,0.0,0,1,0,0,,0,,,0,0,,,0,0,0,0,0,0,,0,0,0,0,0,0,,0,0,0,0,,,,0,1,0,0,0,0,0,,0,0,,0,0,,,,1,0,2
1464130109,1.014891,0.0164,0.021383,0.038825,1.005934,1.01467,1.023,1.440043,6.684483,5.043807,0.000653,0.018569,0.011195,0.059983,0.431113,3.109283,0.170375,0.014083,0.18007,0.997869,0.02353,0.031472,0.019009,0.386376,-0.104977,-0.491163,0.078685,0.154462,0.321156,0.497587,0.024645,0.041906,0.078418,0.595077,6.002274,5.517797,4.504118,4.501078,3.982096,4.029021,2.685033,3.865686,0.226611,-0.007999,-0.010414,-0.003221,0.13389,0.095874,0.052425,-0.624132,-0.273505,0.412659,,,,,,,,,,,,,,,,,,,,,,,,,,,,,,,,,,,,,,,,,,,,,,,,,,,,,,,,,,,,,,,,,,,,,,,,,,,,,,,,,,,,,,,3.0,0.004789,0.10084,,,,,20.0,,9.921959,2.29475,2e-06,5e-05,0.0,0.0,1e-06,1.1e-05,2.291921,2.06586,2.350479,-0.221071,0.708694,-0.562158,0.278347,-0.493586,0.273363,-0.344978,0.009649,-0.154313,0.022254,5.640278,1.159055,0.469289,0.378532,0.376246,0.34733,0.314341,0.25286,0.221677,0.197444,0.171787,0.193904,0.151503,8.663024,-8.606785,0.0,0.0,0.0,1.0,0.0,1.0,0.0,0.0,0.0,0.0,0.0,0.0,1.0,0.0,0.0,1.0,0.0,0.0,0.0,1.0,0.0,0.0,0.0,1.0,0.0,0.0,5.78996,1001.736084,8.0,,,0.16,,,0.0,0.0,0.0,0.0,1.0,1.0,0.0,0.0,0,1,0,0,,0,,,0,0,,,0,0,0,0,0,0,,0,0,0,0,0,0,,0,0,0,0,,,,0,1,0,0,0,0,0,,0,0,,0,0,,,,1,0,2
1464130130,1.017487,0.022632,-0.012891,0.037226,1.00604,1.017587,1.028168,1.937362,6.684364,5.043515,0.000445,0.008303,0.028763,0.10232,0.431791,0.896487,0.167531,-0.012134,0.148759,1.005029,0.034797,0.040101,0.02476,0.161975,-0.025131,-0.362789,0.131788,0.134855,0.17465,0.229905,0.043793,0.087358,0.1656,1.967655,6.277091,4.97981,2.924113,4.016014,3.472159,3.984128,1.788662,2.09241,0.094045,-0.002919,-0.013659,-0.013283,0.105208,0.127645,0.088433,0.119278,-0.047985,0.255435,,,,,,,,,,,,,,,,,,,,,,,,,,,,,,,,,,,,,,,,,,,,,,,,,,,,,,,,,,,,,,,,,,,,,,,,,,,,,,,,,,,,,,,4.0,0.0,0.0,,,,,21.705,,0.0,-6.907755,0.0,0.0,0.0,0.0,0.0,0.0,-1.226563,1.861671,2.617034,0.132733,0.73834,-0.118241,0.305049,-0.248798,0.10032,-0.28166,-0.042186,-0.23672,0.056476,4.757429,0.502741,0.446079,0.212942,0.134487,0.127987,0.120487,0.138121,0.094919,0.096088,0.084646,0.096593,0.083621,8.061487,-8.030279,0.0,0.0,0.0,1.0,0.0,1.0,0.0,0.0,0.0,0.0,0.0,0.0,1.0,0.0,0.0,1.0,0.0,0.0,0.0,1.0,0.0,0.0,0.0,1.0,0.0,0.0,5.78996,1001.634033,8.0,,,0.16,,,0.0,0.0,0.0,0.0,1.0,1.0,0.0,0.0,0,1,0,0,,0,,,0,0,,,0,0,0,0,0,0,,0,0,0,0,0,0,,0,0,0,0,,,,0,1,0,0,0,0,0,,0,0,,0,0,,,,1,0,2
1464130190,1.012101,0.007316,-0.003322,0.009768,1.007493,1.012058,1.016667,2.530947,6.684586,5.04306,0.000283,0.001942,0.003098,0.023975,0.429998,1.074757,0.092322,-0.034478,0.00065,1.01149,0.004873,0.004893,0.007318,-0.014173,-0.012282,-0.005967,0.011542,0.001175,0.000889,0.001671,0.010706,0.011473,0.012285,2.41697,6.67446,5.02393,0.128689,0.327883,0.352321,1.617672,0.483977,1.971338,0.097508,-0.004422,-0.008372,-0.006357,0.001306,0.001359,0.001,-0.19446,-0.024113,0.011897,,,,,,,,,,,,,,,,,,,,,,,,,,,,,,,,,,,,,,,,,,,,,,,,,,,,,,,,,,,,,,,,,,,,,,,,,,,,,,,,,,,,,,,3.0,0.0594,0.021076,,,,,21.934999,,7.089842,1.958663,2.9e-05,1e-05,-6.1e-05,2.1e-05,6e-06,2e-06,2.661963,1.650604,1.722301,0.072018,0.623855,-0.387186,0.195184,-0.492246,0.176113,-0.137462,-0.050696,-0.161661,0.035016,5.741811,1.304574,0.580135,0.382328,0.41203,0.316518,0.288446,0.279639,0.242274,0.185338,0.185351,0.193521,0.160368,8.755895,-8.694349,0.0,0.0,0.0,1.0,0.0,1.0,0.0,0.0,0.0,0.0,0.0,0.0,1.0,0.0,0.0,1.0,0.0,0.0,0.0,1.0,0.0,0.0,0.0,1.0,0.0,0.0,6.142037,1001.756348,8.0,,,0.15,,,0.0,0.0,0.0,0.0,1.0,1.0,0.0,0.0,0,1,0,0,,0,,,0,0,,,0,0,0,0,0,0,,0,0,0,0,0,0,,0,0,0,0,,,,0,1,0,0,0,0,0,,0,0,,0,0,,,,1,0,2
1464130262,1.011455,0.008626,-0.005494,0.012243,1.006336,1.01166,1.017495,2.305065,6.684575,5.044701,0.000434,0.002888,0.003124,0.029122,0.430537,0.039811,0.182472,-0.033629,5.1e-05,1.010869,0.005151,0.005235,0.008625,-0.109829,-0.042811,0.066335,0.01156,0.002879,0.004951,0.007155,0.010437,0.011173,0.012099,1.4264,6.653248,4.958575,0.122683,0.825629,0.868234,2.552815,0.5665,0.338684,0.191785,-0.004693,-0.007688,-0.006435,0.001529,0.003993,0.001054,-0.649183,0.014216,0.012593,,,,,,,,,,,,,,,,,,,,,,,,,,,,,,,,,,,,,,,,,,,,,,,,,,,,,,,,,,,,,,,,,,,,,,,,,,,,,,,,,,,,,,,3.0,0.0,0.0,,,,,21.542999,,0.0,-6.907755,0.0,0.0,0.0,0.0,0.0,0.0,3.647178,1.032875,1.971674,-0.142185,1.032033,-0.38031,0.450664,-0.376921,0.333878,-0.156441,-0.038718,-0.202758,0.078789,5.415459,1.051079,0.401087,0.287981,0.223801,0.197527,0.228308,0.157077,0.155634,0.142691,0.119743,0.122164,0.114588,7.624619,-7.604346,0.0,0.0,0.0,1.0,0.0,1.0,0.0,0.0,0.0,0.0,0.0,0.0,1.0,0.0,0.0,1.0,0.0,0.0,0.0,1.0,0.0,0.0,0.0,1.0,0.0,0.0,6.139885,1001.838379,8.0,,,0.16,,,0.0,0.0,0.0,0.0,1.0,1.0,0.0,0.0,0,1,0,0,,0,,,0,0,,,0,0,0,0,0,0,,0,0,0,0,0,0,,0,0,0,0,,,,0,1,0,0,0,0,0,,0,0,,0,0,,,,1,0,2
1464130343,1.010191,0.008902,0.00493,0.012683,1.004836,1.010405,1.015103,2.292788,6.684573,5.043582,0.00095,0.004878,0.002889,0.038404,0.43042,0.039806,0.120959,-0.032903,0.000483,1.009625,0.00554,0.005428,0.008901,-0.05583,-0.012896,-0.024058,0.011451,0.003079,0.005268,0.007885,0.010106,0.011019,0.011993,1.220169,6.651498,5.066217,0.761629,1.791322,1.666744,3.648375,0.896389,0.378316,0.169584,-0.00415,-0.007219,-0.006732,0.001668,0.004688,0.001095,-0.705288,0.0394,-0.008665,,,,,,,,,,,,,,,,,,,,,,,,,,,,,,,,,,,,,,,,,,,,,,,,,,,,,,,,,,,,,,,,,,,,,,,,,,,,,,,,,,,,,,,3.0,0.0,0.0,,,,,21.905001,,0.0,-6.907755,0.0,0.0,0.0,0.0,0.0,0.0,0.478482,1.866127,2.204136,-0.059597,0.829597,-0.29226,0.187209,-0.33427,0.251075,-0.143799,0.007064,-0.201249,0.073336,5.118224,0.712609,0.395848,0.210235,0.181655,0.283692,0.210245,0.185522,0.138987,0.11332,0.118038,0.097641,0.110192,7.985825,-7.956858,0.0,0.0,0.0,1.0,0.0,1.0,0.0,0.0,0.0,0.0,0.0,0.0,1.0,0.0,0.0,1.0,0.0,0.0,0.0,1.0,0.0,0.0,0.0,1.0,0.0,0.0,6.142037,1002.048096,8.0,,,0.16,,,0.0,0.0,0.0,0.0,1.0,1.0,0.0,0.0,0,1,0,0,,0,,,0,0,,,0,0,0,0,0,0,,0,0,0,0,0,0,,0,0,0,0,,,,0,1,0,0,0,0,0,,0,0,,0,0,,,,1,0,2
1464130371,1.011445,0.028343,0.074658,0.130365,1.004532,1.009833,1.01586,0.3205,6.68427,5.042367,0.008561,0.044377,0.04462,0.358481,0.436864,2.049903,0.121831,-0.030659,0.002092,1.010896,0.010335,0.007889,0.028295,0.383096,-0.196763,0.027398,0.021549,0.063976,0.133922,0.200685,0.010328,0.011173,0.012354,0.294528,5.685731,4.891642,4.187026,5.851424,5.025292,4.859103,4.326613,0.757313,0.106454,-0.004182,-0.007224,-0.001329,0.010734,0.023718,0.06171,-0.958769,-0.103207,-0.04198,,,,,,,,,,,,,,,,,,,,,,,,,,,,,,,,,,,,,,,,,,,,,,,,,,,,,,,,,,,,,,,,,,,,,,,,,,,,,,,,,,,,,,,3.0,0.0,0.0,,,,,21.539,,0.0,-6.907755,0.0,0.0,0.0,0.0,0.0,0.0,-4.232155,2.1017,1.94083,-0.159108,0.807694,-0.34773,0.220846,-0.443599,0.15719,-0.230095,0.044454,-0.104304,0.058584,5.297704,0.825821,0.506309,0.363274,0.274536,0.30297,0.229594,0.266904,0.219359,0.162965,0.154431,0.136819,0.139351,9.751152,-9.592662,0.0,0.0,0.0,1.0,0.0,1.0,0.0,0.0,0.0,0.0,0.0,0.0,1.0,0.0,0.0,1.0,0.0,0.0,0.0,1.0,0.0,0.0,0.0,1.0,0.0,0.0,6.142037,1001.817383,8.0,,,0.16,,,0.0,0.0,0.0,0.0,1.0,1.0,0.0,0.0,0,1,0,0,,0,,,0,0,,,0,0,0,0,0,0,,0,0,0,0,0,0,,0,0,0,0,,,,0,1,0,0,0,0,0,,0,0,,0,0,,,,1,0,2
1464130451,1.01206,0.008663,-0.00378,0.012755,1.00669,1.012099,1.01795,2.121211,6.684575,5.043428,0.000709,0.003467,0.004131,0.029646,0.430229,2.012354,0.096283,-0.03076,0.000594,1.011567,0.005033,0.004997,0.008668,-0.052012,0.011297,-0.028809,0.012554,0.00688,0.014503,0.022132,0.010706,0.011766,0.012783,0.524252,6.606758,4.984681,1.296875,2.161713,1.002296,2.925857,0.712243,4.360881,0.21848,-0.00416,-0.007963,-0.006994,0.003508,0.007666,0.002058,-0.642281,0.389447,0.191793,61.605615,1.66117,-3.822525,5.979644,61.490926,61.752711,62.003542,0.296435,6.67162,5.052958,0.003227,0.003879,0.00129,0.001359,0.432415,2.411384,0.044275,-60.638127,10.600025,0.784937,1.737252,2.231301,0.23555,0.253107,-0.124397,0.028158,0.999749,0.999194,0.998643,0.99801,0.999443,,,,,,,,,,,,,,,,,,,,,,,,,,,,,,,,,,,,,,,,,,,,,,,,,,,,,,,,3.0,0.0,0.0,,,,,21.52,,0.0,-6.907755,0.0,0.0,0.0,0.0,0.0,0.0,1.634464,2.033018,1.830359,-0.315233,0.751722,-0.251678,0.298112,-0.377365,0.150669,-0.142861,-0.009734,-0.229015,0.009228,5.260267,0.887579,0.389456,0.274108,0.211454,0.168644,0.217555,0.175868,0.135107,0.143321,0.123084,0.126418,0.105755,8.025516,-7.995395,0.0,0.0,0.0,1.0,0.0,1.0,0.0,0.0,0.0,0.0,0.0,0.0,1.0,0.0,0.0,1.0,0.0,0.0,0.0,1.0,0.0,0.0,0.0,1.0,0.0,0.0,6.139885,1001.753418,8.0,,,0.16,,,0.0,0.0,0.0,0.0,1.0,1.0,0.0,0.0,0,1,0,0,,0,,,0,0,,,0,0,0,0,0,0,,0,0,0,0,0,0,,0,0,0,0,,,,0,1,0,0,0,0,0,,0,0,,0,0,,,,1,0,2
1464130510,1.012909,0.015646,0.031292,0.055767,1.007224,1.012611,1.018742,0.815923,6.684497,5.043456,0.001058,0.010282,0.009597,0.122678,0.43191,4.081049,0.178432,-0.03085,0.000788,1.01241,0.005843,0.005128,0.015609,0.113143,-0.266492,-0.015372,0.015177,0.029734,0.072818,0.119211,0.010328,0.011374,0.012514,0.183534,6.248012,4.614837,4.104712,4.867359,4.411528,6.011381,4.667619,4.085533,0.387686,-0.004269,-0.007485,-0.006973,0.013167,0.028471,0.00276,-0.97122,0.377448,-0.381479,,,,,,,,,,,,,,,,,,,,,,,,,,,,,,,,,,,,,,,,,,,,,,,,,,,,,,,,,,,,,,,,,,,,,,,,,,,,,,,,,,,,,,,3.0,0.0,0.0,,,,,21.546,,0.0,-6.907755,0.0,0.0,0.0,0.0,0.0,0.0,-3.798232,1.942884,1.8242,-0.169026,0.785415,-0.287838,0.388296,-0.362922,0.256672,-0.113384,-0.004232,-0.206392,0.037824,5.174451,0.993568,0.553714,0.353626,0.331183,0.243269,0.258772,0.231788,0.156764,0.151725,0.150202,0.184553,0.134215,9.839802,-9.667817,0.0,0.0,0.0,1.0,0.0,1.0,0.0,0.0,0.0,0.0,0.0,0.0,1.0,0.0,0.0,1.0,0.0,0.0,0.0,1.0,0.0,0.0,0.0,1.0,0.0,0.0,6.139885,1001.793213,8.0,,,0.16,,,0.0,0.0,0.0,0.0,1.0,1.0,0.0,0.0,0,1,0,0,,0,,,0,0,,,0,0,0,0,0,0,,0,0,0,0,0,0,,0,0,0,0,,,,0,1,0,0,0,0,0,,0,0,,0,0,,,,1,0,6
1464130577,1.011265,0.008835,0.005345,0.017212,1.006238,1.011513,1.016103,1.578262,6.684574,5.043553,0.000939,0.002498,0.002488,0.025674,0.430162,1.076123,0.081428,-0.031057,0.001871,1.01076,0.005313,0.004885,0.008837,-0.119726,-0.043825,-0.084537,0.012695,0.014958,0.038062,0.062114,0.010106,0.011374,0.012559,0.170845,6.503106,4.861287,1.8705,2.353916,1.307463,3.944414,1.02831,1.613878,0.04849,-0.004471,-0.007864,-0.006717,0.005088,0.015033,0.002458,-0.915252,-0.262742,0.356779,61.58914,1.607272,-3.783011,5.924068,61.621001,61.717139,61.820552,0.067941,6.671644,5.045852,0.001522,0.003526,0.001295,0.001357,0.430398,3.946253,0.010351,-60.282228,12.563468,1.055316,1.567252,0.627451,0.232509,-0.54467,-0.017442,0.360342,0.999968,0.99994,0.999913,0.999912,0.999886,,,,,,,,,,,,,,,,,,,,,,,,,,,,,,,,,,,,,,,,,,,,,,,,,,,,,,,,4.0,0.0,0.0,,,,,21.561001,,0.0,-6.907755,0.0,0.0,0.0,0.0,0.0,0.0,1.233518,2.159567,1.585001,0.003401,0.820697,-0.320509,0.298051,-0.510521,0.214348,-0.113237,0.004881,-0.24931,-0.041278,5.275065,1.112775,0.427066,0.407256,0.334198,0.298801,0.261285,0.317329,0.238723,0.170532,0.180318,0.161458,0.15583,8.678632,-8.621533,0.0,0.0,0.0,1.0,0.0,1.0,0.0,0.0,0.0,0.0,0.0,0.0,1.0,0.0,0.0,1.0,0.0,0.0,0.0,1.0,0.0,0.0,0.0,1.0,0.0,0.0,6.139885,1002.050293,8.0,,,0.16,,,0.0,0.0,0.0,0.0,1.0,1.0,0.0,0.0,0,1,0,0,,0,,,0,0,,,0,0,0,0,0,0,,0,0,0,0,0,0,,0,0,0,0,,,,0,1,0,0,0,0,0,,0,0,,0,0,,,,1,0,6
1464130623,1.011883,0.008132,0.004567,0.011208,1.006529,1.011678,1.017436,2.257227,6.684579,5.043161,0.000241,0.002248,0.002643,0.031315,0.430132,0.797061,0.107818,-0.031147,0.001762,1.011379,0.004806,0.004964,0.008125,-0.012853,-0.058324,0.096115,0.011557,0.002333,0.00278,0.004217,0.010328,0.011374,0.012514,2.003529,6.663063,5.047737,0.503244,0.970963,0.786389,2.718578,0.620413,0.159339,0.129438,-0.004702,-0.007513,-0.006804,0.0016,0.003043,0.001529,0.143618,0.257734,0.124336,,,,,,,,,,,,,,,,,,,,,,,,,,,,,,,,1012.823766,19.983692,15.392135,29.916951,1002.460972,1012.624313,1023.437345,2.307004,5.926732,5.04352,0.004239,0.04797,0.048592,0.106966,0.432788,3.66528,0.114911,265.450667,-69.653333,-974.570667,15.266769,21.136694,20.68493,-0.222105,0.108007,-0.033825,5.037618,0.301583,0.36102,0.198091,0.290128,5.174631,1.523067,1.773307,1.765759,1.816268,5.04367,0.00892,0.053487,0.060758,0.118067,0.999626,0.999547,0.999483,0.999156,0.998521,,,,,,,,,,4.0,0.0,0.0,,,,,21.247999,,0.0,-6.907755,0.0,0.0,0.0,0.0,0.0,0.0,2.069501,2.227175,1.784815,-0.035988,0.765812,-0.413236,0.163881,-0.621935,0.28474,-0.15588,0.042426,-0.238945,-0.053693,5.162267,1.086839,0.427244,0.348176,0.364527,0.375454,0.285016,0.295788,0.235707,0.195148,0.175788,0.139994,0.178417,8.549079,-8.498748,0.0,0.0,0.0,1.0,0.0,1.0,0.0,0.0,0.0,0.0,0.0,0.0,1.0,0.0,0.0,1.0,0.0,0.0,0.0,1.0,0.0,0.0,0.0,1.0,0.0,0.0,6.135565,1002.067627,8.0,,,0.16,,,0.0,0.0,0.0,0.0,1.0,1.0,0.0,0.0,0,1,0,0,,0,,,0,0,,,0,0,0,0,0,0,,0,0,0,0,0,0,,0,0,0,0,,,,0,1,0,0,0,0,0,,0,0,,0,0,,,,1,0,6
1464130703,1.01145,0.007277,-0.001114,0.009485,1.00659,1.011197,1.016231,2.531903,6.684586,5.043058,0.000483,0.003571,0.003148,0.024258,0.430026,0.996311,0.114268,-0.030908,0.000914,1.010956,0.004649,0.004666,0.007282,0.003879,0.012488,0.018211,0.011482,0.002521,0.005771,0.009505,0.010599,0.011374,0.012099,0.869871,6.666266,5.011257,0.674791,1.532227,1.346053,3.425119,0.790696,5.577362,0.325243,-0.004521,-0.007626,-0.006817,0.001397,0.003134,0.001156,-0.44445,0.20605,0.086052,61.608023,1.587622,-3.715717,5.827882,61.563465,61.722651,61.896375,0.146326,6.672921,5.045683,0.002971,0.004584,0.001301,0.001357,0.430389,5.460084,0.022053,-60.279595,12.583009,1.697295,1.557059,0.852554,0.274319,-0.30349,-0.25179,0.565293,0.999951,0.999879,0.999849,0.999789,0.999602,1023.158476,19.946118,10.66352,28.530371,1012.861288,1022.091972,1031.395171,2.382449,5.926736,5.045927,0.004913,0.042752,0.033691,0.129298,0.433415,0.358992,0.152506,180.096,82.453333,-1003.690667,10.690874,9.946917,20.243591,0.11093,0.007551,0.017844,5.03967,0.164497,0.310356,0.240098,0.538301,5.043454,0.456256,1.179176,1.114751,1.628688,5.046103,0.005682,0.045251,0.036344,0.138627,0.999806,0.999773,0.999782,0.999785,0.999788,,,,,,,,,,3.0,0.0,0.0,,,,,21.487,,0.0,-6.907755,0.0,0.0,0.0,0.0,0.0,0.0,1.23475,2.673986,1.270539,-0.00686,0.825705,-0.392513,0.049117,-0.428115,0.230133,-0.008562,-0.030912,-0.299579,-0.003957,5.461166,1.029267,0.480613,0.406401,0.347059,0.353351,0.353962,0.280329,0.154929,0.204954,0.190671,0.152022,0.172272,8.899321,-8.828611,0.0,0.0,0.0,1.0,0.0,0.0,0.0,1.0,0.0,0.0,0.0,0.0,0.0,0.0,1.0,0.0,0.0,1.0,0.0,0.0,0.0,1.0,0.0,0.0,0.0,1.0,6.139885,,8.0,,,,,,0.0,0.0,0.0,0.0,1.0,1.0,0.0,0.0,0,1,0,0,,0,,,0,0,,,0,0,0,0,0,0,,0,0,0,0,0,0,,0,0,0,0,,,,0,1,0,0,0,0,0,,0,0,,0,0,,,,1,0,6
1464130763,1.011033,0.009025,-0.005339,0.013362,1.006274,1.011322,1.016096,2.291079,6.684572,5.043658,0.00201,0.002869,0.002273,0.050083,0.430582,0.039862,0.19951,-0.030845,0.000599,1.010528,0.006451,0.005159,0.009014,-0.086038,-0.067073,0.152587,0.01169,0.007617,0.017973,0.029068,0.009587,0.011019,0.012285,0.507485,6.592632,4.977969,0.954399,2.482825,2.171981,3.59817,0.939648,5.01808,0.258692,-0.004133,-0.00754,-0.006597,0.002344,0.008407,0.00103,-0.634527,0.135781,-0.154668,,,,,,,,,,,,,,,,,,,,,,,,,,,,,,,,1023.570625,22.040636,-3.847118,33.508399,1013.903339,1023.531143,1032.155023,2.26605,5.926694,5.045898,0.004778,0.0335,0.061528,0.164748,0.434271,2.794773,0.168746,144.554667,89.898667,-1009.045333,12.367336,19.455532,22.379409,-0.059702,-0.025653,0.113135,5.023385,0.259616,0.92791,0.490713,0.703952,4.974541,0.743475,1.470259,1.45523,1.506898,5.047144,0.006082,0.038145,0.06034,0.175179,0.999745,0.999691,0.999524,0.999468,0.998821,,,,,,,,,,3.0,0.0,0.0,,,,,21.855,,0.0,-6.907755,0.0,0.0,0.0,0.0,0.0,0.0,-0.646328,2.347353,1.58609,-0.118289,0.72681,-0.379691,0.134755,-0.492124,0.143754,-0.191969,-0.030327,-0.228098,0.036856,5.947087,0.80623,0.56273,0.366947,0.325294,0.355441,0.278062,0.380148,0.247472,0.206966,0.160462,0.169294,0.157086,9.253208,-9.153924,0.0,0.0,0.0,1.0,0.0,1.0,0.0,0.0,0.0,0.0,0.0,0.0,1.0,0.0,0.0,1.0,0.0,0.0,0.0,1.0,0.0,0.0,0.0,1.0,0.0,0.0,5.056246,1002.060059,8.0,,,0.17,,,0.0,0.0,0.0,0.0,1.0,1.0,0.0,0.0,0,1,0,0,,0,,,0,0,,,0,0,0,0,0,0,,0,0,0,0,0,0,,0,0,0,0,,,,0,1,0,0,0,0,0,,0,0,,0,0,,,,1,0,6
1464130805,1.011463,0.01076,0.020658,0.036833,1.00667,1.011176,1.015844,1.002585,6.684556,5.043578,0.001357,0.00522,0.00353,0.030818,0.430322,2.516646,0.068293,-0.030699,0.000275,1.010974,0.004974,0.004715,0.0107,0.05633,-0.26479,-0.160012,0.011846,0.005222,0.011797,0.019126,0.01005,0.011374,0.012827,0.885023,6.620096,4.998168,1.026595,1.817591,1.490105,3.603531,0.864189,6.017751,0.164249,-0.004156,-0.007951,-0.006552,0.00279,0.00525,0.002973,0.097877,0.764482,0.334322,61.512531,1.932544,-4.437127,6.882902,61.548215,61.733615,61.857206,0.314409,6.66511,5.046566,0.002823,0.005129,0.001815,0.001648,0.430676,4.742383,0.024511,-60.123057,12.882726,1.26665,1.868397,1.196124,0.503498,-0.379043,-0.060778,-0.580499,0.999931,0.999758,0.999577,0.999589,0.99961,1022.802344,19.926124,-12.134208,29.782446,1011.32784,1022.029354,1033.518263,2.147266,5.926736,5.044037,0.005442,0.0332,0.036304,0.146422,0.433061,1.477435,0.130036,127.082667,71.445333,-1012.202667,11.116407,13.814449,19.964809,-0.052213,-0.059665,-0.014021,5.087615,0.199178,0.713302,0.579081,0.965177,4.964208,0.77818,2.056863,1.356916,1.849028,5.043729,0.006332,0.031185,0.035953,0.152738,0.999755,0.999735,0.999691,0.999687,0.999668,,,,,,,,,,3.0,0.0,0.0,,,,,21.627001,,0.0,-6.907755,0.0,0.0,0.0,0.0,0.0,0.0,1.787101,1.671838,1.822714,-0.139083,0.941736,-0.510815,0.12728,-0.661395,0.223594,-0.175905,0.019571,-0.19582,0.008608,5.245988,1.160474,0.563975,0.394213,0.3088,0.384447,0.327836,0.321036,0.278826,0.191453,0.19404,0.152807,0.219083,9.129022,-9.040837,0.0,0.0,0.0,1.0,0.0,1.0,0.0,0.0,0.0,0.0,0.0,0.0,1.0,0.0,0.0,1.0,0.0,0.0,0.0,1.0,0.0,0.0,0.0,1.0,0.0,0.0,6.095825,1001.928223,8.0,,,0.17,,,0.0,0.0,0.0,0.0,1.0,1.0,0.0,0.0,0,1,0,0,,0,,,0,0,,,0,0,0,0,0,0,,0,0,0,0,0,0,,0,0,0,0,,,,0,1,0,0,0,0,0,,0,0,,0,0,,,,1,0,6
1464130893,1.011195,0.009189,0.013054,0.024746,1.006291,1.011236,1.01602,1.255076,6.684571,5.043224,0.000646,0.002028,0.003516,0.034078,0.430216,0.039861,0.163374,-0.030933,0.000983,1.010698,0.004883,0.004951,0.009179,-0.073937,-0.07072,0.105856,0.011734,0.004068,0.009104,0.015261,0.010106,0.011374,0.012694,0.862599,6.644712,4.978965,1.050717,2.416227,2.079515,3.499436,0.901032,1.751787,0.080203,-0.004189,-0.007799,-0.00688,0.002083,0.004803,0.001055,-0.474782,0.021854,-0.006574,61.521379,2.3201,-5.221029,8.014569,61.597284,61.776053,61.953015,0.154914,6.67245,5.048911,0.004065,0.006746,0.002075,0.002002,0.431353,3.627028,0.014171,-60.088748,13.022503,1.838837,2.261434,1.143386,0.465749,-0.419998,-0.134327,-0.708967,0.999945,0.999793,0.999695,0.999634,0.999592,1026.323682,20.903027,13.640429,30.587993,1016.251937,1026.185168,1035.127045,2.393087,5.926719,5.045139,0.011132,0.043054,0.040111,0.109844,0.433122,5.576853,0.124469,141.866667,143.936,-1005.973333,11.925696,19.070568,21.101136,-0.441844,-0.096079,0.031707,5.045092,0.176075,0.609809,0.288108,0.50185,5.002745,0.394554,0.854024,0.425864,0.660724,5.0465,0.010452,0.044476,0.043145,0.11706,0.999812,0.999779,0.999668,0.999373,0.998847,,,,,,,,,,3.0,0.0,0.0,,,,,21.723,,0.0,-6.907755,0.0,0.0,0.0,0.0,0.0,0.0,2.750064,1.944335,1.478024,-0.08893,0.845008,-0.462503,0.133718,-0.682906,0.178522,-0.109354,-0.007575,-0.198317,0.065071,5.70086,1.20331,0.58297,0.471662,0.396531,0.349659,0.337867,0.362259,0.281537,0.205639,0.213696,0.223836,0.207798,9.002824,-8.924697,0.0,0.0,0.0,1.0,0.0,1.0,0.0,0.0,0.0,0.0,0.0,0.0,1.0,0.0,0.0,1.0,0.0,0.0,0.0,1.0,0.0,0.0,0.0,1.0,0.0,0.0,6.135565,1001.842773,8.0,,,0.17,,,0.0,0.0,0.0,0.0,1.0,1.0,0.0,0.0,0,1,0,0,,0,,,0,0,,,0,0,0,0,0,0,,0,0,0,0,0,0,,0,0,0,0,,,,0,1,0,0,0,0,0,,0,0,,0,0,,,,1,0,6
1464130954,1.010426,0.0078,0.002905,0.01003,1.005256,1.010417,1.015766,2.558716,6.684582,5.04405,0.00047,0.002036,0.002828,0.030174,0.430356,1.235449,0.089273,-0.030512,0.000869,1.009943,0.004793,0.004659,0.00781,-0.001816,0.056476,0.024757,0.011274,0.002004,0.004018,0.007006,0.010328,0.011173,0.012099,1.098208,6.669333,5.014949,0.404188,0.912112,0.763757,2.684191,0.601083,5.951121,0.10091,-0.00424,-0.0077,-0.006748,0.001137,0.002432,0.001053,0.153036,0.046729,0.028382,61.687096,2.003969,-4.594353,7.107666,61.697609,61.881223,62.010371,0.07764,6.671416,5.046176,0.004035,0.00636,0.001778,0.001743,0.430571,3.228464,0.013992,-60.28481,12.969494,1.581418,1.938289,0.724704,0.254015,-0.698668,-0.347611,0.350386,0.999963,0.999936,0.999913,0.999905,0.999767,1026.374473,19.089852,-8.264418,27.694285,1018.13948,1026.247533,1035.18887,2.333212,5.926753,5.047353,0.004636,0.028352,0.022404,0.110488,0.433218,7.269323,0.115874,128.021333,171.925333,-1003.008,13.252002,35.058424,20.771196,-0.165853,-0.033248,0.34878,4.970895,0.481414,0.981798,0.54412,0.768913,5.088717,0.552881,0.569787,0.352632,0.618356,5.050681,0.006173,0.031716,0.023282,0.124016,0.999742,0.99964,0.99915,0.997766,0.997478,,,,,,,,,,4.0,0.0,0.0,,,,,10.937,,0.0,-6.907755,0.0,0.0,0.0,0.0,0.0,0.0,-0.967837,2.192144,1.730173,-0.202977,0.720925,-0.300468,0.244222,-0.356008,0.216377,-0.145561,0.095501,-0.157472,0.01169,5.492435,1.187105,0.516613,0.371679,0.269028,0.243422,0.284034,0.317236,0.146208,0.166953,0.142721,0.135934,0.140118,9.149316,-9.059402,0.0,0.0,0.0,1.0,0.0,1.0,0.0,0.0,0.0,0.0,0.0,0.0,1.0,0.0,0.0,1.0,0.0,0.0,0.0,1.0,0.0,0.0,0.0,1.0,0.0,0.0,6.109248,1001.859131,8.0,,,0.17,,,0.0,0.0,0.0,0.0,1.0,1.0,0.0,0.0,0,1,0,0,,0,,,0,0,,,0,0,0,0,0,0,,0,0,0,0,0,0,,0,0,0,0,,,,0,1,0,0,0,0,0,,0,0,,0,0,,,,1,0,6
1464131014,1.011125,0.009966,-0.01334,0.021645,1.006388,1.011075,1.016672,1.715555,6.684563,5.043513,0.000529,0.002915,0.006331,0.036386,0.430385,2.530985,0.147153,-0.02835,0.002045,1.010693,0.006146,0.005252,0.009948,0.210421,-0.153924,-0.036592,0.014451,0.013237,0.025256,0.037031,0.010599,0.011473,0.012816,1.046315,6.484452,4.682493,3.269207,4.513987,4.117289,5.236193,2.949952,2.548453,0.207426,-0.004379,-0.007825,-0.006859,0.006158,0.014693,0.001677,-0.948299,-0.183615,0.138246,61.859338,1.634397,-3.806404,5.962753,61.770414,62.033298,62.20954,0.161673,6.672901,5.048822,0.004626,0.003976,0.001327,0.001411,0.431241,1.932982,0.03549,-60.676915,11.9067,1.448344,1.59877,1.038524,0.24304,-0.273651,-0.19804,0.34112,0.999932,0.999825,0.999754,0.99971,0.999593,1028.240013,19.313007,-9.265897,27.225632,1018.406593,1029.050047,1037.998073,2.453163,5.926749,5.047964,0.017759,0.061052,0.034052,0.094586,0.433936,0.398373,0.124215,73.578667,260.053333,-991.914667,11.27894,13.848604,19.881064,0.246396,-0.047028,0.076848,5.063472,0.878138,1.247198,1.119503,1.53909,5.071266,0.178257,0.24912,0.176898,0.278959,5.04632,0.016932,0.068234,0.037184,0.110909,0.999776,0.999755,0.999712,0.999652,0.999405,,,,,,,,,,4.0,0.0,0.0,,,,,10.935,,0.0,-6.907755,0.0,0.0,0.0,0.0,0.0,0.0,-0.870338,2.460242,1.68033,-0.276096,0.833818,-0.207207,0.492314,-0.209175,0.047598,-0.146093,0.166599,-0.128728,0.03332,4.935288,0.609422,0.344559,0.263509,0.206419,0.224437,0.212175,0.211726,0.15393,0.125819,0.131224,0.107988,0.118183,8.74894,-8.687807,0.0,0.0,0.0,1.0,0.0,1.0,0.0,0.0,0.0,0.0,0.0,0.0,1.0,0.0,0.0,1.0,0.0,0.0,0.0,1.0,0.0,0.0,0.0,1.0,0.0,0.0,6.135565,1002.079346,8.0,,,0.17,,,0.0,0.0,0.0,0.0,1.0,1.0,0.0,0.0,0,1,0,0,,0,,,0,0,,,0,0,0,0,0,0,,0,0,0,0,0,0,,0,0,0,0,,,,0,1,0,0,0,0,0,,0,0,,0,0,,,,1,0,6
1464131074,1.010894,0.008075,0.002203,0.012322,1.005891,1.010934,1.015549,2.012996,6.68458,5.043432,0.001066,0.002362,0.00168,0.025554,0.430113,3.990078,0.086007,-0.030441,0.000684,1.010413,0.004724,0.004812,0.008075,0.079043,-0.025395,-0.003976,0.011647,0.00314,0.005805,0.009535,0.01005,0.011374,0.012716,1.324047,6.651381,5.037512,0.321553,1.023415,1.166495,2.935752,0.657581,0.67708,0.086239,-0.003936,-0.007996,-0.00679,0.001861,0.00388,0.001201,-0.209289,0.184916,0.182307,61.725901,1.60427,-3.776101,5.913224,61.752391,61.850266,61.970501,0.06809,6.669113,5.04483,0.002132,0.00402,0.001302,0.001354,0.430127,1.594456,0.017127,-60.281497,13.172741,1.574772,1.55877,0.56158,0.235389,-0.650467,-0.292586,0.209751,0.99998,0.999962,0.999936,0.999932,0.999915,1027.773756,21.476144,17.948938,36.366077,1018.28072,1027.805429,1036.764197,1.968815,5.926708,5.043765,0.008319,0.035927,0.020037,0.092488,0.432108,1.833376,0.157018,117.461333,178.346667,-1005.034667,13.330585,20.65481,21.826867,-0.100472,0.03995,0.030371,5.069428,0.443639,0.919973,0.605873,0.917155,4.966105,0.28428,0.601748,0.27089,0.551899,5.046043,0.008752,0.036157,0.022308,0.100952,0.999674,0.999519,0.9995,0.999356,0.998718,,,,,,,,,,3.0,0.0,0.0,,,,,12.53,,0.0,-6.907755,0.0,0.0,0.0,0.0,0.0,0.0,2.892356,1.987497,1.482873,-0.160021,0.791372,-0.599546,0.09371,-0.557081,0.268327,-0.082472,0.01467,-0.176402,-0.009413,5.256866,1.018763,0.538691,0.346714,0.325613,0.293724,0.305341,0.288418,0.22884,0.192391,0.211669,0.171945,0.150571,8.835938,-8.769429,0.0,0.0,0.0,1.0,0.0,1.0,0.0,0.0,0.0,0.0,0.0,0.0,1.0,0.0,0.0,1.0,0.0,0.0,0.0,1.0,0.0,0.0,0.0,1.0,0.0,0.0,6.139885,1002.037109,8.0,,,0.17,,,0.0,0.0,0.0,0.0,1.0,1.0,0.0,0.0,0,1,0,0,,0,,,0,0,,,0,0,0,0,0,0,,0,0,0,0,0,0,,0,0,0,0,,,,0,1,0,0,0,0,0,,0,0,,0,0,,,,1,0,6
1464131129,1.010737,0.007504,-0.003995,0.010165,1.006106,1.010848,1.015122,2.462816,6.684584,5.04337,0.001072,0.002025,0.002482,0.025679,0.430105,3.966067,0.095599,-0.030371,0.000667,1.010259,0.00465,0.004586,0.007514,-0.027554,0.058111,-0.012256,0.011384,0.00112,0.000521,0.001473,0.010706,0.011374,0.012099,2.52225,6.677265,5.049553,0.152124,0.274345,0.327774,1.620941,0.489715,0.418418,0.096912,-0.003973,-0.007939,-0.00696,0.00113,0.001169,0.000982,0.026601,0.041399,0.010257,,,,,,,,,,,,,,,,,,,,,,,,,,,,,,,,1031.795571,130.23978,293.68735,458.434451,1006.33195,1016.661202,1031.302063,0.688728,5.921161,5.034524,0.031511,0.164804,0.096842,0.257317,0.435443,2.948752,0.027816,179.136,-202.005333,-975.36,149.978061,118.905183,143.908475,0.314379,-0.630789,-0.815115,5.306482,0.897548,0.822623,1.014957,1.552324,5.249399,0.80142,0.508737,0.291405,1.326032,5.03358,0.012945,0.129183,0.102507,0.401824,0.986374,0.985876,0.980636,0.970146,0.861529,,,,,,,,,,4.0,0.0,0.0,,,,,10.945,,0.0,-6.907755,0.0,0.0,0.0,0.0,0.0,0.0,2.058911,2.116513,1.594805,-0.197893,0.70899,-0.43904,0.083288,-0.653271,0.078431,-0.162591,-0.003374,-0.235667,0.024764,5.746189,1.097604,0.480981,0.338429,0.335108,0.2975,0.257369,0.320521,0.293243,0.20577,0.192123,0.18277,0.187575,9.120306,-9.032854,0.0,0.0,0.0,1.0,0.0,1.0,0.0,0.0,0.0,0.0,0.0,0.0,1.0,0.0,0.0,1.0,0.0,0.0,0.0,1.0,0.0,0.0,0.0,1.0,0.0,0.0,6.131227,1001.735596,8.0,,,0.18,,,0.0,0.0,0.0,0.0,1.0,1.0,0.0,0.0,0,1,0,0,,0,,,0,0,,,0,0,0,0,0,0,,0,0,0,0,0,0,,0,0,0,0,,,,0,1,0,0,0,0,0,,0,0,,0,0,,,,1,0,4
1464131164,1.011141,0.00736,-0.00289,0.009733,1.00623,1.011129,1.016055,2.568123,6.684585,5.04275,0.000577,0.001871,0.002888,0.024853,0.429929,1.355059,0.075506,-0.030484,0.000568,1.010659,0.004718,0.004721,0.007362,0.013061,0.001775,0.032089,0.011661,0.002238,0.001755,0.003244,0.010328,0.011473,0.012872,2.304204,6.663823,5.016721,0.345591,0.864599,0.736746,2.848931,0.62141,0.438,0.092649,-0.004146,-0.008064,-0.006899,0.001212,0.002948,0.00101,0.355923,-0.050024,0.074214,61.642808,1.987629,-4.524963,7.005716,61.693395,61.849057,62.041667,0.250492,6.672693,5.044712,0.003222,0.004699,0.001734,0.001686,0.43024,7.452814,0.009307,-60.258129,12.89507,1.117547,1.915615,1.131446,0.512712,-0.458239,0.062449,-0.560875,0.999924,0.999816,0.999566,0.999668,0.999635,,,,,,,,,,,,,,,,,,,,,,,,,,,,,,,,,,,,,,,,,,,,,,,,,,,,,,,,4.0,0.0,0.0,,,,,10.847,,0.0,-6.907755,0.0,0.0,0.0,0.0,0.0,0.0,1.537925,1.534765,2.003518,-0.112512,0.790489,-0.489164,0.184655,-0.606438,0.179793,-0.118594,-0.003856,-0.187224,0.066987,6.392325,1.253419,0.548154,0.392101,0.313166,0.463286,0.218793,0.41322,0.242434,0.190173,0.166256,0.153237,0.157813,8.739056,-8.678507,0.0,0.0,0.0,1.0,0.0,1.0,0.0,0.0,0.0,0.0,0.0,0.0,1.0,0.0,0.0,0.0,0.0,1.0,0.0,1.0,0.0,0.0,0.0,1.0,0.0,0.0,6.135565,1001.625,8.0,,,0.18,,,0.0,0.0,0.0,0.0,1.0,1.0,0.0,0.0,0,1,0,0,,0,,,0,0,,,0,0,0,0,0,0,,0,0,0,0,0,0,,0,0,0,0,,,,0,1,0,0,0,0,0,,0,0,,0,0,,,,1,0,4
1464131229,1.009982,0.008349,-0.006826,0.01382,1.004754,1.010216,1.015029,1.877671,6.684578,5.043017,0.000367,0.002525,0.004395,0.036706,0.430226,0.339117,0.101759,-0.030349,0.000587,1.009501,0.005073,0.004981,0.008347,0.038426,-0.065963,-0.049408,0.012441,0.016075,0.042609,0.072549,0.01005,0.010916,0.011886,0.12653,6.46811,4.881453,3.970367,3.910524,4.821388,5.827405,4.330826,6.253366,0.029552,-0.003912,-0.007442,-0.006737,0.007714,0.015362,0.001269,-0.963296,0.176523,-0.057875,,,,,,,,,,,,,,,,,,,,,,,,,,,,,,,,,,,,,,,,,,,,,,,,,,,,,,,,,,,,,,,,,,,,,,,,,,,,,,,,,,,,,,,3.0,0.0,0.0,,,,,12.541,,0.0,-6.907755,0.0,0.0,0.0,0.0,0.0,0.0,-0.467428,1.847771,1.620512,-0.020955,0.789147,-0.474326,0.235735,-0.434529,0.274473,-0.096504,-0.070455,-0.190078,0.032651,5.536494,1.157287,0.455836,0.375565,0.345069,0.295009,0.276403,0.33361,0.223799,0.182596,0.192925,0.169239,0.152628,9.244065,-9.145642,0.0,0.0,0.0,1.0,0.0,1.0,0.0,0.0,0.0,0.0,0.0,0.0,1.0,0.0,0.0,1.0,0.0,0.0,0.0,1.0,0.0,0.0,0.0,1.0,0.0,0.0,6.135565,1001.767334,8.0,,,0.18,,,0.0,0.0,0.0,0.0,1.0,1.0,0.0,0.0,0,1,0,0,,0,,,0,0,,,0,0,0,0,0,0,,0,0,0,0,0,0,,0,0,0,0,,,,0,1,0,0,0,0,0,,0,0,,0,0,,,,1,0,4
1464131270,1.010907,0.009168,0.009357,0.017222,1.005709,1.010565,1.015717,1.695594,6.684571,5.043737,0.001476,0.004228,0.004406,0.055996,0.430768,0.119404,0.19282,-0.030598,0.000707,1.01042,0.004711,0.004992,0.00916,0.019791,-0.063232,0.026698,0.011587,0.002875,0.004425,0.006813,0.01005,0.011173,0.012559,1.59637,6.650942,5.071202,0.862247,1.345339,1.844356,3.68186,0.919681,0.15942,0.175954,-0.004151,-0.007748,-0.006731,0.001701,0.003997,0.001045,-0.276834,0.018597,0.071794,,,,,,,,,,,,,,,,,,,,,,,,,,,,,,,,,,,,,,,,,,,,,,,,,,,,,,,,,,,,,,,,,,,,,,,,,,,,,,,,,,,,,,,3.0,0.0,0.0,,,,,12.435,,0.0,-6.907755,0.0,0.0,0.0,0.0,0.0,0.0,1.925525,1.800303,1.847519,-0.367992,0.867505,-0.480062,-0.01515,-0.719427,0.221799,-0.161643,-0.013972,-0.197321,0.057594,5.293033,1.207314,0.471331,0.368964,0.377233,0.366401,0.285861,0.294286,0.221814,0.216349,0.204792,0.154648,0.174955,9.245418,-9.146868,0.0,0.0,0.0,1.0,0.0,1.0,0.0,0.0,0.0,0.0,0.0,0.0,1.0,0.0,0.0,1.0,0.0,0.0,0.0,1.0,0.0,0.0,0.0,1.0,0.0,0.0,6.142037,1001.715332,8.0,,,0.18,,,0.0,0.0,0.0,0.0,1.0,1.0,0.0,0.0,0,1,0,0,,0,,,0,0,,,0,0,0,0,0,0,,0,0,0,0,0,0,,0,0,0,0,,,,0,1,0,0,0,0,0,,0,0,,0,0,,,,1,0,4
1464131330,1.010731,0.009386,0.014643,0.026462,1.005903,1.010553,1.015177,1.181338,6.684569,5.043041,0.000904,0.003882,0.003195,0.038283,0.430263,1.316517,0.121025,-0.030185,0.000455,1.010256,0.004808,0.00514,0.009383,-0.026368,0.000604,-0.059966,0.011229,0.003739,0.008249,0.01396,0.009587,0.010916,0.012274,0.915504,6.636069,4.986772,1.543608,2.476673,2.050421,3.587489,0.949008,2.110532,0.087919,-0.004153,-0.007341,-0.006576,0.001757,0.004634,0.001061,-0.325379,-0.004721,-0.010545,,,,,,,,,,,,,,,,,,,,,,,,,,,,,,,,,,,,,,,,,,,,,,,,,,,,,,,,,,,,,,,,,,,,,,,,,,,,,,,,,,,,,,,3.0,0.0,0.0,,,,,12.533,,0.0,-6.907755,0.0,0.0,0.0,0.0,0.0,0.0,2.745228,1.775751,1.773364,-0.068944,0.826225,-0.531768,0.157882,-0.680479,0.217598,-0.101827,-0.006706,-0.204149,0.12662,5.629069,1.060845,0.450559,0.337152,0.301622,0.345151,0.274994,0.351739,0.235401,0.1956,0.162426,0.202457,0.16781,8.625689,-8.571456,0.0,0.0,0.0,1.0,0.0,1.0,0.0,0.0,0.0,0.0,0.0,0.0,1.0,0.0,0.0,1.0,0.0,0.0,0.0,1.0,0.0,0.0,0.0,1.0,0.0,0.0,6.139885,1001.719727,8.0,,,0.18,,,0.0,0.0,0.0,0.0,1.0,1.0,0.0,0.0,0,1,0,0,,0,,,0,0,,,0,0,0,0,0,0,,0,0,0,0,0,0,,0,0,0,0,,,,0,1,0,0,0,0,0,,0,0,,0,0,,,,1,0,4
1464131435,1.011289,0.007921,0.005291,0.012562,1.006255,1.011342,1.016348,1.981093,6.684581,5.04334,0.000539,0.002428,0.002995,0.031642,0.430204,2.433845,0.121899,-0.030803,0.001469,1.010795,0.004683,0.004952,0.007921,-0.017647,0.009316,0.05459,0.011544,0.003342,0.00661,0.010434,0.01005,0.011173,0.012354,1.13425,6.650206,4.992551,0.933554,2.099379,2.180381,3.306994,0.836892,0.85631,0.259596,-0.004297,-0.007636,-0.006715,0.002079,0.004122,0.001111,-0.284369,0.027018,-0.030103,61.758384,1.633689,-3.822825,5.982318,61.727756,61.9034,62.033906,0.068015,6.670367,5.046747,0.001629,0.004427,0.001342,0.001403,0.430719,2.471114,0.023001,-60.348897,13.026236,1.441445,1.573433,0.703536,0.215123,-0.62727,-0.276078,0.221314,0.999964,0.999918,0.999897,0.999901,0.999852,,,,,,,,,,,,,,,,,,,,,,,,,,,,,,,,,,,,,,,,,,,,,,,,,,,,,,,,3.0,0.0,0.0,,,,,12.918,,0.0,-6.907755,0.0,0.0,0.0,0.0,0.0,0.0,-1.848407,1.955743,1.422448,-0.240548,0.808003,-0.187678,0.235711,-0.381961,0.056439,-0.097837,0.093161,-0.183209,0.001675,6.213004,0.942733,0.687657,0.292206,0.342503,0.28758,0.247453,0.209551,0.26453,0.161007,0.166059,0.133621,0.14276,9.405743,-9.291004,0.0,0.0,0.0,1.0,0.0,1.0,0.0,0.0,0.0,0.0,0.0,0.0,1.0,0.0,0.0,1.0,0.0,0.0,0.0,1.0,0.0,0.0,0.0,1.0,0.0,0.0,6.135565,1001.779541,8.0,,,0.19,,,0.0,0.0,0.0,0.0,1.0,1.0,0.0,0.0,0,1,0,0,,0,,,0,0,,,0,0,0,0,0,0,,0,0,0,0,0,0,,0,0,0,0,,,,0,1,0,0,0,0,0,,0,0,,0,0,,,,1,0,4
1464131486,1.010874,0.00917,-0.008678,0.019843,1.006158,1.010513,1.015683,1.509952,6.68457,5.043132,0.000601,0.001914,0.001965,0.033755,0.43016,0.0796,0.15055,-0.030696,0.000677,1.010383,0.005208,0.00485,0.009155,-0.033679,-0.115582,0.106839,0.011602,0.00471,0.011258,0.019151,0.009993,0.011173,0.012514,0.642629,6.634399,4.962319,0.867954,1.521088,1.543639,3.007023,0.694123,2.349414,0.137744,-0.003976,-0.007576,-0.006744,0.002234,0.00409,0.00405,-0.033882,0.585511,0.33195,61.766599,1.589322,-3.696676,5.796926,61.776053,61.934604,62.083071,0.286497,6.669123,5.041855,0.007263,0.003754,0.001298,0.00133,0.429596,0.31888,0.014803,-60.372335,12.921244,1.460558,1.529342,1.046621,0.542008,-0.386935,-0.152664,-0.556932,0.99993,0.999794,0.999583,0.999702,0.999755,,,,,,,,,,,,,,,,,,,,,,,,,,,,,,,,,,,,,,,,,,,,,,,,,,,,,,,,3.0,0.0,0.0,,,,,12.913,,0.0,-6.907755,0.0,0.0,0.0,0.0,0.0,0.0,3.118251,2.064669,1.690238,-0.242725,0.784821,-0.504916,0.169178,-0.58577,0.226013,-0.113574,0.025678,-0.170753,0.057218,5.509297,1.137909,0.474611,0.398007,0.309752,0.325581,0.258759,0.276935,0.189002,0.153725,0.154356,0.155349,0.180741,8.537388,-8.487627,0.0,0.0,0.0,1.0,0.0,1.0,0.0,0.0,0.0,0.0,0.0,0.0,1.0,0.0,0.0,1.0,0.0,0.0,0.0,1.0,0.0,0.0,0.0,1.0,0.0,0.0,6.142037,1001.62915,8.0,,,0.19,,,0.0,0.0,0.0,0.0,1.0,1.0,0.0,0.0,0,1,0,0,,0,,,0,0,,,0,0,0,0,0,0,,0,0,0,0,0,0,,0,0,0,0,,,,0,1,0,0,0,0,0,,0,0,,0,0,,,,1,0,4
1464131546,1.012177,0.0168,-0.042601,0.074471,1.007631,1.012272,1.017869,0.704561,6.684458,5.041535,0.00632,0.044394,0.029509,0.218724,0.433908,0.179092,0.099603,-0.031116,0.000351,1.011672,0.004892,0.005315,0.016823,0.035272,-0.038379,0.133689,0.012722,0.013582,0.03346,0.054273,0.010328,0.011374,0.012423,0.148868,6.513478,4.957786,3.965189,3.809001,4.987153,5.5799,3.912968,3.383105,0.056766,-0.004059,-0.007563,-0.007189,0.006493,0.013238,0.001888,-0.961007,0.094446,-0.086435,,,,,,,,,,,,,,,,,,,,,,,,,,,,,,,,,,,,,,,,,,,,,,,,,,,,,,,,,,,,,,,,,,,,,,,,,,,,,,,,,,,,,,,4.0,0.0,0.0,,,,,10.864,,0.0,-6.907755,0.0,0.0,0.0,0.0,0.0,0.0,-1.523048,1.926841,1.636291,-0.071955,0.807101,-0.333745,0.213148,-0.527151,0.169552,-0.070174,0.078179,-0.205767,-0.007903,5.414906,1.212318,0.538102,0.461687,0.338837,0.324995,0.27224,0.308156,0.249851,0.176815,0.170086,0.154806,0.136257,9.498297,-9.373102,0.0,0.0,0.0,1.0,0.0,1.0,0.0,0.0,0.0,0.0,0.0,0.0,1.0,0.0,0.0,1.0,0.0,0.0,0.0,1.0,0.0,0.0,0.0,1.0,0.0,0.0,6.139885,1001.637695,8.0,,,0.19,,,0.0,0.0,0.0,0.0,1.0,1.0,0.0,0.0,0,1,0,0,,0,,,0,0,,,0,0,0,0,0,0,,0,0,0,0,0,0,,0,0,0,0,,,,0,1,0,0,0,0,0,,0,0,,0,0,,,,1,0,4
1464131570,1.012275,0.00705,-0.002651,0.009505,1.007702,1.012293,1.016736,2.430806,6.684587,5.043202,0.000866,0.002373,0.001332,0.02392,0.430018,3.386993,0.105628,-0.031639,0.003439,1.011753,0.004515,0.004711,0.007055,0.0178,0.018547,0.048258,0.011652,0.002563,0.002445,0.003932,0.010007,0.011473,0.012872,2.235722,6.653593,5.044691,0.245529,0.740893,1.09371,3.09659,0.679359,3.682441,0.108104,-0.004592,-0.007799,-0.006714,0.001523,0.003437,0.001102,0.56114,0.201335,0.192823,,,,,,,,,,,,,,,,,,,,,,,,,,,,,,,,1006.593101,18.874571,-15.169295,28.65854,998.46281,1007.047169,1014.676299,2.253958,5.92675,5.045907,0.004575,0.02389,0.036999,0.115111,0.433069,0.278843,0.155269,377.024,-379.541333,-852.010667,18.316825,24.19659,23.32472,0.296603,-0.076273,-0.385019,5.028916,0.176493,0.31163,0.173395,0.188345,5.011467,0.42738,0.296304,0.112177,0.164463,5.058331,0.034693,0.054368,0.04721,0.208461,0.999449,0.999171,0.998709,0.998767,0.999557,,,,,,,,,,3.0,0.0,0.0,,,,,10.0,,0.0,-6.907755,0.0,0.0,0.0,0.0,0.0,0.0,-1.77,1.9311,1.8543,-0.119028,0.768238,-0.176169,0.225652,-0.371241,0.237036,-0.09341,0.043994,-0.173244,0.023274,5.828391,1.137678,0.5567,0.333498,0.27173,0.255628,0.226872,0.244435,0.182911,0.138178,0.13367,0.138922,0.132477,9.095715,-9.010299,0.0,0.0,0.0,1.0,0.0,1.0,0.0,0.0,0.0,0.0,0.0,0.0,1.0,0.0,0.0,1.0,0.0,0.0,0.0,1.0,0.0,0.0,0.0,1.0,0.0,0.0,6.142037,1001.675781,8.0,,,0.19,,,0.0,0.0,0.0,0.0,1.0,1.0,0.0,0.0,0,1,0,0,,0,,,0,0,,,0,0,0,0,0,0,,0,0,0,0,0,0,,0,0,0,0,,,,0,1,0,0,0,0,0,,0,0,,0,0,,,,1,0,4
1464131653,1.009938,0.03292,-0.095515,0.166521,1.006641,1.011245,1.016027,0.621699,6.683787,5.045639,0.004168,0.018618,0.019702,0.147867,0.433292,2.630408,0.028668,-0.031795,0.00102,1.009367,0.004955,0.005921,0.03414,-0.140295,0.119383,-0.465269,0.013762,0.047481,0.137985,0.238765,0.010106,0.011173,0.012514,0.028936,6.116078,3.958539,3.369355,4.685426,4.520174,6.153629,4.907506,5.098878,0.004993,-0.004244,-0.008268,-0.00681,0.019786,0.043794,0.001297,-0.989055,0.518,-0.512382,62.260837,1.69893,-3.934975,6.146404,62.264081,62.398025,62.571773,0.2609,6.669073,5.046207,0.006784,0.003779,0.001356,0.001445,0.430696,3.407789,0.007463,-60.754112,13.515685,1.320533,1.64159,0.906379,0.549755,-0.452971,-0.137379,-0.588771,0.999945,0.999856,0.999686,0.999737,0.999895,1016.796701,20.732453,14.009852,29.734334,1005.616229,1015.275332,1027.43175,2.314672,5.926719,5.045623,0.007171,0.031384,0.050629,0.15457,0.433808,3.427845,0.149336,-115.690667,-127.061333,-1002.026667,10.558298,13.030179,20.922443,0.04751,0.002452,0.007604,5.055539,0.515788,0.79001,0.677379,0.879114,5.050128,0.498561,1.011342,0.533202,0.924416,5.045371,0.006887,0.032941,0.056693,0.160401,0.999765,0.999734,0.999733,0.999709,0.999662,,,,,,,,,,3.0,0.0,0.0,,,,,12.427,,0.0,-6.907755,0.0,0.0,0.0,0.0,0.0,0.0,-2.944413,1.707765,1.813968,-0.315211,0.914148,-0.512335,0.182469,-0.610965,0.235862,-0.226159,0.079556,-0.039732,-0.010574,5.732915,1.173028,0.533758,0.463551,0.330184,0.368365,0.238937,0.298559,0.230702,0.203763,0.167289,0.206141,0.189362,10.342194,-10.07206,0.0,0.0,0.0,1.0,0.0,1.0,0.0,0.0,0.0,0.0,0.0,0.0,1.0,0.0,0.0,1.0,0.0,0.0,0.0,1.0,0.0,0.0,0.0,1.0,0.0,0.0,6.135565,1001.701904,8.0,,,0.19,,,0.0,0.0,0.0,0.0,1.0,1.0,0.0,0.0,0,1,0,0,,0,,,0,0,,,0,0,0,0,0,0,,0,0,0,0,0,0,,0,0,0,0,,,,0,1,0,0,0,0,0,,0,0,,0,0,,,,1,0,4
1464131729,1.011802,0.019898,0.045157,0.077293,1.006292,1.011201,1.016179,0.652488,6.684431,5.044021,0.007481,0.041077,0.028148,0.28099,0.435573,0.119568,0.142968,-0.032899,0.00112,1.011215,0.007551,0.007183,0.019796,-0.091519,-0.111569,-0.304173,0.014282,0.034387,0.089145,0.148029,0.010064,0.011173,0.012514,0.073489,6.207885,4.514515,3.775154,4.618761,4.680151,6.266076,5.187198,1.811426,0.04657,-0.004503,-0.007481,-0.006898,0.015819,0.030516,0.009006,-0.968037,-0.258411,0.085726,,,,,,,,,,,,,,,,,,,,,,,,,,,,,,,,1030.022589,136.679342,293.217025,445.152145,1004.756687,1015.621977,1024.249958,0.42158,5.920421,5.031704,0.037735,0.100402,0.038974,0.154086,0.431686,3.431056,0.020137,-104.469333,-289.066667,-963.776,183.629405,124.226603,84.487935,0.377916,-0.473872,-0.689106,5.02508,0.888633,2.54918,1.90858,2.753569,5.247483,0.236688,0.489779,0.390253,0.505597,5.024235,0.011246,0.05288,0.061328,0.19155,0.989695,0.990292,0.986359,0.977017,0.887679,,,,,,,,,,3.0,0.0,0.0,,,,,12.431,,0.0,-6.907755,0.0,0.0,0.0,0.0,0.0,0.0,-4.397429,2.122065,1.714789,0.039234,0.786034,-0.30265,0.319872,-0.524688,0.197954,-0.065087,0.108544,-0.189301,-0.07934,5.341634,1.247251,0.586246,0.445328,0.31768,0.284275,0.262237,0.3658,0.218094,0.166992,0.137063,0.171097,0.145927,10.342742,-10.072478,0.0,0.0,0.0,1.0,0.0,1.0,0.0,0.0,0.0,0.0,0.0,0.0,1.0,0.0,0.0,1.0,0.0,0.0,0.0,1.0,0.0,0.0,0.0,1.0,0.0,0.0,6.131227,1001.637207,8.0,,,0.19,,,0.0,0.0,0.0,0.0,1.0,1.0,0.0,0.0,0,1,0,0,,0,,,0,0,,,0,0,0,0,0,0,,0,0,0,0,0,0,,0,0,0,0,,,,0,1,0,0,0,0,0,,0,0,,0,0,,,,1,0,4
1464131751,1.011945,0.012922,-0.030181,0.052408,1.007239,1.012279,1.017819,0.889659,6.684525,5.043509,0.001344,0.009174,0.009171,0.065212,0.431004,0.935432,0.078998,-0.034234,0.00058,1.011338,0.005421,0.005108,0.012911,-0.021829,-0.223037,0.067351,0.011781,0.007338,0.021181,0.036944,0.009993,0.011374,0.012694,0.353383,6.617411,4.877232,1.639596,3.029594,2.863707,4.786133,1.75421,6.090367,0.050574,-0.004589,-0.007816,-0.006576,0.003214,0.007435,0.001285,-0.737801,0.029866,0.020674,,,,,,,,,,,,,,,,,,,,,,,,,,,,,,,,1012.40545,20.779086,-15.822048,33.82438,1003.322481,1011.580941,1023.562406,2.110107,5.926715,5.04636,0.010523,0.063337,0.045633,0.130501,0.434077,1.75296,0.150949,-99.904,-227.690667,-980.928,10.082929,27.294547,22.5015,0.009039,-0.088559,-0.286099,5.049132,0.238413,0.854001,0.935379,1.06206,4.960506,0.274,0.529626,0.213474,0.443397,5.051752,0.013807,0.072037,0.051617,0.145316,0.99973,0.999686,0.999423,0.998741,0.997996,,,,,,,,,,4.0,0.0,0.0,,,,,10.0,,0.0,-6.907755,0.0,0.0,0.0,0.0,0.0,0.0,1.858259,2.382034,1.394805,-0.04855,0.719791,-0.434697,0.186745,-0.632449,0.176217,-0.078234,0.06341,-0.209472,0.028992,5.590754,0.978608,0.514937,0.362762,0.391087,0.31335,0.336844,0.287752,0.20098,0.205665,0.17401,0.170821,0.202188,9.042158,-8.961021,0.0,0.0,0.0,1.0,0.0,1.0,0.0,0.0,0.0,0.0,0.0,0.0,1.0,0.0,0.0,1.0,0.0,0.0,0.0,1.0,0.0,0.0,0.0,1.0,0.0,0.0,6.135565,1001.983154,8.0,,,0.19,,,0.0,0.0,0.0,0.0,1.0,1.0,0.0,0.0,0,1,0,0,,0,,,0,0,,,0,0,0,0,0,0,,0,0,0,0,0,0,,0,0,0,0,,,,0,1,0,0,0,0,0,,0,0,,0,0,,,,1,0,4
1464131810,1.010994,0.009016,0.010205,0.020308,1.006107,1.01111,1.016127,1.454321,6.684572,5.043793,0.001609,0.003516,0.003749,0.051125,0.430686,0.05984,0.120052,-0.033328,0.000127,1.01042,0.005114,0.004822,0.009012,-0.044104,-0.034097,-0.011904,0.011194,0.002669,0.006511,0.011331,0.010328,0.011173,0.01191,0.827867,6.653735,5.07411,0.77113,1.032683,0.77262,2.028753,0.563452,7.126295,0.105174,-0.004422,-0.00743,-0.006448,0.001937,0.002458,0.002511,0.257417,0.66671,0.406704,,,,,,,,,,,,,,,,,,,,,,,,,,,,,,,,1017.328676,44.948528,41.093359,104.604003,1005.870767,1016.818568,1029.174426,1.20583,5.925952,5.045788,0.121985,0.258021,0.10359,0.840506,0.45255,0.11952,0.339097,-94.656,-35.925333,-946.432,53.956492,250.451102,255.650209,-0.458713,-0.759722,0.818158,5.696354,3.233181,1.684049,0.971203,1.269217,6.675614,4.996573,3.946331,1.878756,0.990962,5.118358,3.234852,2.203974,0.399693,1.170529,0.962307,0.888384,0.845477,0.878343,0.984049,,,,,,,,,,3.0,0.0,0.0,,,,,12.435,,0.0,-6.907755,0.0,0.0,0.0,0.0,0.0,0.0,2.259725,1.676388,1.324451,-0.129311,0.738664,-0.440469,0.150197,-0.598225,-0.02075,-0.031398,0.129093,-0.161447,0.056702,5.537812,1.316207,0.67631,0.445761,0.364316,0.371589,0.265403,0.338839,0.247271,0.247194,0.219237,0.236839,0.186237,9.693877,-9.543579,0.0,0.0,0.0,1.0,0.0,1.0,0.0,0.0,0.0,0.0,0.0,0.0,1.0,0.0,0.0,1.0,0.0,0.0,0.0,1.0,0.0,0.0,0.0,1.0,0.0,0.0,6.131227,1001.716064,8.0,,,0.19,,,0.0,0.0,0.0,0.0,1.0,1.0,0.0,0.0,0,1,0,0,,0,,,0,0,,,0,0,0,0,0,0,,0,0,0,0,0,0,,0,0,0,0,,,,0,1,0,0,0,0,0,,0,0,,0,0,,,,1,0,4
1464131870,1.013417,0.007766,-0.001829,0.010125,1.008298,1.013479,1.018965,2.656063,6.684582,5.043088,0.000372,0.001615,0.002414,0.029671,0.430087,0.679044,0.084843,-0.033865,-0.00084,1.012828,0.004676,0.00486,0.007768,-0.00348,-0.006583,0.028791,0.011351,0.001478,0.001072,0.002322,0.010492,0.011374,0.012099,2.067729,6.671109,5.050173,0.191622,0.392702,0.271865,1.828526,0.504928,0.936688,0.118959,-0.003913,-0.007723,-0.007116,0.001172,0.001708,0.001071,0.10189,0.032599,0.115126,,,,,,,,,,,,,,,,,,,,,,,,,,,,,,,,1017.364984,20.988857,-14.189994,32.609002,1010.283129,1018.673647,1026.652814,2.227756,5.926713,5.047851,0.003881,0.031616,0.031188,0.142868,0.433908,4.426088,0.108962,-52.352,50.069333,-1014.656,10.094161,12.351539,21.050455,-0.037277,0.02833,0.049035,5.013949,1.025902,2.268486,1.555231,2.154276,5.082263,1.19162,2.429107,1.901623,2.223244,5.04789,0.003574,0.031815,0.031834,0.143942,0.999773,0.999753,0.999737,0.999751,0.999813,,,,,,,,,,3.0,0.0,0.0,,,,,21.844,,0.0,-6.907755,0.0,0.0,0.0,0.0,0.0,0.0,1.333397,2.217659,1.70297,-0.057849,0.805603,-0.318807,0.14328,-0.474628,0.15566,-0.114202,0.078456,-0.159443,0.005927,5.683941,0.979164,0.476199,0.312537,0.282773,0.310834,0.23198,0.308204,0.194821,0.167911,0.185067,0.165563,0.160266,8.716863,-8.657604,0.0,0.0,0.0,1.0,0.0,1.0,0.0,0.0,0.0,0.0,0.0,0.0,1.0,0.0,0.0,1.0,0.0,0.0,0.0,1.0,0.0,0.0,0.0,1.0,0.0,0.0,6.104793,1001.682129,8.0,,,0.2,,,0.0,0.0,0.0,0.0,1.0,1.0,0.0,0.0,0,1,0,0,,0,,,0,0,,,0,0,0,0,0,0,,0,0,0,0,0,0,,0,0,0,0,,,,0,1,0,0,0,0,0,,0,0,,0,0,,,,1,0,4
1464131932,1.018934,0.00993,0.007795,0.016757,1.012974,1.018854,1.024131,1.861634,6.684564,5.041406,0.001516,0.003665,0.003922,0.037952,0.429844,1.494641,0.114388,-0.036636,-0.001424,1.018249,0.005256,0.004821,0.009901,-0.028143,-0.153521,0.006949,0.01428,0.006271,0.012316,0.018502,0.012285,0.013262,0.014371,0.997709,6.624758,4.899045,0.821709,2.462623,2.021271,3.421661,0.849273,0.697338,0.182333,-0.005206,-0.009679,-0.007151,0.00278,0.00787,0.001278,-0.896662,-0.049941,0.049864,,,,,,,,,,,,,,,,,,,,,,,,,,,,,,,,1020.276305,18.300629,-10.572465,26.791583,1012.971865,1021.340296,1029.609635,2.328052,5.857772,5.049675,0.00939,0.028357,0.020108,0.111653,0.433812,1.315097,0.17536,-50.834286,94.331429,-1014.514286,10.029156,11.551815,18.516049,0.022313,-0.03739,0.113323,5.044076,1.439597,2.194003,1.340145,2.098882,5.020044,0.411803,1.216595,1.068736,1.33805,5.049862,0.010462,0.03102,0.021273,0.114195,0.999776,0.999769,0.999767,0.999764,0.99975,,,,,,,,,,4.0,0.0,0.0,,,,,21.812,,0.0,-6.907755,0.0,0.0,0.0,0.0,0.0,0.0,2.067937,2.101426,2.026487,-0.399826,0.783024,0.062271,0.514116,-0.204537,0.037079,-0.193586,0.124532,-0.215335,-0.006279,4.770143,0.463173,0.329262,0.227382,0.21424,0.129207,0.118146,0.107205,0.104149,0.105145,0.115104,0.085716,0.098024,7.437795,-7.420948,0.0,0.0,0.0,1.0,0.0,1.0,0.0,0.0,0.0,0.0,0.0,0.0,1.0,0.0,0.0,1.0,0.0,0.0,0.0,1.0,0.0,0.0,0.0,1.0,0.0,0.0,6.131227,1001.517578,8.0,,,0.19,,,0.0,0.0,0.0,0.0,1.0,1.0,0.0,0.0,0,1,0,0,,0,,,0,0,,,0,0,0,0,0,0,,0,0,0,0,0,0,,0,0,0,0,,,,0,1,0,0,0,0,0,,0,0,,0,0,,,,1,0,4
1464131990,1.016092,0.007517,-0.003196,0.009964,1.010894,1.016009,1.02122,2.423714,6.684584,5.042601,0.00084,0.003243,0.002134,0.023287,0.429875,4.783575,0.077761,-0.036632,0.001755,1.015406,0.004931,0.004981,0.007524,0.024569,0.033806,-0.004521,0.012947,0.004689,0.011968,0.020653,0.011473,0.012514,0.01392,0.819612,6.647905,4.994692,0.619779,1.013616,0.956345,2.623173,0.599876,3.04829,0.193523,-0.004834,-0.009527,-0.006139,0.002956,0.004172,0.003411,0.363792,0.824956,0.536642,,,,,,,,,,,,,,,,,,,,,,,,,,,,,,,,1019.487081,19.511674,12.305872,29.30686,1011.691653,1020.274473,1028.894552,2.35429,5.926743,5.046902,0.010274,0.042951,0.034173,0.119227,0.433607,1.79652,0.108792,-40.618667,92.842667,-1014.293333,11.106331,12.86377,19.626087,-0.092513,0.009542,0.04906,5.068562,1.237445,2.231257,2.005202,2.584582,5.039709,0.357829,1.296388,0.935316,1.443193,5.046918,0.009747,0.043705,0.035002,0.121056,0.99977,0.999752,0.999741,0.999712,0.999573,,,,,,,,,,3.0,0.0,0.0,,,,,21.861,,0.0,-6.907755,0.0,0.0,0.0,0.0,0.0,0.0,1.346675,2.589226,1.521856,-0.354251,0.66811,-0.35858,0.288519,-0.375259,-0.014934,-0.207941,0.040882,-0.169417,-0.033302,5.495022,1.043422,0.43591,0.467477,0.396788,0.303581,0.322677,0.302634,0.253257,0.20974,0.231816,0.20954,0.205088,9.109304,-9.022768,0.0,0.0,0.0,1.0,0.0,1.0,0.0,0.0,0.0,0.0,0.0,0.0,1.0,0.0,0.0,1.0,0.0,0.0,0.0,1.0,0.0,0.0,0.0,1.0,0.0,0.0,6.131227,1001.586914,8.0,,,0.19,,,0.0,0.0,0.0,0.0,1.0,1.0,0.0,0.0,0,1,0,0,,0,,,0,0,,,0,0,0,0,0,0,,0,0,0,0,0,0,,0,0,0,0,,,,0,1,0,0,0,0,0,,0,0,,0,0,,,,1,0,4
1464132089,1.01419,0.009308,-0.004928,0.0211,1.009101,1.01399,1.019133,1.355119,6.68457,5.044591,0.001518,0.00504,0.004455,0.047995,0.430879,1.912815,0.094592,-0.033855,-0.000413,1.013593,0.006479,0.004768,0.009291,-0.033072,-0.086668,0.024503,0.014588,0.018653,0.045044,0.075585,0.010706,0.011718,0.012694,0.222095,6.423845,4.999502,4.377715,4.134665,4.603106,5.67472,4.116791,5.036566,0.16598,-0.005259,-0.008252,-0.00599,0.008417,0.018669,0.003118,-0.968951,0.019941,0.015155,,,,,,,,,,,,,,,,,,,,,,,,,,,,,,,,1020.107436,19.687075,-8.336534,28.137873,1011.675837,1019.929409,1028.552381,2.420441,5.92674,5.045302,0.008916,0.027099,0.032139,0.117656,0.432859,2.3952,0.183712,-37.845333,81.984,-1015.978667,10.482115,11.669665,19.859764,0.011095,-0.033014,0.100705,5.058343,1.593887,2.806985,1.902554,2.442819,5.074512,0.499999,1.709603,1.015345,1.463569,5.04507,0.009989,0.027846,0.032534,0.120034,0.999777,0.999758,0.999752,0.999755,0.999762,,,,,,,,,,3.0,0.0,0.0,,,,,21.722,,0.0,-6.907755,0.0,0.0,0.0,0.0,0.0,0.0,-2.160778,1.88991,1.948359,-0.312554,0.973584,-0.208806,0.315197,-0.356327,0.175242,-0.155751,0.01847,-0.202188,0.024098,5.954098,0.821502,0.522682,0.40808,0.321143,0.339486,0.23958,0.285916,0.218873,0.173676,0.159067,0.151671,0.132339,9.498822,-9.373565,0.0,0.0,0.0,1.0,0.0,1.0,0.0,0.0,0.0,0.0,0.0,0.0,1.0,0.0,0.0,1.0,0.0,0.0,0.0,1.0,0.0,0.0,0.0,1.0,0.0,0.0,6.131227,1001.588135,8.0,,,0.19,,,0.0,0.0,0.0,0.0,1.0,1.0,0.0,0.0,0,1,0,0,,0,,,0,0,,,0,0,0,0,0,0,,0,0,0,0,0,0,,0,0,0,0,,,,0,1,0,0,0,0,0,,0,0,,0,0,,,,1,0,4
1464132149,1.013279,0.007503,-0.00127,0.009808,1.008207,1.013313,1.018602,2.617443,6.684584,5.043531,0.000434,0.002707,0.002082,0.025387,0.430136,0.55858,0.120075,-0.034733,-0.000827,1.012661,0.004802,0.004785,0.007505,-0.052485,-0.014322,-0.003949,0.011712,0.004473,0.009539,0.015274,0.010092,0.011173,0.012331,0.8641,6.630476,4.977502,2.132836,3.364844,2.607493,3.684777,1.203235,0.816581,0.080748,-0.005434,-0.007718,-0.005937,0.002299,0.005131,0.001106,-0.642887,-0.09401,0.13048,,,,,,,,,,,,,,,,,,,,,,,,,,,,,,,,1024.349861,30.798667,-38.349105,63.589699,1012.95607,1025.030731,1037.273329,1.756055,5.926464,5.051196,0.006194,0.040641,0.051325,0.168637,0.435704,0.279421,0.111005,195.434667,64.746667,-1000.042667,30.626183,75.750308,33.059757,-0.705711,0.173425,-0.35423,4.969679,0.405492,0.557229,0.32573,0.540632,5.460962,1.143877,1.603604,1.074969,1.060793,5.055595,0.010098,0.048108,0.057136,0.181924,0.999354,0.998246,0.995099,0.99147,0.979709,,,,,,,,,,3.0,0.0,0.0,,,,,12.8,,0.0,-6.907755,0.0,0.0,0.0,0.0,0.0,0.0,0.787338,2.263763,1.663596,-0.233049,0.950685,-0.256626,0.142819,-0.448751,0.221436,-0.089123,0.02685,-0.192215,0.018914,5.314899,0.728015,0.458552,0.260438,0.299364,0.242027,0.235832,0.275783,0.189407,0.135558,0.128138,0.124253,0.142933,8.437067,-8.39195,0.0,0.0,0.0,1.0,0.0,1.0,0.0,0.0,0.0,0.0,0.0,0.0,1.0,0.0,0.0,1.0,0.0,0.0,0.0,1.0,0.0,0.0,0.0,1.0,0.0,0.0,6.131227,1001.862305,8.0,,,0.19,,,0.0,0.0,0.0,0.0,1.0,1.0,0.0,0.0,0,1,0,0,,0,,,0,0,,,0,0,0,0,0,0,,0,0,0,0,0,0,,0,0,0,0,,,,0,1,0,0,0,0,0,,0,0,,0,0,,,,1,0,4
1464132170,1.014392,0.007862,0.006762,0.013267,1.009645,1.014377,1.018948,1.948721,6.684582,5.044099,0.001296,0.004542,0.002844,0.029544,0.430414,0.458365,0.086224,-0.035012,-0.001946,1.01376,0.005089,0.005143,0.007855,0.046522,-0.028718,-0.116121,0.011875,0.002213,0.002157,0.003378,0.010492,0.011718,0.013003,2.32245,6.661526,5.028797,0.319389,1.009571,0.669982,2.754548,0.620334,0.398491,0.081793,-0.005667,-0.007872,-0.006351,0.001135,0.003032,0.00101,0.095787,0.051763,0.117315,63.999355,1.714696,-3.97151,6.2116,64.037626,64.207332,64.353293,0.204141,6.66909,5.04255,0.004585,0.005848,0.001344,0.001438,0.429754,6.118572,0.061549,-62.161142,15.13302,-0.795381,1.645219,1.455736,0.619009,-0.250885,0.072278,-0.60148,0.999925,0.999741,0.999296,0.999367,0.999712,1013.780036,20.084374,7.983114,29.89987,1002.843956,1014.14003,1024.343692,2.340188,4.828118,5.060518,0.008861,0.011497,0.016373,0.105998,0.436231,2.057952,0.134226,261.44,-401.216,-893.184,18.090616,14.525885,22.633209,-0.241755,0.335224,-0.006715,5.016715,0.087737,0.304504,0.226485,0.283535,5.050599,0.044365,0.116481,0.054606,0.168768,5.066714,0.007506,0.018237,0.022952,0.145321,0.999651,0.999624,0.999102,0.0,0.0,,,,,,,,,,3.0,0.0,0.0,,,,,10.0,,0.0,-6.907755,0.0,0.0,0.0,0.0,0.0,0.0,1.114067,1.999457,1.519597,-0.18236,0.781653,-0.347568,0.067587,-0.615149,0.119947,-0.051917,0.012795,-0.179081,-0.026941,5.439963,1.304176,0.569059,0.425213,0.37048,0.31902,0.296046,0.332257,0.204752,0.199773,0.185093,0.180177,0.198833,9.382443,-9.270204,0.0,0.0,0.0,1.0,0.0,1.0,0.0,0.0,0.0,0.0,0.0,0.0,1.0,0.0,0.0,1.0,0.0,0.0,0.0,1.0,0.0,0.0,0.0,1.0,0.0,0.0,6.135565,1001.604492,8.0,,,0.19,,,0.0,0.0,0.0,0.0,1.0,1.0,0.0,0.0,0,1,0,0,,0,,,0,0,,,0,0,0,0,0,0,,0,0,0,0,0,0,,0,0,0,0,,,,0,1,0,0,0,0,0,,0,0,,0,0,,,,1,0,4
1464132243,1.012332,0.00991,-0.010659,0.020065,1.006785,1.012232,1.018348,1.689608,6.684564,5.043322,0.001061,0.004907,0.002984,0.032964,0.430263,2.832626,0.08127,-0.033876,-0.001431,1.011738,0.00523,0.005017,0.009888,-0.008257,-0.211097,-0.019192,0.011147,0.002569,0.003079,0.004726,0.009408,0.01089,0.012285,1.908895,6.65246,4.972108,0.614889,1.562011,1.169025,2.912224,0.655769,0.896408,0.081499,-0.005114,-0.007069,-0.006079,0.001516,0.003788,0.001063,-0.309465,0.110519,0.032726,,,,,,,,,,,,,,,,,,,,,,,,,,,,,,,,,,,,,,,,,,,,,,,,,,,,,,,,,,,,,,,,,,,,,,,,,,,,,,,,,,,,,,,3.0,0.0,0.0,,,,,12.511,,0.0,-6.907755,0.0,0.0,0.0,0.0,0.0,0.0,-0.250539,1.88975,1.907862,-0.209251,0.977112,-0.135902,0.31641,-0.238575,0.220998,-0.122809,0.008873,-0.224718,-0.008305,4.923314,0.487691,0.374565,0.214432,0.185646,0.165741,0.15508,0.123376,0.114998,0.105164,0.098035,0.102976,0.098424,8.212026,-8.175839,0.0,0.0,0.0,1.0,0.0,1.0,0.0,0.0,0.0,0.0,0.0,0.0,1.0,0.0,0.0,1.0,0.0,0.0,0.0,1.0,0.0,0.0,0.0,1.0,0.0,0.0,6.135565,1001.780762,8.0,,,0.19,,,0.0,0.0,0.0,0.0,1.0,1.0,0.0,0.0,0,1,0,0,,0,,,0,0,,,0,0,0,0,0,0,,0,0,0,0,0,0,,0,0,0,0,,,,0,1,0,0,0,0,0,,0,0,,0,0,,,,1,0,4
1464132310,1.011611,0.007158,-0.001785,0.009377,1.006809,1.011682,1.016134,2.583027,6.684587,5.043704,0.000908,0.001686,0.003238,0.020574,0.430116,0.997456,0.119665,-0.034287,-0.00142,1.011008,0.004525,0.004775,0.007162,0.014636,0.005364,-0.009464,0.010559,0.001076,-0.000145,0.001375,0.009879,0.010599,0.011173,2.588374,6.669345,5.025685,0.060737,0.538711,0.209038,1.738434,0.492256,0.378624,0.086644,-0.004892,-0.006967,-0.006074,0.000954,0.00114,0.001034,-0.040121,0.059211,0.024974,,,,,,,,,,,,,,,,,,,,,,,,,,,,,,,,,,,,,,,,,,,,,,,,,,,,,,,,,,,,,,,,,,,,,,,,,,,,,,,,,,,,,,,3.0,0.0,0.0,,,,,13.199,,0.0,-6.907755,0.0,0.0,0.0,0.0,0.0,0.0,0.834913,2.021631,1.576918,0.037722,0.951652,-0.269883,0.095981,-0.468352,0.197978,-0.018519,0.012183,-0.228165,-0.049131,5.700369,1.012425,0.541115,0.319312,0.309878,0.277947,0.260646,0.264451,0.180818,0.147663,0.171534,0.163678,0.16397,8.778634,-8.715715,0.0,0.0,0.0,1.0,0.0,1.0,0.0,0.0,0.0,0.0,0.0,0.0,1.0,0.0,0.0,1.0,0.0,0.0,0.0,1.0,0.0,0.0,0.0,1.0,0.0,0.0,6.135565,1001.762939,8.0,,,0.19,,,0.0,0.0,0.0,0.0,1.0,1.0,0.0,0.0,0,1,0,0,,0,,,0,0,,,0,0,0,0,0,0,,0,0,0,0,0,0,,0,0,0,0,,,,0,1,0,0,0,0,0,,0,0,,0,0,,,,1,0,4
1464132350,1.01042,0.008327,-0.003998,0.012784,1.004967,1.010323,1.015444,2.003705,6.684578,5.043258,0.000659,0.003279,0.003304,0.03928,0.430324,1.972626,0.121051,-0.03392,-0.001208,1.009826,0.00487,0.004868,0.008331,0.030242,0.00649,-0.01993,0.010834,0.0021,0.004446,0.007299,0.009879,0.010599,0.011473,1.144958,6.668335,5.016302,0.788912,1.73125,1.920217,3.344927,0.805968,5.674565,0.099209,-0.005007,-0.006724,-0.006337,0.001864,0.002608,0.001039,-0.574609,0.015216,-0.037374,64.150639,1.728821,-4.051866,6.328968,64.165026,64.303738,64.40488,0.067941,6.671617,5.044914,0.001657,0.003506,0.001374,0.001454,0.430131,2.830059,0.013839,-61.915519,16.755114,-0.695696,1.651815,0.865545,0.257587,-0.554556,0.056089,0.370794,0.999956,0.999911,0.999878,0.999863,0.999739,,,,,,,,,,,,,,,,,,,,,,,,,,,,,,,,,,,,,,,,,,,,,,,,,,,,,,,,4.0,0.0,0.0,,,,,10.941,,0.0,-6.907755,0.0,0.0,0.0,0.0,0.0,0.0,-1.259397,2.040135,1.963332,-0.084348,0.877826,-0.164398,0.235523,-0.260407,0.231644,-0.090194,0.026693,-0.214188,0.064001,4.798212,0.506818,0.35591,0.188989,0.202145,0.237748,0.168818,0.172085,0.11811,0.134776,0.112752,0.104071,0.093736,8.391403,-8.348257,0.0,0.0,0.0,1.0,0.0,1.0,0.0,0.0,0.0,0.0,0.0,0.0,1.0,0.0,0.0,1.0,0.0,0.0,0.0,1.0,0.0,0.0,0.0,1.0,0.0,0.0,6.131227,1001.826172,8.0,,,0.19,,,0.0,0.0,0.0,0.0,1.0,1.0,0.0,0.0,0,1,0,0,,0,,,0,0,,,0,0,0,0,0,0,,0,0,0,0,0,0,,0,0,0,0,,,,0,0,0,0,0,0,0,,0,0,,0,0,,,,0,0,2
1464132441,1.011034,0.046398,-0.033137,0.097564,1.004445,1.010601,1.018051,1.079021,6.683545,5.04326,0.058812,0.329787,0.01009,0.166983,0.437998,1.735426,0.187927,-0.027192,0.09071,0.989632,0.047574,0.17236,0.063499,0.228164,-0.054515,-0.705663,0.157438,0.351193,0.511298,0.664199,0.010106,0.011473,0.080351,1.138724,5.282406,6.31776,4.299822,4.418254,2.892604,3.918278,2.889144,0.0,0.0,0.025125,-0.014723,-0.015294,0.260982,0.239209,0.147339,0.233204,-0.048352,0.208995,,,,,,,,,,,,,,,,,,,,,,,,,,,,,,,,,,,,,,,,,,,,,,,,,,,,,,,,,,,,,,,,,,,,,,,,,,,,,,,,,,,,,,,3.0,0.0,0.0,,,,,12.484,,0.0,-6.907755,0.0,0.0,0.0,0.0,0.0,0.0,-3.040092,1.843771,1.560756,-0.005101,0.952354,-0.33,0.312275,-0.326594,0.313957,-0.12383,-0.020207,-0.143099,0.048991,5.374176,1.015393,0.615379,0.514624,0.316435,0.284952,0.222257,0.244342,0.183022,0.167596,0.149911,0.137161,0.12367,9.895707,-9.714678,0.0,0.0,0.0,1.0,0.0,1.0,0.0,0.0,0.0,0.0,0.0,0.0,1.0,0.0,0.0,1.0,0.0,0.0,0.0,1.0,0.0,0.0,0.0,1.0,0.0,0.0,6.131227,1001.919189,8.0,,,0.2,,,0.0,0.0,0.0,0.0,1.0,1.0,0.0,0.0,0,1,0,0,,0,,,0,0,,,0,0,0,0,0,0,,0,0,0,0,0,0,,0,0,0,0,,,,0,0,0,0,0,0,0,,0,0,,0,0,,,,0,0,2
1464132470,1.023039,0.13806,0.148855,0.252863,0.950992,1.014064,1.091313,1.820342,6.675785,5.053986,0.764555,1.101707,1.094547,1.956673,0.553017,1.034974,0.202973,-0.18153,0.220248,0.936186,0.235092,0.158261,0.165671,0.378214,0.220156,-0.263087,0.870922,0.65763,0.801997,1.081856,0.444665,0.722032,1.088314,2.261094,6.43358,5.196804,4.151801,3.921451,3.036341,3.373113,1.657605,6.531726,0.091921,-0.023517,0.056921,0.17222,0.531933,0.582499,0.731624,0.068281,-0.384827,0.419612,,,,,,,,,,,,,,,,,,,,,,,,,,,,,,,,,,,,,,,,,,,,,,,,,,,,,,,,,,,,,,,,,,,,,,,,,,,,,,,,,,,,,,,3.0,0.014889,0.010445,,,,,10.0,,1.902477,0.643157,7e-06,5e-06,-1.5e-05,1e-05,1e-06,1e-06,-4.246237,1.727884,1.565003,-0.568271,1.009034,-0.364431,0.357236,-0.485441,0.294732,-0.060136,0.127749,-0.204226,-0.035385,5.994269,0.878726,0.642025,0.423696,0.309776,0.271605,0.240799,0.214163,0.157331,0.166109,0.15574,0.150223,0.135049,10.335238,-10.066746,0.0,0.0,0.0,1.0,0.0,0.0,0.0,1.0,0.0,0.0,0.0,1.0,0.0,0.0,0.0,1.0,0.0,0.0,0.0,1.0,0.0,0.0,0.0,1.0,0.0,0.0,6.156979,1001.673584,8.0,,,0.2,,,0.0,0.0,0.0,0.0,1.0,1.0,0.0,0.0,0,1,0,0,,0,,,0,0,,,0,0,0,0,0,0,,0,0,0,0,0,0,,0,0,0,0,,,,0,0,0,0,0,0,0,,0,0,,0,0,,,,0,0,4
1464132771,1.012358,0.010771,-0.00645,0.01661,1.005922,1.012669,1.018203,2.097931,6.684555,5.043943,0.000691,0.004915,0.003892,0.045525,0.430641,0.278946,0.081198,-0.010197,0.004305,1.012271,0.005084,0.005187,0.010764,0.019191,-0.212308,-0.05648,0.01103,0.001206,0.000496,0.00163,0.010328,0.011019,0.01191,2.380285,6.672338,5.043749,0.208651,0.470925,0.445819,1.789255,0.504799,0.358643,0.108603,-0.003712,-0.00705,-0.00738,0.001634,0.001221,0.001006,-0.029185,0.123837,-0.020689,99.772273,2.630512,-6.200443,9.701866,99.848392,100.018307,100.126966,0.067866,6.672901,5.044078,0.001141,0.002778,0.001308,0.001373,0.429897,1.454357,0.005113,-90.603034,26.708723,-32.118584,2.429899,1.009445,0.79597,-0.658215,0.926985,-0.594935,0.999976,0.999963,0.999949,0.999937,0.999811,,,,,,,,,,,,,,,,,,,,,,,,,,,,,,,,,,,,,,,,,,,,,,,,,,,,,,,,3.0,0.187392,0.168645,,,,,23.110001,,28.626164,3.354321,9.7e-05,8.7e-05,-0.000206,-0.000184,2.1e-05,1.8e-05,-0.429402,1.577728,2.340855,0.196469,1.434761,-0.006795,0.274325,-0.359228,0.164528,-0.175607,0.005743,-0.179594,0.04923,5.584163,0.756645,0.50515,0.337611,0.347304,0.199746,0.174143,0.135549,0.154719,0.147597,0.119583,0.124784,0.099998,8.357728,-8.315982,0.0,0.0,0.0,1.0,0.0,0.0,0.0,1.0,0.0,0.0,0.0,1.0,0.0,0.0,0.0,1.0,0.0,0.0,0.0,1.0,0.0,0.0,0.0,1.0,0.0,0.0,6.663133,1001.774902,8.0,,,0.17,,,0.0,0.0,0.0,0.0,1.0,1.0,0.0,0.0,0,1,0,0,,0,,,0,0,,,0,0,0,0,0,0,,0,0,0,0,0,0,,0,0,0,0,,,,0,0,0,0,0,0,0,,0,0,,0,0,,,,0,0,4
1464133070,1.009712,0.009715,-0.002749,0.015217,1.003994,1.009445,1.015651,1.983539,6.684565,5.042908,0.001207,0.003152,0.004942,0.045809,0.430369,3.311266,0.090881,-0.008881,0.004155,1.009636,0.005175,0.005575,0.009714,0.067691,-0.060919,-0.01485,0.010565,0.001247,-0.000444,0.001658,0.009734,0.010599,0.011424,2.436854,6.670057,5.01715,0.1424,0.573843,0.448929,1.980138,0.513173,0.956289,0.110405,-0.003508,-0.006366,-0.00737,0.001792,0.001299,0.001057,-0.204734,0.148714,0.047307,104.423716,2.726533,-6.428419,10.060802,104.506415,104.638322,104.804613,0.068241,6.666568,5.045359,0.001927,0.002575,0.001353,0.00134,0.430232,3.088918,0.01466,-89.765191,34.299237,-40.863969,2.323138,1.074677,1.050454,-0.913244,0.982296,-0.887567,0.99999,0.999981,0.99998,0.999978,0.999956,,,,,,,,,,,,,,,,,,,,,,,,,,,,,,,,,,,,,,,,,,,,,,,,,,,,,,,,3.0,0.187392,0.168645,,,,,23.068001,,28.626164,3.354321,9.7e-05,8.7e-05,0.000206,0.000184,2e-05,1.8e-05,0.312129,1.682226,2.614692,0.127523,1.323728,-0.060114,0.43321,-0.412744,0.135832,-0.189717,0.034532,-0.135184,0.052982,4.90106,0.600062,0.376019,0.283979,0.288452,0.224535,0.2261,0.149526,0.1578,0.154154,0.120161,0.132952,0.105701,8.160518,-8.126117,0.0,0.0,0.0,1.0,0.0,0.0,0.0,1.0,0.0,0.0,0.0,1.0,0.0,0.0,0.0,1.0,0.0,0.0,0.0,1.0,0.0,0.0,0.0,1.0,0.0,0.0,7.005789,1001.709717,8.0,,,0.16,,,0.0,0.0,0.0,0.0,1.0,1.0,0.0,0.0,0,1,0,0,,0,,,0,1,,,0,0,0,0,0,0,0.0,0,0,0,0,0,0,,0,0,0,0,,,,0,0,0,0,0,0,0,,0,0,,0,0,0.0,,1.0,0,0,6
1464133370,1.010034,0.010298,-0.013976,0.024502,1.005016,1.010239,1.015582,1.479804,6.684559,5.04459,0.001493,0.003282,0.00439,0.036298,0.430666,0.63769,0.112037,-0.008083,0.003878,1.00997,0.004843,0.005219,0.010298,-0.011539,-0.079783,-0.124677,0.01069,0.001142,-0.000474,0.001541,0.009993,0.010706,0.011473,2.39083,6.672582,5.042391,0.188716,0.679675,0.400974,1.713045,0.500367,0.796984,0.156231,-0.003131,-0.006489,-0.007663,0.001537,0.001237,0.001021,-0.185101,0.10761,-0.00468,109.702675,3.45515,-7.993175,12.386716,109.87226,110.01573,110.127481,0.07764,6.671454,5.046096,0.001507,0.004167,0.001726,0.001658,0.430465,0.757346,0.010984,-88.862354,36.982101,-52.619089,2.832795,1.729387,1.623927,-0.596051,0.990706,-0.645539,0.999986,0.999956,0.999893,0.999832,0.99967,,,,,,,,,,,,,,,,,,,,,,,,,,,,,,,,,,,,,,,,,,,,,,,,,,,,,,,,3.0,0.054204,0.048409,,,,,13.923,,7.733837,2.045605,2.6e-05,2.3e-05,-5.6e-05,-5e-05,6e-06,5e-06,-4.359205,1.621636,2.712134,0.290017,1.172051,-0.124081,0.297719,-0.341947,0.150441,-0.223927,0.005179,-0.20355,0.04364,4.948043,0.535436,0.45696,0.333295,0.27342,0.182777,0.192411,0.120101,0.156139,0.143982,0.138813,0.124241,0.085068,9.106201,-9.019923,0.0,0.0,0.0,1.0,0.0,0.0,0.0,1.0,0.0,0.0,0.0,1.0,0.0,0.0,0.0,1.0,0.0,0.0,0.0,1.0,0.0,0.0,0.0,1.0,0.0,0.0,7.003974,1001.517822,8.0,,,0.14,,,0.0,0.0,0.0,0.0,1.0,1.0,0.0,0.0,0,1,0,0,,0,,,0,1,,,0,0,0,0,0,0,0.0,0,0,0,0,0,0,,0,0,0,0,,,,0,0,0,0,0,0,0,,0,0,,0,0,0.0,,1.0,0,0,6
1464133670,1.008604,0.008171,-0.00914,0.016791,1.004253,1.008622,1.013661,1.639846,6.684579,5.043002,0.000463,0.00197,0.001676,0.028153,0.430026,0.119698,0.111431,-0.007453,0.004803,1.008541,0.005145,0.004829,0.008172,-0.014434,-0.013706,0.068248,0.010985,0.006258,0.015489,0.025371,0.009821,0.010328,0.011122,0.297553,6.610875,5.014507,0.439392,0.823797,0.720438,2.173647,0.543917,0.995202,0.023098,-0.003055,-0.006258,-0.00763,0.004265,0.005798,0.001146,0.915665,-0.090005,-0.175991,109.295049,2.938353,-6.895638,10.768126,109.374408,109.556859,109.715213,0.068317,6.66527,5.045915,0.001823,0.002953,0.001366,0.001355,0.430387,4.922059,0.009755,-89.141503,37.010293,-51.260025,2.412521,1.637182,1.40764,-0.485406,0.9637,-0.622402,0.99997,0.9999,0.999886,0.999822,0.999617,1070.299505,265.031851,496.543309,699.940215,1012.11857,1026.403429,1044.482647,0.536626,4.806862,5.01852,0.09394,0.283463,0.102695,0.392353,0.435316,0.553168,0.022113,-10.304,116.608,-994.368,207.871507,277.396378,305.208585,-0.06332,-0.136882,-0.813653,6.211669,3.675881,5.303439,3.638683,5.419887,5.188342,1.894166,3.283273,2.25235,3.351005,5.085508,0.013704,0.141764,0.120141,0.743911,0.936651,0.938542,0.818342,0.0,0.0,,,,,,,,,,3.0,0.102105,0.091485,,,,,14.117,,14.930251,2.703389,4.5e-05,4e-05,7.8e-05,6.9e-05,1.3e-05,1.2e-05,-10.066462,1.6624,2.947102,0.568895,1.065206,-0.06302,0.127787,-0.426521,-0.004903,-0.32962,-0.055151,-0.238941,0.068335,4.289905,0.441134,0.425337,0.224672,0.135307,0.125434,0.11352,0.123279,0.102066,0.089853,0.090186,0.084186,0.068499,10.31248,-10.0493,0.0,0.0,0.0,1.0,0.0,0.0,0.0,1.0,0.0,0.0,0.0,1.0,0.0,0.0,0.0,1.0,0.0,0.0,0.0,1.0,0.0,0.0,0.0,1.0,0.0,0.0,6.654153,1001.408447,8.0,,,0.13,,,0.0,0.0,0.0,0.0,1.0,1.0,0.0,0.0,0,1,0,0,,0,,,0,1,,,0,0,0,0,0,0,0.0,0,0,0,0,0,0,,0,0,0,0,,,,0,0,0,0,0,0,0,,0,0,,0,0,0.0,,1.0,0,0,6
1464133912,1.012933,0.007687,0.001295,0.010134,1.007816,1.012717,1.018551,2.554744,6.684583,5.044294,0.000698,0.003667,0.002985,0.022989,0.430335,4.668958,0.075091,-0.008072,0.005419,1.01286,0.00522,0.005135,0.007685,0.025274,-0.047741,-0.028356,0.011461,0.001159,-0.000459,0.001621,0.010706,0.011374,0.012285,2.239251,6.676949,5.016628,0.150327,0.361892,0.393265,1.619651,0.483818,0.916555,0.08756,-0.004768,-0.007772,-0.006719,0.001319,0.001197,0.001121,-0.053475,0.121513,0.072614,101.052927,2.574443,-6.069099,9.52085,101.063235,101.240023,101.38842,0.067941,6.671664,5.047909,0.00329,0.003179,0.001267,0.001297,0.430973,5.062465,0.008821,-76.152455,-12.073899,-65.317214,1.966879,0.639623,1.652322,0.458612,0.984293,0.387429,0.999985,0.999964,0.999957,0.99996,0.999964,,,,,,,,,,,,,,,,,,,,,,,,,,,,,,,,,,,,,,,,,,,,,,,,,,,,,,,,3.0,0.0,0.0,,,,,24.082001,,0.0,-6.907755,0.0,0.0,0.0,0.0,0.0,0.0,2.986703,1.557792,3.058593,0.610398,1.023109,-0.120538,0.084083,-0.46229,-0.008717,-0.275678,0.01145,-0.189902,0.090597,4.699366,0.310787,0.372987,0.277624,0.11269,0.126,0.134546,0.100002,0.087667,0.082141,0.069777,0.074672,0.077183,6.568078,-6.560983,0.0,0.0,0.0,1.0,1.0,0.0,0.0,0.0,0.0,0.0,0.0,0.0,1.0,0.0,0.0,1.0,0.0,0.0,0.0,1.0,0.0,0.0,0.0,1.0,0.0,0.0,6.97073,1001.638672,8.0,,,0.16,,,0.0,0.0,0.0,0.0,1.0,1.0,0.0,0.0,0,1,0,0,,0,,,0,1,,,0,0,0,0,0,0,0.0,0,0,0,0,0,0,,0,0,0,1,,,,0,0,0,0,0,0,0,,0,0,,0,0,0.0,,1.0,0,0,1
1464133971,1.013213,0.007634,-0.003749,0.010019,1.008289,1.013633,1.018535,2.615117,6.684583,5.044042,0.00085,0.001177,0.002331,0.026973,0.4303,0.179557,0.099134,-0.008239,0.005413,1.013142,0.004848,0.004732,0.007634,0.003075,-0.018702,-0.034694,0.011682,0.00108,0.000491,0.001417,0.010916,0.011766,0.012423,2.579892,6.677826,5.04621,0.085444,0.368755,0.291107,1.544917,0.484829,2.96927,0.092169,-0.004796,-0.008047,-0.006815,0.001057,0.001138,0.001014,-0.088779,0.047378,0.038707,100.81447,3.155817,-7.279482,11.289052,100.927026,101.135261,101.283082,0.077555,6.672727,5.045014,0.006068,0.004439,0.001694,0.001619,0.430274,6.436318,0.008483,-75.903716,-12.124248,-65.219924,2.380697,1.143761,2.128524,0.252632,0.95413,0.012688,0.999974,0.999901,0.999812,0.999844,0.999816,,,,,,,,,,,,,,,,,,,,,,,,,,,,,,,,,,,,,,,,,,,,,,,,,,,,,,,,4.0,0.0,0.0,,,,,21.402,,0.0,-6.907755,0.0,0.0,0.0,0.0,0.0,0.0,4.7395,1.384021,3.141129,0.739181,1.04035,-0.080531,0.086003,-0.460291,-0.030861,-0.292102,-0.002647,-0.195744,0.089648,4.980378,0.278295,0.373474,0.174486,0.100707,0.082158,0.081823,0.091902,0.079307,0.074322,0.072122,0.076327,0.066937,5.894403,-5.890779,0.0,0.0,0.0,1.0,1.0,0.0,0.0,0.0,0.0,0.0,0.0,0.0,1.0,0.0,0.0,1.0,0.0,0.0,0.0,1.0,0.0,0.0,0.0,1.0,0.0,0.0,6.97073,1001.834473,8.0,,,0.17,,,0.0,0.0,0.0,0.0,1.0,1.0,0.0,0.0,0,1,0,0,,0,,,0,1,,,0,0,0,0,0,0,0.0,0,0,0,0,0,0,,0,0,0,1,,,,0,0,0,0,0,0,0,,0,0,,0,0,0.0,,1.0,0,0,1
1464134032,1.012806,0.007578,0.002469,0.009941,1.007808,1.012665,1.018038,2.516535,6.684584,5.043356,0.000717,0.003672,0.001649,0.024657,0.430095,0.617121,0.09181,-0.007652,0.005705,1.012739,0.004778,0.004607,0.007578,-0.019259,-0.050287,0.009115,0.011397,0.001083,-0.000115,0.00144,0.010706,0.011374,0.012099,2.448494,6.675065,5.033354,0.157934,0.438411,0.317901,1.55645,0.484722,4.04255,0.081513,-0.004751,-0.008044,-0.006339,0.001095,0.001166,0.001021,-0.033332,0.038157,-0.052107,99.326779,2.519008,-5.957526,9.342639,99.408556,99.513614,99.659293,0.06809,6.669132,5.043902,0.001173,0.002651,0.001282,0.001302,0.429838,0.498241,0.01013,-74.389111,-5.968477,-65.545203,1.894898,0.456919,1.678945,0.089506,0.986323,0.031199,0.999987,0.999979,0.999974,0.999968,0.999945,,,,,,,,,,,,,,,,,,,,,,,,,,,,,,,,,,,,,,,,,,,,,,,,,,,,,,,,3.0,0.0,0.0,,,,,26.756001,,0.0,-6.907755,0.0,0.0,0.0,0.0,0.0,0.0,3.496937,1.441501,3.116366,0.73604,1.080349,-0.043858,0.104983,-0.444003,-0.018728,-0.291157,0.005006,-0.18365,0.099231,5.200736,0.252876,0.378772,0.170549,0.110414,0.083218,0.077334,0.088011,0.081951,0.072951,0.078328,0.075958,0.073252,6.216606,-6.211609,0.0,0.0,0.0,1.0,1.0,0.0,0.0,0.0,0.0,0.0,0.0,0.0,1.0,0.0,0.0,1.0,0.0,0.0,0.0,1.0,0.0,0.0,0.0,1.0,0.0,0.0,6.928538,1001.803223,8.0,,,0.18,,,0.0,0.0,0.0,0.0,1.0,1.0,0.0,0.0,0,1,0,0,,0,,,0,1,,,0,0,0,0,0,0,0.0,0,0,0,0,0,0,,0,0,0,1,,,,0,0,0,0,0,0,0,,0,0,,0,0,0.0,,1.0,0,0,1
1464134129,1.012836,0.007369,0.002177,0.009641,1.007787,1.012677,1.018141,2.548495,6.684585,5.043546,0.000849,0.003804,0.001883,0.023955,0.430139,0.579299,0.079273,-0.007772,0.005844,1.012769,0.004403,0.004792,0.007365,0.024815,-0.05225,0.032308,0.011728,0.002523,0.006965,0.01215,0.010916,0.011742,0.012331,0.700868,6.662045,5.021935,0.137413,0.408347,0.324724,1.617556,0.483633,3.027385,0.041547,-0.004782,-0.008175,-0.006428,0.001954,0.001733,0.002466,0.65388,0.772305,0.700347,99.372597,3.188685,-7.335118,11.357145,99.472291,99.644843,99.831234,0.07807,6.665082,5.045582,0.002879,0.004982,0.001816,0.001672,0.430415,4.105095,0.009442,-74.481248,-6.490242,-65.459235,2.448664,0.619092,2.051931,0.262069,0.989609,0.23831,0.999979,0.999959,0.999951,0.999954,0.999947,,,,,,,,,,,,,,,,,,,,,,,,,,,,,,,,,,,,,,,,,,,,,,,,,,,,,,,,3.0,0.0,0.0,,,,,26.737,,0.0,-6.907755,0.0,0.0,0.0,0.0,0.0,0.0,-0.042481,1.65587,3.01906,0.614066,1.050434,-0.052391,0.09214,-0.428032,0.008801,-0.278208,0.001972,-0.178948,0.085401,4.655583,0.326207,0.39251,0.171413,0.111276,0.090367,0.103053,0.100228,0.083477,0.087935,0.079205,0.071689,0.069003,7.405496,-7.389179,0.0,0.0,0.0,1.0,1.0,0.0,0.0,0.0,0.0,0.0,0.0,0.0,1.0,0.0,0.0,1.0,0.0,0.0,0.0,1.0,0.0,0.0,0.0,1.0,0.0,0.0,6.984716,1001.632324,8.0,,,0.21,,,0.0,0.0,0.0,0.0,1.0,1.0,0.0,0.0,0,1,0,0,,0,,,0,1,,,0,0,0,0,0,0,0.0,0,0,0,0,0,0,,0,0,0,1,,,,0,0,0,0,0,0,0,,0,0,,0,0,0.0,,1.0,0,0,1
1464134152,1.013051,0.05395,0.04462,0.100155,1.001938,1.012725,1.023588,1.551935,6.6832,5.042693,0.187364,0.667906,0.221537,0.70932,0.459467,7.950216,0.125302,0.097437,0.186568,0.952255,0.158204,0.206936,0.101189,0.400819,-0.389971,-0.736355,0.404237,0.583954,0.726987,0.941466,0.01191,0.08257,0.582412,1.821356,5.819176,6.108574,4.294977,4.007747,3.012259,3.154585,2.463308,7.372668,0.203878,0.033165,-0.030627,0.039876,0.396142,0.338075,0.479123,0.112306,0.179162,0.455496,88.321088,12.440152,-9.671088,14.967194,77.700725,88.673596,100.232925,2.357301,6.659281,5.067965,0.879212,0.152341,0.000602,0.000205,0.470017,0.0,0.0,-73.074137,-17.66901,-40.059061,6.173999,9.649579,23.819898,-0.053436,0.377539,-0.817738,0.998344,0.99242,0.96921,0.895623,0.795852,,,,,,,,,,,,,,,,,,,,,,,,,,,,,,,,,,,,,,,,,,,,,,,,,,,,,,,,2.0,0.229205,0.20677,,,,,25.937,,35.784674,3.57752,0.000129,0.000115,0.000258,0.00023,2.7e-05,2.4e-05,-4.338976,1.539571,2.077802,0.012696,1.032171,-0.046772,0.201779,-0.408761,0.116866,-0.276331,-0.005205,-0.212107,0.093608,6.608033,0.742682,0.728737,0.501211,0.289996,0.378538,0.250518,0.169882,0.151999,0.132788,0.136037,0.131347,0.119147,10.095264,-9.878316,0.0,0.0,0.0,1.0,1.0,0.0,0.0,0.0,0.0,0.0,0.0,0.0,1.0,0.0,0.0,1.0,0.0,0.0,0.0,1.0,0.0,0.0,0.0,1.0,0.0,0.0,6.673298,1001.599609,8.0,,,0.21,,,0.0,0.0,0.0,0.0,1.0,1.0,0.0,0.0,0,0,1,0,,0,,,0,0,1.0,0.0,0,0,0,0,0,0,1.0,0,0,0,0,0,0,,0,0,0,0,,,,0,0,0,0,1,0,0,,0,0,,0,0,0.0,,0.0,0,0,5
1464134271,0.990896,0.007112,-0.002734,0.011735,0.987014,0.990705,0.995287,1.957262,6.684586,5.04329,0.000123,0.001231,0.001221,0.017962,0.42991,0.358456,0.135972,0.109622,0.984031,-0.035388,0.010466,0.007292,0.013327,-0.190526,0.210351,-0.037829,0.032075,0.052904,0.083863,0.112307,0.012604,0.016537,0.021935,0.996002,6.012853,5.220833,3.368843,2.948118,3.091098,3.321546,1.514152,0.0,0.0,-0.00423,-0.005611,-0.007443,0.016523,0.057809,0.010393,-0.151703,-0.309945,0.430834,125.117647,3.850632,-8.916944,13.846764,125.230705,125.444918,125.611292,0.07747,6.67401,5.046019,0.002292,0.004287,0.0017,0.001615,0.430459,0.677526,0.01726,-95.56606,-68.669848,42.491288,3.024337,2.035673,1.425841,0.963935,-0.920125,-0.91052,0.999991,0.999977,0.999969,0.999967,0.999941,,,,,,,,,,,,,,,,,,,,,,,,,,,,,,,,,,,,,,,,,,,,,,,,,,,,,,,,4.0,0.0,0.0,,,,,21.436001,,0.0,-6.907755,0.0,0.0,0.0,0.0,0.0,0.0,0.403595,2.046834,1.163243,-0.492676,0.718058,-0.237,0.554191,-0.130705,0.208769,-0.041861,0.143771,-0.064661,0.171576,8.010833,1.102809,0.932016,0.421243,0.326844,0.265351,0.203686,0.235993,0.212268,0.126461,0.124512,0.104652,0.111687,9.381264,-9.26915,0.0,0.0,0.0,1.0,0.0,0.0,0.0,1.0,0.0,0.0,0.0,1.0,0.0,0.0,0.0,1.0,0.0,0.0,0.0,1.0,0.0,0.0,0.0,1.0,0.0,0.0,-11.512925,1001.493652,8.0,,,0.21,,,0.0,0.0,0.0,0.0,1.0,1.0,0.0,0.0,0,0,1,0,,0,,,0,0,1.0,0.0,0,0,0,0,0,0,1.0,0,0,0,0,0,0,,0,0,0,0,,,,0,0,0,0,1,0,0,,0,0,,0,0,0.0,,0.0,0,0,5
1464134571,0.990695,0.009875,0.011164,0.019669,0.986316,0.99102,0.994842,1.777846,6.684562,5.043783,0.003854,0.031794,0.024351,0.027014,0.431035,6.257784,0.111037,-0.079797,0.986403,-0.028988,0.025815,0.010165,0.024607,0.227523,-0.483088,-0.087611,0.043903,0.062893,0.093153,0.122133,0.014371,0.020463,0.041147,1.505561,6.081511,6.031801,4.223952,4.903465,3.459554,3.065098,2.688281,0.0,0.0,-0.003426,0.000883,-0.005946,0.053222,0.051558,0.018556,-0.336565,-0.766458,0.424078,113.038061,4.030367,-7.063888,11.159573,110.717763,112.699973,115.996148,1.407875,6.668811,5.032753,0.003473,0.004832,0.001444,0.001535,0.427916,0.0,0.0,-62.834086,-62.390939,70.202056,3.815069,2.071937,2.432919,0.294592,-0.830954,-0.387154,0.999965,0.99987,0.999652,0.998994,0.99848,,,,,,,,,,,,,,,,,,,,,,,,,,,,,,,,,,,,,,,,,,,,,,,,,,,,,,,,3.0,0.0,0.0,,,,,21.468,,0.0,-6.907755,0.0,0.0,0.0,0.0,0.0,0.0,-0.976983,2.441258,2.096387,-0.503158,0.487856,-0.286792,0.158809,-0.363637,0.14042,-0.085128,0.142302,-0.140141,0.065938,5.030243,0.555779,0.584224,0.299928,0.205471,0.232955,0.195224,0.186017,0.129033,0.105138,0.124333,0.111892,0.112395,8.411833,-8.367816,0.0,0.0,0.0,1.0,0.0,0.0,0.0,1.0,0.0,0.0,0.0,1.0,0.0,0.0,0.0,1.0,0.0,0.0,0.0,1.0,0.0,0.0,0.0,1.0,0.0,0.0,-11.512925,1001.548584,8.0,,,0.21,,,0.0,0.0,0.0,0.0,1.0,1.0,0.0,0.0,0,0,0,0,,0,,,0,1,,,0,0,0,0,0,0,1.0,0,0,0,0,0,0,,0,0,0,0,,,,0,1,0,0,0,0,0,,0,0,,1,0,0.0,,0.0,0,0,1
1464134781,1.016741,0.007487,0.003065,0.009869,1.011241,1.017141,1.021603,2.487329,6.684585,5.043369,0.000363,0.002312,0.002116,0.026015,0.430101,1.833151,0.096356,-0.010137,0.004669,1.016658,0.004572,0.004651,0.007483,-0.038428,-0.053595,0.047454,0.012454,0.001165,0.000531,0.001712,0.011766,0.012514,0.013177,2.101387,6.677721,5.042084,0.095448,0.261592,0.312521,1.526579,0.482097,0.338523,0.117278,-0.004962,-0.008993,-0.006783,0.001245,0.001315,0.001296,0.345439,0.224961,0.199657,102.287409,3.137588,-7.26259,11.276888,102.388115,102.557202,102.713795,0.077555,6.672751,5.047477,0.001827,0.003904,0.0017,0.001612,0.430824,2.072515,0.012109,-71.705992,-10.383793,-72.19866,2.269461,0.706591,2.165565,0.366312,0.991315,0.32938,0.999985,0.999968,0.999958,0.999951,0.999896,1017.862083,14.671551,10.8724,24.356831,1009.586054,1018.328041,1026.528129,2.116975,5.926822,5.050353,0.006088,0.039655,0.015069,0.033269,0.432925,1.956211,0.210628,-933.44,375.850667,73.472,70.66568,80.689159,82.352923,0.162294,-0.414269,0.700962,5.01832,0.021658,0.043912,0.022766,0.052622,5.274298,0.520867,0.479587,0.133289,0.217712,5.504779,3.114424,3.046879,2.801858,3.32343,0.994142,0.992647,0.987529,0.978726,0.926029,,,,,,,,,,5.0,0.187392,0.168645,,,,,23.035999,,28.626164,3.354321,8.2e-05,7.3e-05,0.0,0.0,2.1e-05,1.8e-05,0.18581,1.714549,3.068739,0.60512,0.994238,-0.131723,0.034941,-0.46086,-0.019439,-0.318221,-0.022981,-0.183672,0.094007,4.494911,0.303253,0.373103,0.170516,0.115015,0.093208,0.085977,0.091031,0.091394,0.08159,0.078976,0.075078,0.070275,7.385851,-7.36985,0.0,0.0,0.0,1.0,1.0,0.0,0.0,0.0,0.0,0.0,0.0,0.0,1.0,0.0,0.0,1.0,0.0,0.0,0.0,1.0,0.0,0.0,0.0,1.0,0.0,0.0,6.57647,1001.728271,8.0,,,0.22,,,0.0,0.0,0.0,0.0,1.0,1.0,0.0,0.0,0,1,0,0,,0,,,0,1,,,0,0,0,0,0,0,0.0,0,0,0,0,0,0,,0,0,0,1,,,,0,0,0,0,0,0,0,,0,0,,0,0,0.0,,1.0,0,0,1
1464134820,1.016387,0.007596,-0.002762,0.009859,1.01121,1.017058,1.021543,2.58711,6.684584,5.04328,0.000478,0.002794,0.002274,0.023594,0.430046,3.348048,0.096531,-0.009592,0.005377,1.016304,0.004894,0.004687,0.007596,-0.048631,-0.022495,-0.022574,0.012074,0.003451,0.009795,0.017093,0.011173,0.01191,0.012694,0.52635,6.660725,5.039255,0.113473,0.563596,0.382296,1.895198,0.509222,6.372622,0.036227,-0.005052,-0.008625,-0.006061,0.002243,0.003001,0.002646,0.736972,0.780272,0.79981,100.860792,2.68273,-6.294435,9.841621,100.936192,101.138112,101.303067,0.068015,6.670362,5.046451,0.001019,0.002971,0.001316,0.001376,0.430529,3.586905,0.007262,-70.2073,-4.967605,-72.240001,1.901144,0.724156,1.896797,0.299378,0.986475,0.242126,0.999983,0.999954,0.999946,0.999944,0.999935,1023.8053,28.589398,44.290882,68.005599,1013.729747,1022.185893,1030.510549,1.530558,5.926548,5.041557,0.008783,0.033528,0.021779,0.08563,0.431486,0.119768,0.273071,-926.954667,412.778667,12.906667,19.633321,106.38913,86.560772,0.314631,0.221327,0.469343,5.041792,0.016363,0.028224,0.021609,0.035534,5.117957,0.33783,0.650744,0.668913,1.727632,6.136931,2.446253,4.546519,3.654066,4.787321,0.988761,0.985763,0.985142,0.979909,0.978977,,,,,,,,,,5.0,0.0,0.0,,,,,23.048,,0.0,-6.907755,,,,,,,0.632985,1.795978,2.963021,0.578354,1.005703,-0.153974,0.033764,-0.441218,-0.009407,-0.303208,0.003788,-0.155484,0.107061,4.856863,0.429351,0.427038,0.163557,0.124845,0.093985,0.108989,0.101378,0.08619,0.083297,0.080901,0.078381,0.073739,7.377759,-7.361886,0.0,0.0,0.0,1.0,1.0,0.0,0.0,0.0,0.0,0.0,0.0,0.0,1.0,0.0,0.0,1.0,0.0,0.0,0.0,1.0,0.0,0.0,0.0,1.0,0.0,0.0,6.562444,1001.594482,8.0,,,0.22,,,0.0,0.0,0.0,0.0,1.0,1.0,0.0,0.0,0,1,0,0,,0,,,0,1,,,0,0,0,0,0,0,0.0,0,0,0,0,0,0,,0,0,0,1,,,,0,0,0,0,0,0,0,,0,0,,0,0,0.0,,1.0,0,0,1
1464134892,1.020774,0.191144,0.109136,0.246768,0.876648,1.020019,1.151924,2.484842,6.667,5.017015,0.238978,3.052195,0.72431,1.086677,0.589675,0.537849,0.669845,-0.062556,0.268383,0.957964,0.120912,0.16765,0.205308,-0.064444,-0.004799,-0.316013,0.94826,0.579768,0.65621,0.896934,0.531762,0.815366,1.223141,2.430188,6.51407,5.022601,3.227583,3.323225,3.05108,3.344692,1.280058,3.862583,0.165922,0.041325,-0.031787,-0.064254,0.634712,0.576333,0.702469,0.023002,0.059138,0.301724,,,,,,,,,,,,,,,,,,,,,,,,,,,,,,,,1262.829248,363.352478,291.127004,497.820781,978.684832,1246.84562,1474.88847,2.39807,5.742706,5.141248,3.10483,2.836624,1.475863,1.540283,0.797972,1.117243,0.447899,884.406154,236.750769,30.326154,769.403386,363.354867,404.48678,-0.206497,0.484189,-0.076194,5.918573,3.412651,3.187991,0.953552,1.119347,4.384197,4.884567,4.526026,5.215308,5.582101,5.746992,4.182116,5.20163,4.86249,5.607619,0.852552,0.725433,0.448185,0.25975,0.628214,,,,,,,,,,3.0,0.205143,0.243417,,,,,23.556,,36.102241,3.586355,0.000107,0.00013,0.000228,0.000276,2.2e-05,2.7e-05,-1.634145,1.691938,1.380894,-0.742376,1.014134,-0.626847,0.388281,-0.463417,0.414811,-0.057283,0.138635,-0.090733,0.03414,5.771978,0.641973,0.525302,0.301744,0.226457,0.268178,0.164837,0.157097,0.141722,0.120636,0.126308,0.129436,0.117456,10.305547,-10.043968,0.0,0.0,0.0,1.0,0.0,0.0,0.0,1.0,0.0,0.0,0.0,1.0,0.0,0.0,0.0,1.0,0.0,0.0,0.0,1.0,0.0,0.0,0.0,1.0,0.0,0.0,6.169611,1001.590088,8.0,,,0.23,,,0.0,0.0,0.0,0.0,1.0,1.0,0.0,0.0,0,1,0,0,,0,,,0,1,,,0,0,0,0,0,0,0.0,0,0,0,0,0,0,,0,0,0,1,,,,0,0,0,0,0,0,0,,0,0,,0,0,0.0,,1.0,0,0,1
1464135170,1.128836,0.541785,0.245665,0.677873,0.75455,1.174893,1.477179,2.823123,6.557326,4.929948,1.422078,3.986149,2.846204,3.817857,1.135229,1.074856,0.753408,0.217887,0.961876,0.032762,0.307977,0.567927,0.420305,0.482706,0.229037,-0.066163,2.371419,1.110652,0.761656,1.434901,1.625846,2.239439,3.205709,2.679908,6.563582,4.966852,2.391627,3.746836,2.595925,3.846043,1.150693,1.075147,0.735098,0.033194,-0.067919,0.143163,1.502972,1.948239,0.881138,-0.663989,-0.824045,0.777185,,,,,,,,,,,,,,,,,,,,,,,,,,,,,,,,1050.206219,227.964564,161.360911,280.052084,852.101678,1049.586585,1222.888124,2.811069,5.59343,5.030627,2.316528,2.764558,0.757052,1.233574,0.647531,1.073815,0.57745,943.010909,76.101818,-91.549091,352.063398,168.280773,314.946969,0.30356,0.693879,0.437283,5.135872,3.481122,3.01255,0.687415,0.773213,4.727932,3.811885,4.764607,6.291189,4.800324,6.420756,4.585426,4.385665,3.314093,3.462107,0.933314,0.840915,0.711029,0.930548,0.968888,,,,,,,,,,11.0,0.511985,0.413698,,,2.65,6.71,13.0,,76.676253,4.339592,0.000203,0.000164,0.00019,-0.000441,0.000104,9.7e-05,8.829902,1.006671,1.011985,-0.815048,1.056379,-0.511757,0.502145,-0.250203,0.289295,-0.037651,0.032476,-0.114686,0.113971,5.425409,0.326278,0.333002,0.273843,0.193483,0.168798,0.142842,0.136977,0.130919,0.1199,0.130724,0.133143,0.099694,10.321276,-10.056055,0.0,0.0,0.0,1.0,0.0,0.0,0.0,1.0,0.0,0.0,0.0,1.0,0.0,0.0,0.0,1.0,0.0,0.0,0.0,1.0,0.0,0.0,0.0,1.0,0.0,0.0,-11.512925,1003.09668,8.0,,,0.21,,,0.0,0.0,0.0,0.0,1.0,1.0,0.0,0.0,0,0,1,0,,0,,,0,0,0.0,1.0,0,0,0,0,0,0,1.0,0,0,0,1,0,0,,0,0,0,0,,,,0,1,0,0,0,0,0,,0,0,,0,0,0.0,,0.0,0,0,1
1464135471,1.092554,0.540367,0.233066,0.659234,0.714523,1.135567,1.454831,2.831881,6.550041,4.908563,1.524883,4.120295,2.732024,3.843584,1.147577,1.074607,0.813102,0.124228,0.970308,0.033441,0.260645,0.57301,0.362417,0.227664,0.211514,0.02572,2.289839,1.009445,-0.617969,1.251604,1.637757,2.295138,3.054038,2.779378,6.567159,4.928341,2.653491,3.485887,2.882564,3.659443,1.078223,1.075172,0.757249,0.012754,0.005925,0.151629,1.585107,1.740893,0.834193,-0.565078,-0.860426,0.666223,,,,,,,,,,,,,,,,,,,,,,,,,,,,,,,,1026.315768,237.172322,134.151958,282.551419,819.677941,1026.480957,1216.374914,2.701246,5.83114,4.994956,1.115673,3.263039,0.500758,0.778206,0.598094,1.154906,0.804955,914.148571,163.474286,137.44,346.173269,117.58483,307.622228,-0.118901,-0.58307,0.120071,5.082765,1.10363,3.333998,0.481966,0.778664,5.080697,3.682799,4.585385,3.824741,2.714971,4.44807,5.134457,5.298416,3.602103,5.282499,0.963861,0.932156,0.879961,0.814523,0.445866,,,,,,,,,,8.0,0.352767,0.351994,,,0.75,6.18,22.155001,,52.876862,3.967966,0.000147,0.000144,-0.000423,-0.000259,7.3e-05,0.000127,9.673859,0.586225,1.026475,-0.813572,0.879616,-0.510908,0.503794,-0.217243,0.222148,-0.01101,0.086784,-0.061981,0.082497,5.305684,0.263582,0.260003,0.245311,0.218396,0.154094,0.145772,0.112925,0.106542,0.095904,0.082679,0.082448,0.083105,10.326858,-10.060333,0.0,0.0,0.0,1.0,0.0,0.0,0.0,1.0,0.0,0.0,0.0,1.0,0.0,0.0,0.0,1.0,0.0,0.0,0.0,1.0,0.0,0.0,0.0,1.0,0.0,0.0,-11.512925,1002.345459,8.0,,,0.19,,,0.0,0.0,0.0,0.0,1.0,1.0,0.0,0.0,0,0,1,0,,0,,,0,0,0.0,1.0,0,0,0,0,0,0,1.0,0,0,0,1,0,0,,0,0,0,0,,,,0,1,0,0,0,0,0,,0,0,,0,0,0.0,,0.0,0,0,1
1464135771,1.093948,0.525476,0.250675,0.656659,0.736088,1.128297,1.423134,2.813332,6.557602,4.935481,1.349065,4.055925,2.85096,3.79303,1.159716,1.094709,0.702161,0.139705,0.96352,0.026971,0.262803,0.558551,0.3784,0.273811,0.221039,-0.04749,2.328928,1.047644,-0.391823,1.299939,1.595666,2.304264,3.18066,2.685473,6.566207,4.998419,2.869091,3.484466,2.676622,3.743894,1.136408,1.075069,0.638549,0.072876,-0.078688,0.125099,1.542473,1.857665,0.814966,-0.631354,-0.852423,0.707487,99.69107,7.609933,-9.093216,11.776343,99.552991,102.101814,104.342796,1.93202,6.666439,5.077749,0.096157,0.031184,0.000878,0.000677,0.442274,0.0,0.0,-67.436726,-68.726345,24.255533,4.081646,7.99149,7.506216,0.396274,0.271155,-0.474533,0.996585,0.994748,0.993273,0.990557,0.985463,1095.097728,219.729976,142.908188,261.254978,922.674374,1053.998102,1270.993312,2.856103,5.763807,5.06557,2.209636,2.575618,0.882686,0.659886,0.590309,1.077508,0.81215,1072.024615,144.96,78.375385,214.679495,102.138435,120.863027,0.303857,0.205927,-0.187564,5.072197,2.214223,2.562289,0.778997,0.618054,4.739946,3.312884,4.742045,3.939974,1.700054,4.240806,5.103177,5.161678,4.35229,4.882868,0.981661,0.98003,0.982252,0.979564,0.966986,,,,,,,,,,3.0,1.266469,0.924616,,,,,44.0,,316.960992,5.758779,0.001201,0.000717,0.002548,-0.001521,0.000288,0.000172,8.123048,0.760118,1.053303,-0.708737,0.940464,-0.526332,0.511253,-0.227253,0.249651,-0.015397,0.095372,-0.077004,0.093899,5.358523,0.341334,0.216058,0.212326,0.202684,0.153428,0.136218,0.11969,0.11207,0.101141,0.08735,0.080481,0.085282,10.32712,-10.060534,0.0,0.0,0.0,1.0,0.0,0.0,0.0,1.0,0.0,0.0,0.0,1.0,0.0,0.0,0.0,1.0,0.0,0.0,0.0,1.0,0.0,0.0,1.0,0.0,0.0,0.0,-11.512925,1002.784668,8.0,,,0.18,,,0.0,0.0,0.0,0.0,1.0,1.0,0.0,0.0,0,0,1,0,,0,,,0,0,0.0,1.0,0,0,0,0,0,0,1.0,0,0,0,1,0,0,,0,0,0,0,,,,0,1,0,0,0,0,0,,0,0,,0,0,0.0,,0.0,0,0,1
1464136070,1.023512,0.35631,0.192033,0.409566,0.693156,0.993319,1.34798,2.906497,6.622917,4.985322,0.087591,3.989532,1.236918,0.861676,0.714503,0.538096,0.864492,-0.087465,0.204303,0.975457,0.153945,0.107318,0.372035,0.332521,-0.399119,-0.497153,1.151582,0.534166,0.453684,0.694832,0.754944,1.044284,1.502566,2.724659,6.572541,4.816956,2.485406,3.06373,3.351524,3.498315,1.156323,1.076153,0.338267,-0.014508,-0.030759,-0.00216,0.839502,0.515941,0.799596,-0.245453,0.681389,-0.111332,,,,,,,,,,,,,,,,,,,,,,,,,,,,,,,,1250.940055,307.599732,134.44242,391.08687,1004.628848,1267.109807,1469.035052,2.622281,5.827062,5.103102,2.673385,3.004769,1.220935,0.614128,0.741222,1.075063,0.594075,1174.651429,45.28,-53.234286,365.612892,233.673781,294.112645,0.341718,0.458478,0.347817,5.188791,2.928631,3.157097,0.887062,0.549547,5.799415,5.403431,5.839603,4.366533,3.034788,6.158368,4.481637,5.264156,4.635798,4.003468,0.93504,0.891692,0.831362,0.863715,0.978806,,,,,,,,,,17.0,0.260131,0.651648,,,0.95,1.69,3.9,,91.934076,4.521072,6.4e-05,0.000189,0.000263,0.00078,2.7e-05,4.8e-05,3.117571,2.813231,1.883973,-0.56489,1.235122,-0.398386,0.563615,-0.424178,0.081552,-0.01018,0.066833,-0.122016,0.073097,5.310786,1.161982,0.558321,0.407842,0.419522,0.32035,0.288356,0.241856,0.250771,0.210208,0.141603,0.169322,0.159949,10.397208,-10.113775,0.0,0.0,0.0,1.0,0.0,0.0,0.0,1.0,0.0,0.0,0.0,1.0,0.0,0.0,0.0,1.0,0.0,0.0,0.0,1.0,0.0,0.0,0.0,1.0,0.0,0.0,9.096948,1002.912109,8.0,,,0.17,,,0.0,0.0,0.0,0.0,1.0,1.0,0.0,0.0,0,0,1,0,,0,,,0,0,0.0,1.0,0,0,0,0,0,0,1.0,0,0,0,1,0,0,,0,0,0,0,,,,0,1,0,0,0,0,0,,0,0,,0,0,0.0,,0.0,0,0,1
1464136371,1.114621,0.546076,0.272562,0.678312,0.705187,1.149854,1.470888,2.832202,6.553048,4.920054,1.399102,4.11804,2.844406,3.751586,1.128897,1.076156,0.829684,0.216193,0.953044,0.024334,0.301532,0.57529,0.403826,0.419278,0.175995,0.006633,2.505414,1.121608,-0.375981,1.413038,1.75294,2.47207,3.334054,2.66358,6.567183,4.934383,2.704684,3.487324,2.7062,3.824288,1.104503,1.07582,0.76137,0.049109,-0.018678,0.168306,1.52828,2.072976,0.933352,-0.58476,-0.842712,0.743303,124.055969,5.791983,-7.854689,12.494567,120.433821,124.635892,127.998517,1.788789,6.668355,5.053467,0.452116,0.047723,0.001693,0.001703,0.438578,1.076251,0.554868,-93.263528,-60.870304,53.084086,9.163928,4.268984,10.001447,0.867655,0.81628,0.742629,0.990049,0.986476,0.988803,0.989508,0.989352,1283.776288,334.644333,-192.951855,432.177813,1033.61114,1330.840055,1515.732028,2.57192,5.822001,5.062454,2.556136,2.797822,0.969698,0.503822,0.642944,1.076606,0.468277,1217.462857,170.537143,33.897143,366.766204,160.488282,295.544767,0.272332,0.395459,-0.02651,5.095222,2.490894,2.929515,0.877025,0.525359,4.695084,4.638971,4.962597,4.221336,2.851087,4.802712,5.087293,5.764685,4.823044,4.71667,0.947301,0.899653,0.921497,0.891387,0.841491,,,,,,,,,,11.0,0.493903,0.206689,,,,,13.0,,74.186064,4.306576,0.000162,6.1e-05,0.000467,-0.000118,6e-05,1.7e-05,7.260416,1.193086,1.016969,-0.842757,1.103274,-0.522848,0.55175,-0.306922,0.351219,-0.0776,0.081121,-0.129547,0.152268,5.674594,0.395593,0.266094,0.281599,0.174906,0.146128,0.138129,0.128007,0.114607,0.111939,0.116277,0.118714,0.094628,10.332767,-10.064856,0.0,0.0,0.0,1.0,0.0,0.0,0.0,1.0,0.0,0.0,0.0,1.0,0.0,0.0,0.0,1.0,0.0,0.0,0.0,1.0,0.0,0.0,0.0,1.0,0.0,0.0,-11.512925,1002.806641,8.0,,,0.15,,,0.0,0.0,0.0,0.0,1.0,1.0,0.0,0.0,0,0,1,0,,0,,,0,0,0.0,1.0,0,0,0,0,0,0,1.0,0,0,0,1,0,0,,0,0,0,0,,,,0,1,0,0,0,0,0,,0,0,,0,0,0.0,,0.0,0,0,6
1464136671,1.029014,0.282417,0.240484,0.41552,0.883533,0.992262,1.173739,2.311034,6.647097,4.996607,1.755175,3.074161,1.777444,2.265107,0.738222,1.31386,0.225675,0.19606,0.93018,0.147543,0.187288,0.304388,0.292328,0.277594,0.065521,-0.321194,1.566726,0.815452,0.691898,1.03839,0.905805,1.388971,2.179476,2.678055,6.543636,5.060115,3.345647,4.262617,2.715051,2.161674,1.246062,1.315065,0.264965,0.015038,-0.2061,0.069528,1.193768,1.096788,0.666355,-0.452264,-0.736399,0.491116,,,,,,,,,,,,,,,,,,,,,,,,,,,,,,,,1080.024229,223.769919,301.779373,416.271016,953.746298,1007.428409,1151.027367,2.086617,4.809296,5.002585,0.465316,1.941583,0.19529,0.346486,0.482504,0.514488,0.177078,163.776,-81.664,-846.144,479.880066,307.42208,377.20133,0.384232,0.607113,-0.044343,6.230069,5.291416,3.994131,2.03532,2.995777,6.121038,4.528013,3.880172,2.332423,2.648753,5.275189,1.129918,2.066607,0.235378,0.628928,0.913422,0.831901,0.4547,0.0,0.0,,,,,,,,,,4.0,0.058175,0.087919,,,,,21.988001,,10.863107,2.385372,2.6e-05,4e-05,-6e-05,9.2e-05,2e-06,2e-06,7.683326,1.038926,0.942136,-0.896864,1.082326,-0.499966,0.491177,-0.265628,0.301071,-0.041899,0.048697,-0.170839,0.090007,5.405875,0.387653,0.284551,0.297171,0.190063,0.159754,0.141911,0.129347,0.115957,0.13403,0.129276,0.143204,0.102041,10.330779,-10.063336,0.0,0.0,0.0,1.0,0.0,0.0,0.0,1.0,0.0,0.0,0.0,1.0,0.0,0.0,0.0,1.0,0.0,0.0,0.0,1.0,0.0,0.0,1.0,0.0,0.0,0.0,-11.512925,1001.578857,8.0,,,0.14,,,0.0,0.0,0.0,0.0,1.0,1.0,0.0,0.0,0,0,1,0,,0,,,0,0,0.0,1.0,0,0,0,0,0,0,1.0,0,0,0,1,0,0,,0,0,0,0,,,,0,1,0,0,0,0,0,,0,0,,0,0,0.0,,0.0,0,0,6
1464136971,1.011471,0.007909,-0.003457,0.010855,1.006354,1.011244,1.017046,2.351402,6.684581,5.042756,0.000628,0.003877,0.003468,0.027741,0.430029,0.318912,0.101389,-0.008012,0.005549,1.011393,0.005931,0.005342,0.007909,0.096993,0.009693,-0.074879,0.01124,0.00111,0.000659,0.001464,0.010492,0.011173,0.01191,2.56591,6.675989,5.025998,0.122054,0.36906,0.520419,1.657724,0.489953,0.219193,0.098354,-0.003899,-0.006945,-0.007709,0.00155,0.001143,0.000998,-0.17145,0.126303,-0.020188,109.475565,2.840989,-6.595817,10.350697,109.329631,109.627722,110.054151,0.296435,6.671651,5.042822,0.00235,0.003046,0.001266,0.001291,0.429623,2.092649,0.037321,-74.309241,-8.569367,-79.908304,1.949668,1.959871,2.16652,0.271747,0.898434,-0.141218,0.99997,0.999913,0.999792,0.999607,0.998859,,,,,,,,,,,,,,,,,,,,,,,,,,,,,,,,,,,,,,,,,,,,,,,,,,,,,,,,3.0,0.229205,0.20677,,,,,24.124001,,35.784674,3.57752,0.000121,0.000108,-0.000258,-0.00023,7e-06,6e-06,2.057952,1.357455,2.361471,0.076716,1.337984,-0.08737,0.410271,-0.527888,0.026226,-0.223198,-0.035636,-0.17647,0.017832,5.221552,0.559907,0.579102,0.30788,0.373435,0.228967,0.213718,0.174343,0.156292,0.158466,0.173269,0.141122,0.11882,7.860185,-7.834595,0.0,0.0,0.0,1.0,0.0,0.0,0.0,1.0,0.0,0.0,0.0,1.0,0.0,0.0,0.0,1.0,0.0,0.0,0.0,1.0,0.0,0.0,0.0,1.0,0.0,0.0,6.693324,1001.710693,8.0,,,0.12,,,0.0,0.0,0.0,0.0,1.0,1.0,0.0,0.0,0,1,0,0,,0,,,0,1,,,0,0,0,0,0,0,0.0,0,0,0,0,0,0,,0,0,0,0,,,,0,0,0,0,0,0,0,,0,0,,0,0,0.0,,1.0,0,0,2
1464137271,1.012326,0.007659,-0.0055,0.011064,1.007432,1.012655,1.017575,2.266692,6.684583,5.043955,0.000473,0.002452,0.002249,0.028004,0.430299,0.757235,0.090409,-0.008649,0.003738,1.012257,0.004993,0.005002,0.007661,0.030688,0.001032,-0.038484,0.011606,0.003177,0.007755,0.012869,0.010706,0.011374,0.012099,0.562885,6.660904,5.001654,0.454681,0.51777,1.164176,2.519629,0.580231,0.219118,0.351273,-0.004392,-0.00745,-0.007277,0.001552,0.003492,0.001566,0.453764,0.198116,0.1207,,,,,,,,,,,,,,,,,,,,,,,,,,,,,,,,1038.635594,180.788102,366.399124,551.338308,1012.766505,1021.058275,1030.401858,0.326619,5.915716,5.030188,0.053365,0.154346,0.042212,0.102834,0.431429,3.38776,0.010972,-862.272,446.528,-147.968,164.478913,258.68733,229.523423,-0.511339,-0.490484,0.526301,5.055467,0.058174,0.139821,0.03059,0.141346,5.19506,0.306468,0.526718,0.3753,0.685233,5.082102,3.179268,3.856934,2.92846,3.434626,0.980245,0.960791,0.924801,0.886058,0.645026,,,,,,,,,,3.0,0.050218,0.044973,,,,,23.097,,7.158512,1.968302,2.4e-05,2.2e-05,-5.2e-05,-4.6e-05,4e-06,4e-06,-8.396434,1.451389,2.990961,0.644858,1.145277,-0.088174,0.167349,-0.431348,-0.021368,-0.363153,-0.035844,-0.209141,0.07637,4.508623,0.414682,0.443008,0.282362,0.173315,0.14405,0.164651,0.1062,0.128711,0.102396,0.090943,0.07902,0.07988,9.849031,-9.675582,0.0,0.0,0.0,1.0,1.0,0.0,0.0,0.0,0.0,0.0,0.0,0.0,1.0,0.0,0.0,1.0,0.0,0.0,0.0,1.0,0.0,0.0,0.0,1.0,0.0,0.0,6.618739,1001.55249,8.0,,,0.11,,,0.0,0.0,0.0,0.0,1.0,1.0,0.0,0.0,0,1,0,0,,0,,,0,1,,,0,0,0,0,0,0,0.0,0,0,0,0,0,0,,0,0,0,0,,,,0,0,0,0,0,0,0,,0,0,,0,0,0.0,,1.0,0,0,2
1464137571,1.012283,0.007524,0.002389,0.009921,1.007364,1.012201,1.017575,2.508238,6.684584,5.043544,0.000524,0.002063,0.002846,0.025901,0.430163,2.271506,0.094877,-0.008561,0.004876,1.012212,0.004891,0.004728,0.007524,0.019783,-0.040397,-0.046998,0.011883,0.001134,-0.000946,0.001909,0.011173,0.01191,0.012514,1.96185,6.677378,5.024818,0.082747,0.347449,0.426637,1.591845,0.483052,1.692593,0.097628,-0.004958,-0.008043,-0.007051,0.001051,0.001222,0.000956,0.008678,0.108835,0.058758,78.594206,2.030762,-4.753676,7.457761,78.578046,78.705316,78.908621,0.22882,6.672918,5.044748,0.001928,0.00313,0.001273,0.001316,0.43008,3.347572,0.013305,-65.667762,6.340202,-42.702023,1.687157,1.065142,1.12976,-0.214476,0.976816,-0.271486,0.999979,0.999955,0.999871,0.999796,0.999212,,,,,,,,,,,,,,,,,,,,,,,,,,,,,,,,,,,,,,,,,,,,,,,,,,,,,,,,4.0,0.029462,0.044878,,,,,25.805,,5.424457,1.690918,1.3e-05,2e-05,-3e-05,4.6e-05,2e-06,3e-06,1.736771,2.599945,2.724885,0.530674,0.913734,-0.29481,0.038577,-0.410702,0.07221,-0.211729,0.011838,-0.215327,0.017935,5.045128,0.655752,0.327389,0.16081,0.181506,0.161514,0.095289,0.098253,0.110562,0.097797,0.081328,0.082268,0.080829,7.593374,-7.573719,0.0,0.0,0.0,1.0,1.0,0.0,0.0,0.0,0.0,0.0,0.0,0.0,1.0,0.0,0.0,1.0,0.0,0.0,0.0,1.0,0.0,0.0,0.0,1.0,0.0,0.0,6.642487,1001.705566,8.0,,,0.17,,,0.0,0.0,0.0,0.0,1.0,1.0,0.0,0.0,0,1,0,0,,0,,,0,1,,,0,0,0,0,0,0,0.0,0,0,0,0,0,0,,0,0,0,0,,,,0,0,0,0,0,0,0,,0,0,,0,0,0.0,,1.0,0,0,2
1464137871,1.011851,0.007582,-0.001551,0.009978,1.006806,1.011734,1.017523,2.554784,6.684584,5.043424,0.000464,0.00209,0.002129,0.02549,0.430112,0.737367,0.087944,-0.008386,0.00426,1.011785,0.004614,0.004825,0.007584,-0.004978,-0.015927,-0.064495,0.01181,0.001148,-0.000882,0.001757,0.011122,0.011814,0.012514,2.093709,6.674751,5.039406,0.060474,0.455098,0.360815,1.565979,0.486335,0.657313,0.108145,-0.00474,-0.008311,-0.006722,0.001228,0.001217,0.001043,-0.019031,0.103504,0.031497,78.661385,2.067982,-4.862103,7.613307,78.635621,78.809104,79.007792,0.06809,6.669104,5.043041,0.001153,0.003083,0.001323,0.001369,0.429626,1.335216,0.013507,-65.716523,6.250127,-42.769416,1.741566,0.806409,1.121729,-0.194724,0.972774,-0.27091,0.999964,0.999943,0.999918,0.999851,0.999868,,,,,,,,,,,,,,,,,,,,,,,,,,,,,,,,,,,,,,,,,,,,,,,,,,,,,,,,3.0,0.029462,0.044878,,,,,25.885,,5.424457,1.690918,1.4e-05,2.2e-05,-3e-05,4.6e-05,3e-06,4e-06,3.360884,1.379889,3.099505,0.697545,1.065938,-0.118899,0.097474,-0.475192,-0.046145,-0.336702,-0.000292,-0.1901,0.068877,4.817258,0.32603,0.405762,0.261922,0.158847,0.131657,0.11646,0.096386,0.108851,0.088154,0.08385,0.075893,0.084669,6.37332,-6.367477,0.0,0.0,0.0,1.0,1.0,0.0,0.0,0.0,0.0,0.0,0.0,0.0,1.0,0.0,0.0,1.0,0.0,0.0,0.0,1.0,0.0,0.0,0.0,1.0,0.0,0.0,6.642487,1001.621826,8.0,,,0.25,,,0.0,0.0,0.0,0.0,1.0,1.0,0.0,0.0,0,1,0,0,,0,,,0,1,,,0,0,0,0,0,0,0.0,0,0,0,0,0,0,,0,0,0,0,,,,0,0,0,0,0,0,0,,0,0,,0,0,0.0,,1.0,0,0,2
1464138171,1.014438,0.007433,0.001453,0.009917,1.009314,1.014467,1.019508,2.418829,6.684585,5.043525,0.000696,0.002861,0.001907,0.024944,0.430136,1.455003,0.091195,-0.009205,0.006078,1.014357,0.004684,0.004651,0.00743,-0.042642,-0.087337,-0.0183,0.01222,0.001564,0.000502,0.002248,0.011336,0.012099,0.013177,2.247461,6.673819,5.018475,0.160603,0.567981,0.526087,2.079079,0.520888,2.050384,0.114078,-0.004778,-0.00839,-0.007255,0.001239,0.001783,0.001093,0.242646,0.107337,0.110329,,,,,,,,,,,,,,,,,,,,,,,,,,,,,,,,1036.752823,17.342031,-11.740371,24.957147,1029.065595,1037.257924,1046.533261,2.484039,5.926786,5.046696,0.006497,0.020981,0.018004,0.087533,0.432511,2.9922,0.105993,13.098667,530.368,-890.538667,11.689693,11.269453,19.303001,0.037902,-0.042474,0.039403,4.871539,3.502671,4.718057,4.197954,4.485814,5.049512,0.025411,0.076974,0.037672,0.083574,5.045728,0.006052,0.027116,0.023694,0.14348,0.999717,0.999688,0.99969,0.999681,0.999667,,,,,,,,,,3.0,0.139849,0.125487,,,,,13.939,,20.843241,3.03703,6.5e-05,5.7e-05,0.00015,0.000134,1.5e-05,1.3e-05,-0.289518,1.804028,2.881719,0.490433,1.076513,0.038308,0.163799,-0.437633,-0.066571,-0.383833,-0.094111,-0.250951,0.065329,4.521313,0.424073,0.361966,0.182678,0.108326,0.10099,0.103181,0.120519,0.128004,0.112802,0.092962,0.082897,0.080498,7.612831,-7.592793,0.0,0.0,0.0,1.0,1.0,0.0,0.0,0.0,0.0,0.0,0.0,0.0,1.0,0.0,0.0,1.0,0.0,0.0,0.0,1.0,0.0,0.0,0.0,1.0,0.0,0.0,6.900731,1001.505859,8.0,,,0.32,,,0.0,0.0,0.0,0.0,0.0,1.0,1.0,0.0,0,1,0,0,,0,,,0,1,,,0,0,0,0,0,0,0.0,0,0,0,0,0,0,,0,0,0,0,,,,0,0,0,0,0,0,0,,0,0,,0,0,0.0,,1.0,0,0,2
1464138272,1.013219,0.007564,-0.003622,0.010135,1.00826,1.013172,1.018614,2.480174,6.684584,5.04295,0.000848,0.002991,0.002721,0.023866,0.429981,5.737715,0.073228,-0.009661,0.005656,1.013135,0.0047,0.004877,0.007567,0.000494,0.046305,0.005065,0.011935,0.001063,-0.000696,0.001463,0.011173,0.01191,0.012694,2.293192,6.670537,5.030091,0.124147,0.337162,0.265712,1.458698,0.475917,4.517524,0.100932,-0.004862,-0.008429,-0.006735,0.001092,0.001061,0.001099,0.121142,0.112295,0.109679,78.812994,2.059593,-4.829066,7.557781,78.802051,78.978418,79.137725,0.068392,6.66402,5.044188,0.001967,0.002725,0.001365,0.001345,0.42995,3.906362,0.018018,-65.323851,6.390153,-43.626276,1.710604,0.468595,1.136986,-0.553548,0.981436,-0.569252,0.999985,0.999978,0.999965,0.999969,0.999948,1047.836282,12.293355,8.141835,17.472383,1039.999984,1046.869619,1054.696165,2.424813,5.926857,5.043472,0.004565,0.017335,0.015418,0.025273,0.430605,1.238099,0.157236,-58.410667,1019.818667,227.712,12.455013,13.216925,49.874961,0.030002,0.04655,-0.507981,5.133741,1.026899,1.507496,1.439699,2.058172,5.052609,0.005714,0.015433,0.013421,0.018916,4.866181,0.390264,0.821645,0.684572,1.513849,0.999395,0.999142,0.99825,0.996975,0.994678,,,,,,,,,,3.0,0.0,0.0,,,,,17.392,,0.0,-6.907755,0.0,0.0,0.0,0.0,0.0,0.0,4.123454,1.698731,3.065831,0.660878,1.073764,-0.06226,0.05942,-0.489497,-0.065752,-0.343368,-0.034045,-0.183766,0.108507,4.718916,0.29153,0.365037,0.150316,0.12232,0.088411,0.086714,0.08901,0.078176,0.08077,0.074968,0.068847,0.066195,6.282267,-6.276931,0.0,0.0,0.0,1.0,1.0,0.0,0.0,0.0,0.0,0.0,0.0,0.0,1.0,0.0,0.0,1.0,0.0,0.0,0.0,1.0,0.0,0.0,0.0,1.0,0.0,0.0,6.972606,1001.959961,8.0,,,0.33,,,0.0,0.0,0.0,0.0,0.0,1.0,1.0,0.0,0,1,0,0,,0,,,0,1,,,0,0,0,0,0,0,0.0,0,0,0,0,0,0,,0,0,0,0,,,,0,0,0,0,0,0,0,,0,0,,0,0,0.0,,1.0,0,0,2
1464138293,1.015192,0.007798,0.003349,0.010714,1.010239,1.015128,1.020493,2.343651,6.684582,5.043503,0.001202,0.002394,0.002431,0.026011,0.430154,2.64976,0.098977,-0.009989,0.004955,1.015105,0.005439,0.004962,0.007801,0.026919,0.056158,-0.024164,0.012399,0.001255,0.001237,0.002239,0.011718,0.012423,0.013047,1.749457,6.67205,5.052016,0.370092,0.58206,0.430718,1.364349,0.490902,2.468288,0.108647,-0.005616,-0.008707,-0.006616,0.001412,0.001071,0.001027,-0.012801,0.107987,0.055864,78.880427,2.515787,-5.795065,8.97071,78.947849,79.130808,79.237749,0.077897,6.667634,5.048662,0.002563,0.004644,0.001734,0.001686,0.431171,3.865896,0.016439,-65.471817,5.841652,-43.603075,2.105401,0.439086,1.383351,-0.547028,0.97425,-0.519262,0.999985,0.999971,0.999969,0.999961,0.999936,1070.210921,130.414264,166.815732,253.406563,1042.64268,1052.509382,1064.63134,1.172335,5.91991,5.016493,0.08891,0.460911,0.084561,0.229682,0.435188,1.076976,0.257245,-34.133333,867.136,8.362667,159.76801,314.724888,533.499637,-0.330149,-0.422266,0.859803,5.339187,5.489883,5.045831,2.800245,1.883566,5.279439,0.197983,0.94645,0.081243,0.104022,6.478942,1.890828,3.13407,1.486335,2.133886,0.93557,0.9076,0.792918,0.583896,0.122481,,,,,,,,,,3.0,0.0,0.0,,,,,10.5,,0.0,-6.907755,0.0,0.0,0.0,0.0,0.0,0.0,-5.607226,1.605435,2.656573,0.459037,1.052506,-0.152634,0.127675,-0.46042,0.051194,-0.26978,-0.025624,-0.199185,0.076285,5.689816,0.580045,0.804648,0.381268,0.189582,0.170685,0.159153,0.106202,0.167586,0.129676,0.095109,0.097769,0.083954,9.557541,-9.425189,0.0,0.0,0.0,1.0,1.0,0.0,0.0,0.0,0.0,0.0,0.0,0.0,1.0,0.0,0.0,1.0,0.0,0.0,0.0,1.0,0.0,0.0,0.0,1.0,0.0,0.0,6.974479,1001.476807,8.0,,,0.33,,,0.0,0.0,0.0,0.0,0.0,1.0,1.0,0.0,0,1,0,0,,0,,,0,1,,,0,0,0,0,0,0,0.0,0,0,0,0,0,0,,0,0,0,0,,,,0,0,0,0,0,0,0,,0,0,,0,0,0.0,,1.0,0,0,2
1464138348,1.013655,0.007557,0.001701,0.009868,1.008341,1.013216,1.019062,2.529557,6.684584,5.044257,0.000541,0.001568,0.002455,0.026607,0.430344,1.095871,0.078161,-0.009716,0.004327,1.013571,0.005341,0.005358,0.007561,-0.010664,0.044153,-0.053371,0.012082,0.001186,-0.000792,0.001829,0.011374,0.012099,0.012783,2.048972,6.679688,5.036915,0.117287,0.271187,0.428787,1.60277,0.486717,0.318799,0.108093,-0.005152,-0.008606,-0.006487,0.001521,0.001124,0.00106,-0.09434,0.145891,0.034944,78.943056,2.105214,-4.933688,7.718891,78.910147,79.091958,79.258184,0.067792,6.674155,5.045156,0.002683,0.003304,0.00129,0.001365,0.430222,4.922673,0.024601,-65.413636,6.431667,-43.716667,1.766722,0.719659,1.158353,-0.164481,0.973952,-0.177724,0.999982,0.99994,0.999929,0.999903,0.999861,1043.512897,30.970818,25.040905,52.061189,1026.793056,1041.137839,1056.954113,1.960233,5.926487,5.053143,0.014113,0.235414,0.117173,0.245465,0.441081,2.19384,0.163489,-529.301333,598.336,232.021333,55.722095,99.462685,620.387629,0.805541,-0.960486,-0.863065,5.15386,0.165854,0.191167,0.06002,0.151329,4.950568,0.692611,0.464225,0.144284,0.354338,6.405312,2.724782,2.441116,0.585442,0.867715,0.988098,0.962384,0.794683,0.404806,0.209751,,,,,,,,,,4.0,0.013508,0.012027,,,,,13.318,,1.887741,0.635381,6e-06,6e-06,1.4e-05,1.2e-05,1e-06,1e-06,-0.378126,1.529201,2.875766,0.521225,1.058316,-0.135541,0.115748,-0.411918,0.028971,-0.265743,0.009209,-0.186273,0.08192,4.761131,0.429196,0.43726,0.284623,0.150365,0.189398,0.117883,0.130243,0.11615,0.09379,0.091309,0.095663,0.079996,7.666222,-7.645097,0.0,0.0,0.0,1.0,1.0,0.0,0.0,0.0,0.0,0.0,0.0,0.0,1.0,0.0,0.0,1.0,0.0,0.0,0.0,1.0,0.0,0.0,0.0,1.0,0.0,0.0,6.991177,1001.362793,8.0,,,0.35,,,0.0,0.0,0.0,0.0,0.0,1.0,1.0,0.0,0,1,0,0,,0,,,0,1,,,0,0,0,0,0,0,0.0,0,0,0,0,0,0,,0,0,0,0,,,,0,0,0,0,0,0,0,,0,0,,0,0,0.0,,1.0,0,0,2
1464138441,1.013196,0.015353,-0.037639,0.06494,1.008786,1.013658,1.019052,0.82279,6.684487,5.043351,0.004625,0.016763,0.016726,0.115031,0.432044,3.506723,0.105566,-0.009287,0.005204,1.013103,0.006675,0.005076,0.015563,0.037224,-0.551912,-0.102443,0.012487,0.003367,0.007586,0.012573,0.011374,0.012285,0.01322,0.862983,6.658837,5.037535,1.111596,2.159941,2.173635,3.681977,0.957567,2.946716,0.297732,-0.004726,-0.008505,-0.007258,0.002326,0.003685,0.000973,0.740191,0.045876,0.059342,,,,,,,,,,,,,,,,,,,,,,,,,,,,,,,,1003.815437,12.048273,-3.819947,17.184774,996.505877,1003.928284,1010.805618,2.373961,5.926854,5.044962,0.007466,0.03031,0.013779,0.025124,0.431192,6.031141,0.128948,-957.162667,-143.189333,-264.448,10.818882,19.85612,26.133847,-0.106837,-0.082425,0.116798,5.045613,0.005078,0.037728,0.014656,0.019531,5.060906,0.363279,0.951731,0.786069,0.774377,5.032451,0.245622,0.74288,0.812909,1.243288,0.999105,0.999067,0.999022,0.99893,0.998087,,,,,,,,,,3.0,0.0,0.0,,,,,14.918,,0.0,-6.907755,0.0,1e-06,0.0,0.0,0.0,0.0,-7.862962,1.819054,2.794369,0.511208,1.081116,-0.016972,0.167141,-0.383414,0.013276,-0.317541,-0.052528,-0.216585,0.079791,4.639678,0.609662,0.508099,0.258292,0.187863,0.128753,0.168065,0.155002,0.128378,0.122279,0.100232,0.084499,0.072588,9.888019,-9.708259,0.0,0.0,0.0,1.0,1.0,0.0,0.0,0.0,0.0,0.0,0.0,0.0,1.0,0.0,0.0,1.0,0.0,0.0,0.0,1.0,0.0,0.0,0.0,1.0,0.0,0.0,6.97073,1001.539551,8.0,,,0.37,,,0.0,0.0,0.0,0.0,0.0,1.0,1.0,0.0,0,1,0,0,,0,,,0,1,,,0,0,0,0,0,0,0.0,0,0,0,0,0,0,,0,0,0,0,,,,0,0,0,0,0,0,0,,0,0,,0,0,0.0,,1.0,0,0,2
1464138471,1.014738,0.007273,-0.00437,0.009379,1.010142,1.01465,1.020496,2.639712,6.684586,5.04381,0.000632,0.001987,0.00239,0.020174,0.430127,4.504069,0.104651,-0.009822,0.005338,1.014654,0.004656,0.004934,0.007269,0.047283,-0.026709,0.045216,0.01235,0.000997,-0.000377,0.001304,0.011766,0.012423,0.013003,2.625004,6.678837,5.040544,0.111063,0.348367,0.276418,1.348838,0.473531,5.374855,0.100164,-0.004931,-0.008465,-0.007379,0.000938,0.0011,0.001,-0.050952,-0.002295,-0.051858,,,,,,,,,,,,,,,,,,,,,,,,,,,,,,,,1018.823445,13.749122,-7.589455,18.930707,1010.172259,1019.144739,1027.322734,2.45114,5.926835,5.047301,0.00777,0.040104,0.010587,0.027918,0.431995,4.434376,0.142793,-879.808,504.170667,-81.152,17.017182,41.00462,37.194922,0.443873,-0.072991,0.259962,5.047406,0.010592,0.031775,0.014024,0.030241,5.049763,0.061685,0.194352,0.097683,0.228384,5.063079,2.094535,3.480901,2.509597,3.436863,0.997972,0.997782,0.99758,0.996788,0.986595,,,,,,,,,,3.0,0.0,0.0,,,,,14.926,,0.0,-6.907755,0.0,1e-06,0.0,0.0,0.0,0.0,1.923509,1.606753,3.039832,0.65468,1.071192,-0.056204,0.110409,-0.438996,-0.02903,-0.317115,-0.0309,-0.199972,0.118699,4.749942,0.317154,0.379039,0.233776,0.120089,0.090539,0.103286,0.095006,0.08027,0.081856,0.075352,0.075506,0.07245,6.863803,-6.854279,0.0,0.0,0.0,1.0,1.0,0.0,0.0,0.0,0.0,0.0,0.0,0.0,1.0,0.0,0.0,1.0,0.0,0.0,0.0,1.0,0.0,0.0,0.0,1.0,0.0,0.0,6.976348,1001.622803,8.0,,,0.37,,,0.0,0.0,0.0,0.0,0.0,1.0,1.0,0.0,0,1,0,0,,0,,,0,1,,,0,0,0,0,0,0,0.0,0,0,0,0,0,0,,0,0,0,0,,,,0,0,0,0,0,0,0,,0,0,,0,0,0.0,,1.0,0,0,2
1464138563,1.013575,0.007617,-0.002711,0.010143,1.008801,1.013643,1.019013,2.598013,6.684583,5.043163,0.000815,0.004708,0.002285,0.022501,0.430046,2.5071,0.082887,-0.009465,0.004484,1.013492,0.005583,0.005244,0.007619,0.04629,0.016461,-0.019774,0.011722,0.001188,-0.000637,0.001771,0.011019,0.011766,0.012514,2.075229,6.671868,5.051806,0.134529,0.623311,0.442191,1.643135,0.498293,2.049961,0.124909,-0.005106,-0.00801,-0.006644,0.001413,0.001154,0.001061,-0.040235,0.098071,0.015696,78.746408,2.88194,-6.548773,10.070378,78.846109,78.993902,79.161308,0.087724,6.666159,5.047721,0.003142,0.006093,0.002196,0.00199,0.430967,3.94619,0.012095,-65.234427,6.579008,-43.611832,2.372157,0.493098,1.620605,-0.647033,0.988818,-0.653551,0.999987,0.999973,0.999969,0.999968,0.999933,1045.050021,31.924304,-31.317866,62.39715,1031.596808,1046.166335,1058.270282,1.729171,5.857461,5.04567,0.010542,0.346629,0.226916,0.206239,0.44141,0.319474,0.17799,-621.051429,399.954286,733.211429,42.352435,62.677753,64.491646,0.024574,0.436692,-0.523787,5.047856,0.080407,0.424531,0.217983,0.111555,5.230723,1.266814,0.959152,0.729926,0.441182,4.991516,0.371383,0.832877,0.383427,0.628651,0.998128,0.996903,0.992054,0.988122,0.995429,,,,,,,,,,3.0,0.036139,0.032274,,,,,13.81,,5.111294,1.631453,1.6e-05,1.4e-05,-3.7e-05,-3.3e-05,4e-06,3e-06,0.75223,1.51211,2.733559,0.586698,1.001856,-0.146603,0.115957,-0.428272,0.059951,-0.285882,-0.023715,-0.188346,0.091448,5.191217,0.484282,0.680015,0.312749,0.174328,0.165177,0.113233,0.105899,0.148402,0.091175,0.085275,0.08125,0.078988,7.340836,-7.325533,0.0,0.0,0.0,1.0,1.0,0.0,0.0,0.0,0.0,0.0,0.0,0.0,1.0,0.0,0.0,1.0,0.0,0.0,0.0,1.0,0.0,0.0,0.0,1.0,0.0,0.0,6.683361,1001.431885,8.0,,,0.39,,,0.0,0.0,0.0,0.0,0.0,1.0,1.0,0.0,0,1,0,0,,0,,,0,1,,,0,0,0,0,0,0,0.0,0,0,0,0,0,0,,0,0,0,0,,,,0,0,0,0,0,0,0,,0,0,,0,0,0.0,,1.0,0,0,2
1464138633,1.013722,0.008622,-0.008447,0.014829,1.008279,1.013655,1.019533,2.055339,6.684575,5.044475,0.001067,0.002735,0.003965,0.026066,0.430445,1.356582,0.106436,-0.01024,0.004446,1.013634,0.005025,0.005392,0.008633,-0.094402,-0.043882,-0.020687,0.012907,0.009905,0.023244,0.038068,0.010706,0.011814,0.013003,0.428211,6.558567,5.061492,3.297393,4.057929,3.182377,4.657345,2.137985,5.155555,0.245688,-0.004815,-0.007979,-0.006895,0.006955,0.008955,0.001322,0.955611,-0.328782,-0.299269,,,,,,,,,,,,,,,,,,,,,,,,,,,,,,,,1032.618472,19.548472,19.344866,36.213394,1021.79449,1031.875962,1042.274436,1.861655,5.926748,5.043328,0.008976,0.030191,0.018806,0.04366,0.431139,0.2392,0.109473,-527.189333,621.824,-391.765333,48.607971,124.649657,480.32179,0.220787,-0.910787,-0.060534,4.986115,0.021553,0.103173,0.054717,0.067502,5.112569,0.15366,0.190337,0.034274,0.054121,5.599467,0.995617,0.443252,0.152531,0.359917,0.99177,0.968747,0.857352,0.709074,0.190819,,,,,,,,,,3.0,0.0,0.0,,,,,14.952,,0.0,-6.907755,0.0,1e-06,0.0,0.0,0.0,0.0,-8.136535,1.699666,2.764375,0.408091,1.1118,-0.13695,0.15298,-0.432471,0.056227,-0.298764,-0.031463,-0.196313,0.075024,4.700383,0.470219,0.491298,0.306124,0.220554,0.183525,0.188908,0.126114,0.141308,0.103585,0.0957,0.097901,0.09615,10.02893,-9.824578,0.0,0.0,0.0,1.0,1.0,0.0,0.0,0.0,0.0,0.0,0.0,0.0,1.0,0.0,0.0,1.0,0.0,0.0,0.0,1.0,0.0,0.0,0.0,1.0,0.0,0.0,6.989335,1001.438965,8.0,,,0.41,,,0.0,0.0,0.0,0.0,0.0,1.0,1.0,0.0,0,1,0,0,,0,,,0,1,,,0,0,0,0,0,0,0.0,0,0,0,0,0,0,,0,0,0,0,,,,0,0,0,0,0,0,0,,0,0,,0,0,0.0,,1.0,0,0,2
1464138690,1.014462,0.007423,0.001206,0.009824,1.009345,1.014267,1.019587,2.524647,6.684585,5.043802,0.000563,0.002397,0.002584,0.024853,0.430205,0.079802,0.085325,-0.009755,0.004228,1.014378,0.005532,0.005113,0.007426,0.029816,0.061081,-0.014697,0.011969,0.001166,-0.000656,0.001601,0.011173,0.01191,0.012694,2.355382,6.669764,5.020391,0.179839,0.424752,0.348742,1.555177,0.481793,0.418211,0.077552,-0.005182,-0.008284,-0.006724,0.001204,0.001155,0.001061,0.040248,0.095696,0.003741,78.923497,2.043279,-4.785548,7.501238,78.870681,79.055981,79.251504,0.100365,6.664028,5.045279,0.005418,0.003259,0.001374,0.001358,0.430305,6.855916,0.028364,-65.327372,6.748087,-43.764719,1.696301,0.612359,1.134921,-0.417885,0.974386,-0.457332,0.999975,0.999953,0.999946,0.99994,0.999835,1032.416693,123.317416,123.209396,217.296207,982.779708,1035.992278,1082.589444,2.045176,5.919941,5.018392,0.392725,1.341476,0.96143,1.655184,0.519682,2.196773,0.177806,-395.861333,-192.021333,18.581333,333.001385,699.364984,535.879144,-0.772326,-0.393418,0.409977,5.890001,3.07059,2.945593,1.129154,1.260018,6.404722,2.514349,1.828267,0.849911,1.341501,6.545993,3.480271,4.013289,3.083326,4.703372,0.905764,0.718834,0.121774,0.053877,-0.11107,,,,,,,,,,3.0,0.0,0.0,,,,,14.928,,0.0,-6.907755,0.0,1e-06,0.0,0.0,0.0,0.0,-3.364594,1.456815,2.6301,0.429041,1.075278,-0.136201,0.131142,-0.430072,0.033398,-0.258304,-0.006669,-0.224875,0.061605,5.195915,0.520898,0.684848,0.35775,0.177144,0.181791,0.140059,0.11086,0.13667,0.119811,0.092605,0.104347,0.100353,8.57998,-8.528109,0.0,0.0,0.0,1.0,1.0,0.0,0.0,0.0,0.0,0.0,0.0,0.0,1.0,0.0,0.0,1.0,0.0,0.0,0.0,1.0,0.0,0.0,0.0,1.0,0.0,0.0,6.989335,1001.475342,8.0,,,0.41,,,0.0,0.0,0.0,0.0,0.0,1.0,1.0,0.0,0,1,0,0,,0,,,0,1,,,0,0,0,0,0,0,0.0,0,0,0,0,0,0,,0,0,0,0,,,,0,0,0,0,0,0,0,,0,0,,0,0,0.0,,1.0,0,0,2
1464138711,1.015255,0.008381,-0.010874,0.019129,1.010376,1.015595,1.020477,1.611435,6.684577,5.043222,0.000548,0.002788,0.002863,0.029758,0.430154,1.318181,0.096983,-0.01017,0.004335,1.01517,0.005182,0.004922,0.008384,0.028808,-0.048801,0.031443,0.01242,0.001285,0.001022,0.002077,0.011473,0.012423,0.013177,1.987068,6.669245,5.049437,0.18209,0.402647,0.372185,1.656042,0.494259,1.692344,0.122538,-0.00539,-0.008831,-0.00665,0.001298,0.001247,0.001181,-0.047486,0.122057,0.03137,79.32816,2.054513,-4.83433,7.571541,79.339805,79.505612,79.678236,0.068317,6.665302,5.046584,0.001573,0.00323,0.001325,0.001297,0.430566,4.124522,0.018226,-65.729809,5.031822,-44.118497,1.737095,0.872459,1.10932,-0.145498,0.973859,-0.264985,0.999984,0.999961,0.999902,0.999833,0.999679,1030.240661,48.373424,-19.986194,88.482098,1012.102734,1030.075725,1046.686195,1.818512,5.925818,5.047218,0.047755,0.130597,0.047412,0.155787,0.436272,0.838824,0.17054,-151.658667,217.898667,-806.784,135.075962,490.638703,288.761759,-0.620403,0.454721,-0.863434,5.222019,1.325569,1.261656,0.507532,0.605521,5.799243,1.515636,1.15068,0.20095,0.234371,5.186226,0.579881,0.187522,0.09163,0.253569,0.977295,0.916648,0.753208,0.604537,0.07905,,,,,,,,,,3.0,0.0,0.0,,,,,10.0,,0.0,-6.907755,0.0,1e-06,0.0,0.0,0.0,0.0,-5.530343,1.625491,2.937665,0.547041,1.065826,-0.127359,0.094632,-0.464862,0.026721,-0.294571,-0.014383,-0.200398,0.110083,4.609589,0.431274,0.460982,0.267043,0.150832,0.182902,0.129325,0.124154,0.117236,0.105404,0.097044,0.086689,0.082012,9.033603,-8.95313,0.0,0.0,0.0,1.0,1.0,0.0,0.0,0.0,0.0,0.0,0.0,0.0,1.0,0.0,0.0,1.0,0.0,0.0,0.0,1.0,0.0,0.0,0.0,1.0,0.0,0.0,6.687109,1001.469238,8.0,,,0.42,,,0.0,0.0,0.0,0.0,0.0,1.0,1.0,0.0,0,1,0,0,,0,,,0,1,,,0,0,0,0,0,0,0.0,0,0,0,0,0,0,,0,0,0,0,,,,0,0,0,0,0,0,0,,0,0,,0,0,0.0,,1.0,0,0,2
1464138771,1.014092,0.007867,-0.002632,0.01017,1.009179,1.014201,1.019528,2.611492,6.684582,5.043546,0.001323,0.002556,0.002899,0.026453,0.43019,0.458842,0.094726,-0.009937,0.005113,1.014006,0.004961,0.004975,0.007867,0.045091,-0.016964,0.013054,0.012351,0.001125,-0.001094,0.00201,0.011718,0.012423,0.013177,1.935516,6.670185,5.041404,0.056901,0.353201,0.231442,1.433055,0.476657,0.059738,0.095491,-0.005433,-0.008809,-0.006572,0.001159,0.001088,0.000997,0.040645,0.082666,0.046208,78.926334,2.899527,-6.586165,10.125674,79.049972,79.203932,79.327103,0.087821,6.664879,5.047151,0.002733,0.006597,0.002151,0.001942,0.430809,2.470801,0.01483,-65.2667,6.415873,-43.911057,2.375452,0.570957,1.648656,-0.570905,0.987758,-0.589107,0.999979,0.999961,0.999959,0.999949,0.99988,1031.841198,29.917184,16.915903,57.986905,1018.469439,1032.991772,1045.845113,1.669881,5.926506,5.041486,0.024285,0.13308,0.093109,0.359082,0.438217,2.39264,0.133883,-218.688,385.386667,-924.949333,58.238922,93.714786,39.223328,0.729335,0.076808,0.431203,5.433399,1.159548,1.097541,0.250327,0.362018,4.773425,0.993547,1.112749,0.532454,0.477611,5.086156,0.038114,0.160172,0.126214,0.469928,0.998584,0.996417,0.985811,0.984176,0.997556,,,,,,,,,,3.0,0.031111,0.02781,,,,,14.32,,4.390994,1.479556,1.3e-05,1.2e-05,3.2e-05,2.8e-05,3e-06,3e-06,1.090212,1.694112,3.005468,0.588473,1.031449,-0.09901,0.100997,-0.441442,-0.027979,-0.327253,-0.016978,-0.17877,0.108591,5.290408,0.375247,0.43074,0.318777,0.129824,0.104812,0.124196,0.107077,0.08068,0.086258,0.091179,0.074178,0.069583,7.052721,-7.041227,0.0,0.0,0.0,1.0,1.0,0.0,0.0,0.0,0.0,0.0,0.0,0.0,1.0,0.0,0.0,1.0,0.0,0.0,0.0,1.0,0.0,0.0,0.0,1.0,0.0,0.0,6.610696,1001.490234,8.0,,,0.44,,,0.0,0.0,0.0,0.0,0.0,1.0,1.0,0.0,0,1,0,0,,0,,,0,1,,,0,0,0,0,0,0,0.0,0,0,0,0,0,0,,0,0,0,0,,,,0,0,0,0,0,0,0,,0,0,,0,0,0.0,,1.0,0,0,2
1464138866,1.014173,0.007578,-0.001041,0.01016,1.009281,1.013987,1.019563,2.358947,6.684584,5.04311,0.000573,0.001943,0.002578,0.024536,0.430023,1.334814,0.092304,-0.009324,0.004859,1.014096,0.004856,0.004814,0.007579,-0.005471,0.005302,-0.010366,0.011912,0.001093,0.000431,0.001427,0.011173,0.01191,0.012694,2.605491,6.667814,5.023306,0.082326,0.298001,0.314464,1.478698,0.474793,0.517663,0.113373,-0.005026,-0.008486,-0.006478,0.001114,0.001155,0.001134,-0.071046,0.078546,0.024347,78.788704,2.459538,-5.671512,8.790466,78.869481,79.038696,79.164437,0.078243,6.662566,5.048122,0.002721,0.00451,0.00177,0.001592,0.431037,4.324378,0.028554,-65.170881,6.75954,-43.754866,2.072795,0.499471,1.319059,-0.474716,0.984618,-0.502284,0.999979,0.999964,0.99996,0.999959,0.999948,1039.4088,17.713863,-8.454348,23.931618,1028.202314,1039.522967,1051.087046,2.58144,5.857788,5.049974,0.024476,0.029793,0.024791,0.055194,0.433391,1.194943,0.132951,-636.16,663.68,480.342857,17.617446,43.08013,51.168485,0.601777,-0.420946,-0.758473,5.029625,0.035873,0.071417,0.026163,0.053143,5.119348,0.126575,0.064754,0.033282,0.095221,4.95061,0.31601,0.405581,0.327197,0.628061,0.998724,0.997555,0.996203,0.994558,0.996158,,,,,,,,,,3.0,0.014593,0.013015,,,,,13.805,,2.041618,0.713743,7e-06,6e-06,1.5e-05,1.3e-05,1e-06,1e-06,4.521507,1.577677,3.089275,0.668816,1.030802,-0.096732,0.084334,-0.444101,-0.013244,-0.283749,0.003738,-0.186472,0.094088,5.434809,0.262437,0.358656,0.158313,0.117525,0.096769,0.088916,0.089187,0.080091,0.080792,0.076236,0.068098,0.076653,5.97381,-5.969887,0.0,0.0,0.0,1.0,1.0,0.0,0.0,0.0,0.0,0.0,0.0,0.0,1.0,0.0,0.0,1.0,0.0,0.0,0.0,1.0,0.0,0.0,0.0,1.0,0.0,0.0,6.222576,1001.422607,8.0,,,0.46,,,0.0,0.0,0.0,0.0,0.0,1.0,1.0,0.0,0,1,0,0,,0,,,0,1,,,0,0,0,0,0,0,0.0,0,0,0,0,0,0,,0,0,0,0,,,,0,0,0,0,0,0,0,,0,0,,0,0,0.0,,1.0,0,0,2
1464138933,1.013963,0.008256,0.006924,0.014208,1.008662,1.013685,1.01957,1.882223,6.684579,5.044276,0.000821,0.003811,0.002141,0.032003,0.430476,2.328446,0.087451,-0.009769,0.004356,1.013878,0.005078,0.005586,0.008257,-0.093771,0.005674,0.073815,0.011952,0.001262,0.00158,0.002703,0.011173,0.01191,0.012694,1.72037,6.674265,5.045519,0.112033,0.476814,0.523494,1.867285,0.510212,0.358382,0.111147,-0.004993,-0.008442,-0.006584,0.001544,0.001202,0.001028,0.056238,0.089794,-0.027845,78.968201,2.031688,-4.784339,7.496696,78.990282,79.125465,79.277777,0.06809,6.669121,5.043648,0.002069,0.00315,0.001273,0.00129,0.42982,4.443983,0.02216,-65.363603,6.252487,-43.862284,1.692706,0.75788,1.127247,-0.211183,0.975846,-0.272185,0.999971,0.999927,0.999901,0.999896,0.99991,1032.728761,43.732886,41.027719,92.870201,1018.532277,1032.248032,1044.54392,1.39694,5.926035,5.058045,0.231808,0.58328,0.079016,0.143766,0.449109,0.678731,0.144781,-735.082667,586.730667,309.333333,120.120167,111.284809,247.672328,0.773865,0.711445,0.544844,4.919781,0.361648,0.573207,0.04277,0.178324,5.174359,0.771283,1.457248,0.199888,0.205833,5.904632,2.729742,0.992895,0.621047,1.262241,0.993498,0.979348,0.940842,0.877794,0.849575,,,,,,,,,,3.0,0.0,0.0,,,,,14.915,,0.0,-6.907755,0.0,1e-06,0.0,0.0,0.0,0.0,-5.707442,2.470708,2.563952,0.514783,1.090392,-0.232439,0.132882,-0.4119,0.108104,-0.207095,0.024413,-0.173859,0.080311,4.416403,0.49882,0.31491,0.272638,0.165234,0.16714,0.12843,0.129138,0.154076,0.105941,0.092519,0.090152,0.089037,9.869569,-9.692821,0.0,0.0,0.0,1.0,1.0,0.0,0.0,0.0,0.0,0.0,0.0,0.0,1.0,0.0,0.0,1.0,0.0,0.0,0.0,1.0,0.0,0.0,0.0,1.0,0.0,0.0,6.214608,1001.536865,8.0,,,0.47,,,0.0,0.0,0.0,0.0,0.0,1.0,1.0,0.0,0,1,0,0,,0,,,0,1,,,0,0,0,0,0,0,0.0,0,0,0,0,0,0,,0,0,0,0,,,,0,0,0,0,0,0,0,,0,0,,0,0,0.0,,1.0,0,0,2
1464138982,1.014636,0.009144,0.016738,0.029477,1.009318,1.01447,1.019142,1.167645,6.684572,5.044097,0.001125,0.002883,0.00486,0.053188,0.430813,2.825256,0.08539,-0.009619,0.004548,1.014556,0.004896,0.004898,0.009133,-0.024081,-0.11587,0.098756,0.012489,0.005146,0.012941,0.021359,0.011173,0.012193,0.013177,0.742988,6.64213,5.014708,2.304767,3.035692,3.347759,4.529224,1.687571,0.238959,0.203978,-0.005338,-0.008394,-0.006704,0.004061,0.0045,0.001349,0.895541,0.073415,0.042976,79.422814,2.205528,-4.983772,7.793983,79.064415,79.36899,80.21233,0.747938,6.671596,5.040863,0.004383,0.003227,0.001332,0.001407,0.42922,6.894371,0.0061,-65.94919,4.698076,-43.919696,1.962984,2.716383,1.143891,0.367064,0.943652,0.097758,0.999948,0.999797,0.999334,0.998076,0.997793,1023.869053,23.516078,23.582562,41.0057,1011.043024,1022.029354,1034.292028,1.92885,5.926664,5.04023,0.008592,0.038969,0.028741,0.093074,0.431412,2.867136,0.073905,-676.522667,412.096,-378.453333,17.163804,39.460243,525.619804,-0.125604,0.241198,0.456488,5.049732,0.016093,0.033719,0.023304,0.041202,5.063172,0.270535,0.465722,0.139386,0.160477,5.686436,1.542809,1.130689,0.200297,0.531087,0.988354,0.962392,0.831758,0.6559,0.231237,,,,,,,,,,3.0,0.036139,0.03237,,,,,13.813,,5.116896,1.632548,1.6e-05,1.4e-05,-3.7e-05,-3.3e-05,4e-06,3e-06,-6.256765,1.44515,3.026826,0.675599,1.059359,-0.091494,0.114162,-0.431426,-0.009768,-0.291077,-0.007532,-0.204209,0.079728,4.550027,0.322311,0.505326,0.28617,0.13085,0.127249,0.116881,0.094828,0.100118,0.09879,0.08775,0.085749,0.077954,9.128371,-9.040241,0.0,0.0,0.0,1.0,1.0,0.0,0.0,0.0,0.0,0.0,0.0,0.0,1.0,0.0,0.0,1.0,0.0,0.0,0.0,1.0,0.0,0.0,0.0,1.0,0.0,0.0,6.2106,1001.495361,8.0,,,0.49,,,0.0,0.0,0.0,0.0,0.0,1.0,1.0,0.0,0,1,0,0,,0,,,0,1,,,0,0,0,0,0,0,0.0,0,0,0,0,0,0,,0,0,0,0,,,,0,0,0,0,0,0,0,,0,0,,0,0,0.0,,1.0,0,0,2
1464139036,1.014827,0.007269,-0.003546,0.009737,1.010298,1.014746,1.01952,2.527676,6.684586,5.043835,0.000312,0.003039,0.002999,0.021536,0.430171,4.787632,0.079936,-0.01007,0.004259,1.014741,0.005169,0.005305,0.007273,0.057765,0.065336,0.012771,0.012311,0.001301,0.001266,0.002439,0.011424,0.012285,0.013177,1.729058,6.674087,5.071573,0.503142,0.73935,0.566865,1.703611,0.518382,1.194435,0.102126,-0.005528,-0.00868,-0.006541,0.001491,0.001125,0.001037,-0.08786,0.151044,0.076222,78.842561,2.477456,-5.729552,8.881168,78.949083,79.061377,79.140095,0.077726,6.67019,5.045227,0.002001,0.004567,0.0017,0.001637,0.430257,6.535589,0.008215,-65.213764,6.494601,-43.827452,2.035039,0.571479,1.399607,-0.6157,0.980304,-0.628878,0.999985,0.999967,0.999957,0.999948,0.999814,1028.180164,83.774071,135.629869,215.161864,999.823981,1018.579403,1045.921603,1.204061,5.923877,5.054673,0.681924,1.163008,0.496346,0.979613,0.497946,0.35868,0.246559,-270.165333,-149.525333,203.328,456.559054,760.39772,375.276263,-0.964423,-0.758733,0.786371,6.401571,3.084345,1.453359,0.309077,0.538754,6.833439,3.592284,1.861211,0.763332,0.479218,6.496127,3.242766,2.904573,2.168864,4.027575,0.96589,0.882811,0.535646,-0.481576,-0.697543,,,,,,,,,,3.0,0.014494,0.013015,,,,,13.802,,2.032727,0.709378,7e-06,6e-06,1.5e-05,1.3e-05,1e-06,1e-06,-3.330452,1.514968,2.910372,0.528007,0.999134,-0.161684,0.136271,-0.420262,-0.002459,-0.313778,-0.014058,-0.190728,0.076626,4.750196,0.378084,0.559443,0.379128,0.160963,0.183253,0.140503,0.131113,0.101367,0.093959,0.081433,0.082494,0.102933,8.41671,-8.372482,0.0,0.0,0.0,1.0,1.0,0.0,0.0,0.0,0.0,0.0,0.0,0.0,1.0,0.0,0.0,1.0,0.0,0.0,0.0,1.0,0.0,0.0,0.0,1.0,0.0,0.0,6.206576,1001.521973,8.0,,,0.5,,,0.0,0.0,0.0,0.0,0.0,1.0,1.0,0.0,0,1,0,0,,0,,,0,1,,,0,0,0,0,0,0,0.0,0,0,0,0,0,0,,0,0,0,0,,,,0,0,0,0,0,0,0,,0,0,,0,0,0.0,,1.0,0,0,2
1464139071,1.014363,0.007529,-0.003115,0.00993,1.009342,1.01423,1.019528,2.500376,6.684584,5.044283,0.001109,0.002118,0.002605,0.02477,0.430339,2.453511,0.094272,-0.009509,0.005635,1.014278,0.005056,0.004911,0.007528,0.020089,-0.009859,0.004924,0.012437,0.001027,-0.000228,0.001364,0.011814,0.012423,0.013177,2.44554,6.668607,5.046009,0.053755,0.222898,0.232908,1.436262,0.475899,6.474995,0.08939,-0.005707,-0.00885,-0.006443,0.00107,0.001053,0.001037,-0.073585,-0.029215,0.02409,78.982943,2.059253,-4.841572,7.57609,79.004348,79.143207,79.299232,0.068544,6.661467,5.04651,0.001917,0.00297,0.001324,0.001338,0.430555,2.272137,0.023414,-65.201509,6.695601,-44.067161,1.678959,0.573009,1.189987,-0.364249,0.978325,-0.451707,0.999981,0.999962,0.999955,0.999941,0.999894,1035.376112,18.305206,-10.547096,27.318614,1026.559302,1035.590653,1044.390731,2.35402,5.92677,5.044924,0.00649,0.035846,0.034687,0.124946,0.43298,1.597227,0.125484,4.074667,387.328,-960.042667,10.530199,11.216019,19.508584,-0.057015,-0.006631,0.059148,4.195737,3.909556,5.55733,5.30933,5.682057,5.050764,0.03759,0.11788,0.074748,0.123732,5.043919,0.006413,0.048018,0.050512,0.164168,0.999761,0.999746,0.999747,0.999728,0.999633,,,,,,,,,,3.0,0.0,0.0,,,,,13.337,,0.0,-6.907755,0.0,2e-06,0.0,0.0,0.0,0.0,-2.022794,1.568391,3.008936,0.624949,1.025954,-0.129531,0.068493,-0.471506,-0.055196,-0.336518,-0.043934,-0.207329,0.088115,4.581422,0.398825,0.49516,0.285432,0.132855,0.114516,0.106128,0.111654,0.096489,0.0895,0.075524,0.079985,0.073258,7.989899,-7.960816,0.0,0.0,0.0,1.0,1.0,0.0,0.0,0.0,0.0,0.0,0.0,0.0,1.0,0.0,0.0,1.0,0.0,0.0,0.0,1.0,0.0,0.0,0.0,1.0,0.0,0.0,6.200509,1001.481934,8.0,,,0.5,,,0.0,0.0,0.0,0.0,0.0,1.0,1.0,0.0,0,1,0,0,,0,,,0,1,,,0,0,0,0,0,0,0.0,0,0,0,0,0,0,,0,0,0,0,,,,0,0,0,0,0,0,0,,0,0,,0,0,0.0,,1.0,0,0,2
1464139164,1.014129,0.007363,0.002681,0.009536,1.009252,1.014132,1.01914,2.642713,6.684585,5.044077,0.000808,0.002604,0.001667,0.023788,0.430254,1.175516,0.112719,-0.009908,0.005669,1.014041,0.004846,0.004976,0.007363,-0.008958,0.014237,0.024834,0.011834,0.00109,-0.000537,0.001434,0.011173,0.01191,0.012514,2.578549,6.670289,5.046981,0.111512,0.192021,0.395237,1.51384,0.482928,2.110351,0.158793,-0.005418,-0.008254,-0.006277,0.001208,0.001232,0.001172,0.078089,0.181557,0.263752,78.842666,2.888999,-6.555627,10.078261,78.927647,79.073492,79.253299,0.087821,6.664884,5.044185,0.001989,0.005833,0.00224,0.002032,0.430027,4.961814,0.009015,-65.079745,6.723516,-43.990624,2.387349,0.644483,1.625911,-0.290945,0.989081,-0.345343,0.99998,0.999943,0.999944,0.999931,0.999882,1038.013548,49.215103,29.628708,65.405534,1007.301345,1035.127045,1071.432686,2.592245,5.782704,5.045069,0.073065,0.345317,0.250454,0.242316,0.443081,3.388754,0.17182,-492.972308,784.861538,-141.046154,66.697682,217.989349,386.009025,0.748864,0.758321,0.870071,5.145852,1.096226,0.472924,0.143291,0.210053,5.211036,1.386815,1.103072,0.361811,0.281803,6.478042,3.598152,3.311689,1.6762,1.898579,0.972393,0.934855,0.75031,0.850877,0.858141,,,,,,,,,,3.0,0.012818,0.053825,,,,,14.527,,5.359424,1.678857,5e-06,2.3e-05,1.3e-05,5.5e-05,1e-06,5e-06,2.431197,1.492846,3.12549,0.714173,1.038497,-0.121515,0.041343,-0.491777,-0.080416,-0.358619,-0.024523,-0.175851,0.100568,4.627711,0.265875,0.408905,0.19287,0.1136,0.105458,0.108116,0.090836,0.088347,0.07835,0.082278,0.08718,0.068634,6.638568,-6.630957,0.0,0.0,0.0,1.0,1.0,0.0,0.0,0.0,0.0,0.0,0.0,0.0,1.0,0.0,0.0,1.0,0.0,0.0,0.0,1.0,0.0,0.0,0.0,1.0,0.0,0.0,6.154858,1001.530762,8.0,,,0.53,,,0.0,0.0,0.0,0.0,0.0,1.0,1.0,0.0,0,1,0,0,,0,,,0,1,,,0,0,0,0,0,0,0.0,0,0,0,0,0,0,,0,0,0,0,,,,0,0,0,0,0,0,0,,0,0,,0,0,0.0,,1.0,0,0,2
1464139233,1.016483,0.007351,0.002109,0.009676,1.011238,1.016177,1.021434,2.586845,6.684586,5.042724,0.001299,0.001822,0.00208,0.023948,0.429912,1.655767,0.070237,-0.010836,0.005099,1.016389,0.004839,0.004936,0.007351,0.041654,0.002473,0.039998,0.012218,0.001315,-0.000414,0.001759,0.011374,0.012285,0.013133,2.536897,6.673764,5.029508,0.149702,0.448478,0.327432,1.885042,0.502779,0.139439,0.118167,-0.005077,-0.008435,-0.007043,0.001012,0.001352,0.001269,0.157151,0.078601,0.022252,,,,,,,,,,,,,,,,,,,,,,,,,,,,,,,,1038.927701,19.083655,12.511721,29.091564,1028.956746,1038.460399,1048.152661,2.278387,5.926758,5.045035,0.007406,0.035771,0.014762,0.117709,0.432702,3.23352,0.115011,4.757333,616.789333,-833.258667,24.56018,17.288637,63.727041,-0.625413,-0.85477,0.666836,5.122639,4.050321,5.141361,4.801458,5.338167,5.044056,0.032831,0.068227,0.027136,0.059376,5.047883,0.023641,0.074186,0.039968,0.274404,0.997587,0.997486,0.997096,0.995421,0.966682,,,,,,,,,,3.0,0.0,0.0,,,,,15.49,,0.0,-6.907755,0.0,2e-06,0.0,0.0,0.0,0.0,1.968449,1.585993,3.123812,0.688627,1.032056,-0.107591,0.041782,-0.514378,-0.098027,-0.370312,-0.052485,-0.20225,0.103214,4.594046,0.265495,0.364331,0.156424,0.103435,0.082475,0.084545,0.08663,0.084891,0.081883,0.081408,0.073531,0.072776,6.812345,-6.803296,0.0,0.0,0.0,1.0,1.0,0.0,0.0,0.0,0.0,0.0,0.0,0.0,1.0,0.0,0.0,1.0,0.0,0.0,0.0,1.0,0.0,0.0,0.0,1.0,0.0,0.0,6.146329,1001.529785,8.0,,,0.54,,,0.0,0.0,0.0,0.0,0.0,1.0,1.0,0.0,0,1,0,0,,0,,,0,1,,,0,0,0,0,0,0,0.0,0,0,0,0,0,0,,0,0,0,0,,,,0,0,0,0,0,0,0,,0,0,,0,0,0.0,,1.0,0,0,2
1464139269,1.017515,0.007353,0.003152,0.010172,1.012646,1.017621,1.022513,2.302104,6.684586,5.043568,0.000568,0.002528,0.002371,0.024651,0.430142,0.616893,0.090244,-0.011127,0.005626,1.017415,0.004837,0.004932,0.007353,8.2e-05,0.005393,0.03529,0.013164,0.00235,0.005929,0.01035,0.012285,0.013177,0.013889,0.790617,6.669127,5.023429,0.206797,0.417255,0.247462,1.812965,0.495401,4.719406,0.055301,-0.005579,-0.009332,-0.006963,0.001792,0.001779,0.002395,0.560831,0.731189,0.575954,79.220584,2.003331,-4.73367,7.427137,79.239309,79.36694,79.505411,0.068015,6.670403,5.044325,0.001831,0.002532,0.00128,0.001315,0.429954,4.124658,0.013931,-65.419315,5.23635,-44.367149,1.669123,0.588337,1.110021,-0.371906,0.975419,-0.423479,0.999986,0.999968,0.999948,0.999936,0.999859,1037.409618,15.251656,-8.633448,21.818512,1028.832348,1036.949372,1047.755633,2.399661,5.926818,5.04795,0.002262,0.029374,0.014054,0.069517,0.432557,3.473272,0.124053,2.368,607.893333,-840.448,10.915581,10.177588,18.325991,-0.082219,-0.031383,0.130593,3.896121,4.733784,5.901822,5.251317,5.542205,5.047241,0.009022,0.067707,0.036954,0.062792,5.048128,0.003435,0.055754,0.026734,0.173941,0.999698,0.9997,0.99969,0.999695,0.999708,,,,,,,,,,4.0,0.022544,0.020195,,,,,11.833,,3.171165,1.154099,8e-06,7e-06,1.1e-05,1e-05,2e-06,2e-06,-1.639083,1.532934,3.103375,0.669428,1.022202,-0.11193,0.040152,-0.51942,-0.105298,-0.359685,-0.026212,-0.188411,0.100074,4.540114,0.349753,0.379651,0.180707,0.115131,0.098242,0.095013,0.108776,0.088794,0.086556,0.087089,0.075937,0.072106,7.803435,-7.77924,0.0,0.0,0.0,1.0,1.0,0.0,0.0,0.0,0.0,0.0,0.0,0.0,1.0,0.0,0.0,1.0,0.0,0.0,0.0,1.0,0.0,0.0,0.0,1.0,0.0,0.0,6.120297,1001.490723,8.0,,,0.55,,,0.0,0.0,0.0,0.0,0.0,1.0,1.0,0.0,0,1,0,0,,0,,,0,1,,,0,0,0,0,0,0,0.0,0,0,0,0,0,0,,0,0,0,0,,,,0,0,0,0,0,0,0,,0,0,,0,0,0.0,,1.0,0,0,2
1464139308,1.018086,0.007429,0.002741,0.009796,1.013187,1.018094,1.023034,2.522675,6.684585,5.043067,0.000298,0.002381,0.002408,0.024827,0.430006,4.223624,0.104375,-0.01139,0.005681,1.017985,0.004561,0.004749,0.007429,-0.018279,-0.003674,0.015929,0.013051,0.001353,0.000518,0.001791,0.012285,0.013047,0.01393,2.587932,6.671687,5.05524,0.160152,0.518868,0.436505,1.727528,0.502711,3.10825,0.110443,-0.005824,-0.009322,-0.006865,0.001046,0.001428,0.001044,0.209081,0.074699,0.043185,79.532246,2.12052,-4.935323,7.719112,79.480265,79.659419,79.915441,0.136294,6.666552,5.043964,0.004283,0.003741,0.00139,0.001387,0.430017,7.59336,0.029032,-65.632595,4.873893,-44.643893,1.786593,0.929323,1.161756,-0.091752,0.971721,-0.131982,0.999969,0.999906,0.999809,0.999852,0.999902,1036.664947,16.7034,-5.409273,23.493055,1028.832348,1035.343421,1046.411009,2.455739,5.926796,5.047904,0.006955,0.014038,0.026134,0.094646,0.432946,4.387973,0.092462,-1.088,613.418667,-835.477333,11.177608,10.612856,20.239207,-0.078345,-0.144973,0.12904,5.384104,4.469692,5.611837,4.928147,5.62486,5.046337,0.01473,0.046856,0.026851,0.046132,5.048668,0.012043,0.049789,0.052095,0.19882,0.999681,0.999671,0.999653,0.999649,0.999653,,,,,,,,,,3.0,0.015381,0.06382,,,,,13.84,,6.39053,1.854817,7e-06,2.8e-05,-1.6e-05,-6.6e-05,2e-06,7e-06,3.354459,1.486084,3.121816,0.707709,1.036592,-0.108961,0.0378,-0.546436,-0.118186,-0.369237,-0.052002,-0.198497,0.093195,4.958248,0.273315,0.373283,0.167545,0.111274,0.087277,0.090677,0.106154,0.103852,0.086377,0.082473,0.075426,0.079838,6.342121,-6.336457,0.0,0.0,0.0,1.0,1.0,0.0,0.0,0.0,0.0,0.0,0.0,0.0,1.0,0.0,0.0,1.0,0.0,0.0,0.0,1.0,0.0,0.0,0.0,1.0,0.0,0.0,6.104793,1001.848877,8.0,,,0.55,,,0.0,0.0,0.0,0.0,0.0,1.0,1.0,0.0,0,1,0,0,,0,,,0,1,,,0,0,0,0,0,0,0.0,0,0,0,0,0,0,,0,0,0,0,,,,0,0,0,0,0,0,0,,0,0,,0,0,0.0,,1.0,0,0,2
1464139371,1.018914,0.012305,0.027048,0.046631,1.013214,1.018158,1.023885,0.999847,6.684542,5.042197,0.001859,0.006843,0.003294,0.048372,0.430273,0.119578,0.168162,-0.012073,0.003423,1.018798,0.007216,0.005663,0.012095,-0.121431,-0.492957,0.106261,0.013829,0.007622,0.017741,0.02777,0.012331,0.013262,0.014202,0.558825,6.617744,4.898218,2.313911,3.037698,1.176434,4.096373,1.209117,0.119557,0.380513,-0.005744,-0.009491,-0.006594,0.006094,0.006515,0.001786,0.950097,0.078178,0.042617,,,,,,,,,,,,,,,,,,,,,,,,,,,,,,,,1039.111226,33.168793,30.293477,55.293236,1021.997985,1036.578989,1054.54444,2.042143,5.92642,5.048855,0.0064,0.044973,0.091906,0.332409,0.438418,0.438621,0.135325,-123.136,518.058667,-890.816,19.540868,40.153131,41.925976,-0.113035,-0.093272,0.418487,5.121135,0.530966,1.40738,0.992402,0.921089,5.061188,0.455732,0.829714,0.434905,0.558948,5.043539,0.058305,0.147147,0.112113,0.515772,0.998428,0.997779,0.997514,0.997511,0.997481,,,,,,,,,,4.0,0.0,0.0,,,,,11.528,,0.0,-6.907755,0.0,0.0,0.0,0.0,0.0,0.0,-7.288624,1.436983,2.905688,0.485968,1.257746,-0.104629,0.224965,-0.392608,0.079769,-0.208891,0.012113,-0.122458,0.082876,4.887659,0.624043,0.443028,0.309119,0.261399,0.15509,0.205429,0.135195,0.169287,0.14345,0.120277,0.118168,0.097172,10.122262,-9.89999,0.0,0.0,0.0,1.0,1.0,0.0,0.0,0.0,0.0,0.0,0.0,0.0,1.0,0.0,0.0,1.0,0.0,0.0,0.0,1.0,0.0,0.0,0.0,1.0,0.0,0.0,6.159095,1001.501709,8.0,,,0.56,,,0.0,0.0,0.0,0.0,0.0,1.0,1.0,0.0,0,1,0,0,,0,,,0,1,,,0,0,0,0,0,0,0.0,0,0,0,0,0,0,,0,0,0,0,,,,0,0,0,0,0,0,0,,0,0,,0,0,0.0,,1.0,0,0,2
1464139469,1.016055,0.007769,-0.003452,0.010246,1.010788,1.01569,1.021925,2.50596,6.684582,5.0428,0.000631,0.002856,0.002144,0.027157,0.429992,2.56653,0.087247,-0.010643,0.00498,1.015961,0.005086,0.005306,0.007772,0.01413,0.032266,-0.002952,0.012382,0.001615,0.000913,0.002267,0.011374,0.012331,0.013262,2.3816,6.673571,5.019725,0.183252,0.614937,0.53225,2.135461,0.528011,4.434983,0.071677,-0.005437,-0.00879,-0.006561,0.00125,0.001826,0.001072,0.150245,0.060254,0.026878,,,,,,,,,,,,,,,,,,,,,,,,,,,,,,,,1034.446895,26.28999,32.498356,56.189003,1022.358058,1032.991772,1042.289773,1.560804,5.926608,5.043124,0.011554,0.039975,0.03943,0.220164,0.434333,0.119592,0.160605,-114.026667,542.826667,-871.850667,12.726008,37.173601,37.9639,-0.250706,-0.246297,0.603699,5.057283,0.740888,1.019895,0.622664,0.868112,5.121927,0.248112,0.223638,0.109099,0.138283,5.014752,0.072698,0.086688,0.082153,0.370315,0.999201,0.998714,0.997713,0.997337,0.999198,,,,,,,,,,3.0,0.012916,0.050883,,,,,14.417,,5.059675,1.621302,6e-06,2.4e-05,1e-06,-5e-05,3e-06,5e-06,-1.271558,1.42435,3.015486,0.586019,1.053742,-0.149859,0.130123,-0.464254,-0.044509,-0.334731,-0.023108,-0.197719,0.065045,5.146494,0.45901,0.476976,0.331438,0.216849,0.116347,0.170848,0.112765,0.122138,0.111706,0.099008,0.096281,0.086381,7.840706,-7.815604,0.0,0.0,0.0,1.0,1.0,0.0,0.0,0.0,0.0,0.0,0.0,0.0,1.0,0.0,0.0,1.0,0.0,0.0,0.0,1.0,0.0,0.0,0.0,1.0,0.0,0.0,6.169611,1001.520508,8.0,,,0.58,,,0.0,0.0,0.0,0.0,0.0,1.0,1.0,0.0,0,1,0,0,,0,,,0,1,,,0,0,0,0,0,0,0.0,0,0,0,0,0,0,,0,0,0,0,,,,0,0,0,0,0,0,0,,0,0,,0,0,0.0,,1.0,0,0,2
1464139506,1.015643,0.0088,0.004469,0.018877,1.010778,1.015615,1.020509,1.467624,6.684574,5.043372,0.000415,0.001951,0.00302,0.031688,0.430199,0.855609,0.080196,-0.01051,0.00582,1.015534,0.00506,0.007153,0.008911,-0.179412,-0.006433,-0.261526,0.012382,0.00315,0.005429,0.008169,0.011173,0.012099,0.013003,1.3086,6.650327,4.975114,0.459112,1.623236,1.14965,2.186603,0.570042,1.574436,0.155764,-0.005631,-0.008536,-0.006255,0.002592,0.003307,0.001375,0.713875,-0.029237,-0.011239,79.248197,2.108641,-4.819437,7.559281,79.066021,79.265678,79.509259,0.739149,6.665283,5.041674,0.002022,0.003346,0.001398,0.001387,0.429321,7.194767,0.010869,-65.327924,5.866624,-44.411847,1.83526,2.338797,1.148012,0.294298,0.916203,-0.046299,0.999932,0.999751,0.999376,0.998897,0.997949,1034.786136,16.707994,-9.761488,23.748566,1026.185168,1035.188872,1043.363785,2.430063,5.926796,5.046529,0.00833,0.015048,0.023264,0.081195,0.432432,4.704267,0.102466,-128.896,605.162667,-826.410667,13.956403,56.168629,43.831336,-0.457607,-0.462471,0.880174,5.082297,0.53556,0.685632,0.67091,0.747355,5.092219,0.043248,0.083013,0.019001,0.061112,5.036476,0.014504,0.036438,0.050129,0.180323,0.999649,0.999507,0.998009,0.992034,0.988485,,,,,,,,,,3.0,0.036139,0.03237,,,,,13.801,,5.116896,1.632548,1.6e-05,1.4e-05,-3.7e-05,-3.3e-05,4e-06,3e-06,-10.248319,1.452706,3.003001,0.654263,1.015358,-0.131867,0.075699,-0.504862,-0.066858,-0.369534,-0.048927,-0.211579,0.092279,4.363884,0.462805,0.491345,0.24976,0.146801,0.113563,0.136701,0.123975,0.144807,0.083849,0.096668,0.080234,0.075619,10.295023,-10.035856,0.0,0.0,0.0,1.0,1.0,0.0,0.0,0.0,0.0,0.0,0.0,0.0,1.0,0.0,0.0,1.0,0.0,0.0,0.0,1.0,0.0,0.0,0.0,1.0,0.0,0.0,6.165418,1001.676025,8.0,,,0.59,,,0.0,0.0,0.0,0.0,0.0,1.0,1.0,0.0,0,1,0,0,,0,,,0,1,,,0,0,0,0,0,0,0.0,0,0,0,0,0,0,,0,0,0,0,,,,0,0,0,0,0,0,0,,0,0,,0,0,0.0,,1.0,0,0,2
1464139563,1.015764,0.007452,-0.003566,0.009901,1.010746,1.015664,1.02099,2.483723,6.684585,5.043504,0.000751,0.002529,0.002695,0.023934,0.430122,4.324012,0.094165,-0.010409,0.005629,1.015672,0.004959,0.004879,0.007456,0.031731,0.070073,-0.018868,0.012292,0.001616,0.002009,0.003568,0.011374,0.012331,0.013177,1.616835,6.673842,5.009425,0.194473,0.452256,0.532368,2.095371,0.51801,3.385601,0.110654,-0.005338,-0.008558,-0.006708,0.001113,0.001717,0.001669,0.278927,0.315707,0.204503,,,,,,,,,,,,,,,,,,,,,,,,,,,,,,,,1032.475665,19.618121,-10.440295,27.126857,1021.308964,1033.115676,1044.145508,2.531308,5.926745,5.047286,0.009987,0.030852,0.052752,0.096295,0.433511,1.397387,0.167879,-167.104,562.282667,-848.512,12.634233,36.761648,28.664761,0.04851,0.048392,0.604731,4.989581,0.282795,0.55981,0.24903,0.526518,5.056411,0.119128,0.09541,0.035813,0.092956,5.049109,0.013675,0.05614,0.0842,0.184083,0.999401,0.998652,0.998178,0.99795,0.998037,,,,,,,,,,3.0,0.0,0.0,,,,,13.303,,0.0,-6.907755,0.0,2e-06,0.0,0.0,0.0,0.0,1.324464,1.424697,3.150677,0.743565,1.03009,-0.098195,0.07441,-0.499846,-0.107223,-0.374408,-0.055806,-0.217848,0.088864,4.556889,0.215526,0.363629,0.162485,0.10822,0.085302,0.091695,0.098726,0.093306,0.082618,0.073562,0.074484,0.064715,6.909753,-6.899783,0.0,0.0,0.0,1.0,1.0,0.0,0.0,0.0,0.0,0.0,0.0,0.0,1.0,0.0,0.0,1.0,0.0,0.0,0.0,1.0,0.0,0.0,0.0,1.0,0.0,0.0,6.182085,1001.560059,8.0,,,0.59,,,0.0,0.0,0.0,0.0,0.0,1.0,1.0,0.0,0,1,0,0,,0,,,0,1,,,0,0,0,0,0,0,0.0,0,0,0,0,0,0,,0,0,0,0,,,,0,0,0,0,0,0,0,,0,0,,0,0,0.0,,1.0,0,0,2
1464139608,1.014801,0.007288,0.00266,0.009573,1.009459,1.014335,1.019575,2.622803,6.684586,5.043516,0.000886,0.002187,0.002061,0.021949,0.43008,0.278699,0.077098,-0.010463,0.005762,1.014708,0.004627,0.004871,0.007287,-0.068897,-0.000989,0.006696,0.012262,0.001123,0.000326,0.001502,0.011473,0.012331,0.013003,2.447497,6.675391,5.028816,0.158828,0.34651,0.328819,1.454768,0.47713,0.278639,0.095093,-0.005939,-0.008439,-0.006432,0.001016,0.001095,0.001233,-0.008104,0.108898,-0.038702,79.05927,2.075091,-4.886399,7.647536,79.101074,79.242377,79.355617,0.068015,6.670373,5.045581,0.002374,0.002978,0.001302,0.001364,0.430298,3.606803,0.014622,-65.067909,6.754677,-44.391863,1.706818,0.544994,1.169589,-0.573194,0.974711,-0.576924,0.999981,0.999964,0.999962,0.999953,0.999854,1034.863802,20.815756,18.399654,34.404618,1023.531143,1034.601373,1045.401322,2.124397,5.926725,5.042968,0.015925,0.043251,0.055241,0.149388,0.433403,1.717019,0.12279,-181.269333,624.661333,-804.48,11.657764,15.304552,27.528681,0.062577,-0.14801,0.286539,5.045357,0.268863,0.443188,0.270447,0.452013,5.040058,0.079362,0.1121,0.051815,0.106676,5.044078,0.018967,0.10878,0.132153,0.403317,0.999408,0.999375,0.999351,0.999354,0.999324,,,,,,,,,,3.0,0.0,0.0,,,,,13.307,,0.0,-6.907755,0.0,2e-06,0.0,0.0,0.0,0.0,4.867866,1.296711,3.194852,0.798286,1.000624,-0.138216,0.063841,-0.500344,-0.124527,-0.393882,-0.052043,-0.219008,0.073525,4.859348,0.215426,0.388709,0.184887,0.102204,0.089497,0.083322,0.091937,0.079424,0.083129,0.071426,0.071023,0.071069,5.814131,-5.810786,0.0,0.0,0.0,1.0,1.0,0.0,0.0,0.0,0.0,0.0,0.0,0.0,1.0,0.0,0.0,1.0,0.0,0.0,0.0,1.0,0.0,0.0,0.0,1.0,0.0,0.0,6.190315,1001.815918,8.0,,,0.6,,,0.0,0.0,0.0,0.0,0.0,1.0,1.0,0.0,0,1,0,0,,0,,,0,1,,,0,0,0,0,0,0,0.0,0,0,0,0,0,0,,0,0,0,0,,,,0,0,0,0,0,0,0,,0,0,,0,0,0.0,,1.0,0,0,2
1464139671,1.014872,0.007503,0.001523,0.009711,1.009773,1.014682,1.020069,2.595248,6.684584,5.04436,0.000314,0.002006,0.002208,0.025187,0.430343,1.755527,0.115303,-0.010242,0.006713,1.014774,0.005075,0.004864,0.007505,-0.071634,0.003215,-0.010507,0.012328,0.001121,0.000794,0.001788,0.011473,0.012423,0.013068,1.999928,6.675479,5.060279,0.101085,0.316009,0.283802,1.452829,0.483712,3.206383,0.079886,-0.005777,-0.008659,-0.006327,0.001188,0.001416,0.001195,0.254845,0.239351,0.284927,79.012195,2.007585,-4.741561,7.437019,79.025807,79.170381,79.298709,0.068015,6.670399,5.043725,0.001212,0.003133,0.001278,0.001316,0.4298,2.670191,0.017294,-65.007377,7.004487,-44.358555,1.675191,0.504043,1.092627,-0.551646,0.982884,-0.527963,0.999981,0.999965,0.999963,0.999961,0.999926,1042.71477,46.934948,75.019632,138.612729,1029.454224,1039.076513,1051.307754,0.973082,5.925953,5.042999,0.011827,0.294852,0.32146,0.246967,0.442401,2.313195,0.137795,-492.309333,847.189333,-34.304,33.620792,62.89194,350.850705,0.646719,-0.264194,-0.500807,4.998267,0.198159,0.213061,0.103668,0.135982,5.118991,0.077431,0.417308,0.292821,0.180648,6.643064,3.321919,2.871313,2.576874,2.662909,0.993576,0.985338,0.936706,0.817513,0.74562,,,,,,,,,,3.0,0.0,0.0,,,,,13.315,,0.0,-6.907755,0.0,2e-06,0.0,0.0,0.0,0.0,4.825566,1.368259,3.189581,0.780381,1.010557,-0.130657,0.064681,-0.500719,-0.112396,-0.37594,-0.046189,-0.221407,0.072295,4.754745,0.243005,0.374906,0.175818,0.103392,0.080356,0.07849,0.09342,0.078365,0.075191,0.072396,0.068101,0.065313,5.880533,-5.876959,0.0,0.0,0.0,1.0,1.0,0.0,0.0,0.0,0.0,0.0,0.0,0.0,1.0,0.0,0.0,1.0,0.0,0.0,0.0,1.0,0.0,0.0,0.0,1.0,0.0,0.0,6.173786,1001.664307,8.0,,,0.61,,,0.0,0.0,0.0,0.0,0.0,1.0,1.0,0.0,0,1,0,0,,0,,,0,1,,,0,0,0,0,0,0,0.0,0,0,0,0,0,0,,0,0,0,0,,,,0,0,0,0,0,0,0,,0,0,,0,0,0.0,,1.0,0,0,2
1464139766,1.015637,0.007558,-0.003499,0.010157,1.010757,1.015295,1.020954,2.555841,6.684584,5.044022,0.000475,0.001639,0.00224,0.025591,0.430261,0.856848,0.118774,-0.010247,0.006208,1.015541,0.004975,0.005263,0.007559,-0.01333,0.000679,0.003895,0.011971,0.001084,0.000516,0.001436,0.011173,0.01191,0.012694,2.486573,6.678001,5.02104,0.073138,0.256352,0.285475,1.40909,0.47043,1.831088,0.09009,-0.005912,-0.008054,-0.00641,0.001143,0.001132,0.00099,-0.059237,0.00163,0.05222,78.975668,2.505709,-5.772231,8.944459,79.001243,79.174293,79.330462,0.077555,6.672711,5.044682,0.002263,0.004406,0.001708,0.001663,0.430108,1.453944,0.006982,-65.045689,6.499949,-44.304956,2.071455,1.004268,1.419526,-0.114138,0.980012,-0.188887,0.999975,0.999926,0.999868,0.999815,0.999721,1033.354387,40.992057,38.260245,65.975665,1008.951931,1028.023346,1054.726505,2.144081,5.783046,5.057274,0.049056,0.283116,0.257619,0.332357,0.446512,1.752012,0.130789,-655.68,694.006154,148.529231,31.260627,78.4299,358.819487,0.466672,0.75883,0.648255,5.008412,0.065372,0.179406,0.057828,0.125783,5.117083,0.954196,1.132035,0.343441,0.248407,6.28624,3.886812,3.391279,1.996924,2.288323,0.983288,0.963173,0.906578,0.783721,0.749405,,,,,,,,,,3.0,0.036139,0.032274,,,,,13.772,,5.111294,1.631453,1.6e-05,1.4e-05,-3.7e-05,-3.3e-05,4e-06,3e-06,2.09025,1.336788,3.177304,0.787017,1.028629,-0.120458,0.03955,-0.532678,-0.134115,-0.383869,-0.046664,-0.210835,0.081763,4.600203,0.245003,0.400069,0.18562,0.110717,0.093284,0.081561,0.090838,0.080468,0.07506,0.067769,0.067501,0.066255,6.641182,-6.633551,0.0,0.0,0.0,1.0,1.0,0.0,0.0,0.0,0.0,0.0,0.0,0.0,1.0,0.0,0.0,1.0,0.0,0.0,0.0,1.0,0.0,0.0,0.0,1.0,0.0,0.0,6.186209,1001.476807,8.0,,,0.63,,,0.0,0.0,0.0,0.0,0.0,1.0,1.0,0.0,0,1,0,0,,0,,,0,1,,,0,0,0,0,0,0,0.0,0,0,0,0,0,0,,0,0,0,0,,,,0,0,0,0,0,0,0,,0,0,,0,0,0.0,,1.0,0,0,2
1464139788,1.01593,0.007619,-0.003087,0.009855,1.010738,1.016072,1.021171,2.627239,6.684584,5.043609,0.000885,0.001899,0.002078,0.025351,0.430153,3.526765,0.105058,-0.010385,0.005751,1.015832,0.005621,0.00508,0.007624,0.056175,0.026638,-0.055226,0.012273,0.001155,0.000443,0.00153,0.011473,0.012331,0.013003,2.46036,6.675161,5.02827,0.152305,0.51856,0.424743,1.493557,0.483849,0.239013,0.071139,-0.005611,-0.008427,-0.006727,0.001251,0.001112,0.001184,-0.100462,0.082585,0.025328,79.041325,2.115998,-4.962631,7.756437,79.048273,79.220564,79.365306,0.06809,6.669088,5.044807,0.003661,0.002811,0.001311,0.001384,0.430134,1.454758,0.013697,-65.031701,6.803299,-44.406168,1.742432,0.474944,1.196696,-0.462559,0.98048,-0.461139,0.999987,0.999974,0.999966,0.999961,0.999953,1040.026887,64.624042,69.17199,124.828347,1018.092331,1036.331993,1056.318134,1.682626,5.925029,5.039753,0.119842,0.821084,0.316213,0.333184,0.453476,1.636829,0.174325,-592.746667,780.949333,215.168,72.447479,104.355061,249.330776,0.509582,0.557013,0.195331,5.015394,0.802474,0.477183,0.099474,0.204697,4.98927,0.451342,1.333331,0.533886,0.363819,5.927782,2.328619,3.132057,2.462233,2.556253,0.982513,0.967564,0.927427,0.927878,0.881902,,,,,,,,,,3.0,0.005385,0.004888,,,,,10.0,,0.754921,-0.281143,2e-06,2e-06,-5e-06,-5e-06,1e-06,0.0,-8.345583,1.616134,2.855378,0.558715,0.970538,-0.155811,0.069136,-0.479571,-0.063735,-0.357991,-0.02962,-0.145247,0.109201,4.531845,0.48086,0.641379,0.358053,0.171165,0.126264,0.104064,0.100537,0.114253,0.087838,0.086327,0.136044,0.089251,9.887155,-9.707537,0.0,0.0,0.0,1.0,1.0,0.0,0.0,0.0,0.0,0.0,0.0,0.0,1.0,0.0,0.0,1.0,0.0,0.0,0.0,1.0,0.0,0.0,0.0,1.0,0.0,0.0,6.159095,1001.563477,8.0,,,0.64,,,0.0,0.0,0.0,0.0,0.0,1.0,1.0,0.0,0,1,0,0,,0,,,0,1,,,0,0,0,0,0,0,0.0,0,0,0,0,0,0,,0,0,0,0,,,,0,0,0,0,0,0,0,,0,0,,0,0,0.0,,1.0,0,0,2
1464139892,1.01475,0.007539,-0.003501,0.009758,1.009771,1.014647,1.019992,2.667389,6.684584,5.042913,0.000495,0.00276,0.00421,0.023123,0.429972,2.091872,0.096493,-0.010203,0.006029,1.014653,0.005273,0.005201,0.007538,-0.000252,-0.009707,0.036644,0.012496,0.001185,0.000693,0.001594,0.011718,0.012514,0.013177,2.447724,6.670075,5.045163,0.090648,0.308793,0.356901,1.507209,0.482515,0.159226,0.111619,-0.005872,-0.008519,-0.006741,0.001423,0.001311,0.001142,0.211911,0.291458,0.181428,79.008163,2.112345,-4.954637,7.74132,79.023392,79.172189,79.324186,0.068392,6.664,5.044428,0.001576,0.003429,0.001387,0.001399,0.43001,2.989246,0.012525,-65.093648,6.665893,-44.277934,1.76202,0.340865,1.174071,-0.60806,0.967789,-0.580183,0.999989,0.999982,0.999978,0.999975,0.999971,1046.644774,70.729054,47.869183,128.667037,1019.348797,1044.850229,1070.76046,1.790014,5.924639,5.045983,0.08602,0.632895,0.637119,0.66001,0.462353,6.347704,0.195121,-466.496,834.453333,241.536,172.420569,120.908725,289.567932,-0.024381,-0.667601,0.188925,5.102467,1.178074,0.617191,0.154228,0.288725,5.055646,0.848725,0.943712,0.600381,0.522645,5.795239,3.824493,3.118389,3.313538,3.019941,0.974806,0.947464,0.901301,0.885895,0.574177,,,,,,,,,,3.0,0.0,0.0,,,,,13.336,,0.0,-6.907755,0.0,2e-06,0.0,0.0,0.0,0.0,3.752523,1.395586,3.123147,0.737639,1.027242,-0.125498,0.037723,-0.513519,-0.100845,-0.373441,-0.055379,-0.214914,0.097087,4.792419,0.252276,0.378703,0.184667,0.113864,0.094733,0.084715,0.09157,0.087717,0.081237,0.082072,0.076228,0.066975,6.204558,-6.19962,0.0,0.0,0.0,1.0,1.0,0.0,0.0,0.0,0.0,0.0,0.0,0.0,1.0,0.0,0.0,1.0,0.0,0.0,0.0,1.0,0.0,0.0,0.0,1.0,0.0,0.0,6.165418,1001.468994,8.0,,,0.66,,,0.0,0.0,0.0,0.0,0.0,1.0,1.0,0.0,0,1,0,0,,0,,,0,1,,,0,0,0,0,0,0,0.0,0,0,0,0,0,0,,0,0,0,0,,,,0,0,0,0,0,0,0,,0,0,,0,0,0.0,,1.0,0,0,2
1464139925,1.015115,0.008067,0.009336,0.016851,1.009847,1.014693,1.020046,1.735062,6.68458,5.042457,0.000735,0.002876,0.002142,0.025711,0.429866,2.473779,0.120243,-0.010397,0.0052,1.015021,0.00554,0.005113,0.008066,-0.021078,0.002007,0.054931,0.012916,0.00478,0.009387,0.01547,0.010903,0.012423,0.013889,1.159542,6.631835,4.947616,0.637714,1.524171,1.492979,3.109286,0.700829,1.254167,0.235779,-0.005792,-0.008477,-0.006753,0.00372,0.004726,0.001581,0.505567,0.077772,0.158227,,,,,,,,,,,,,,,,,,,,,,,,,,,,,,,,1044.026302,80.737354,67.891434,159.766955,1018.720746,1038.645271,1066.388294,1.579281,5.923936,5.044226,0.125832,0.836551,0.867711,0.665538,0.471157,1.63672,0.219175,-546.581333,791.530667,364.842667,95.640177,111.355639,128.764112,0.164494,-0.443577,0.241353,5.089149,1.405658,0.483298,0.134299,0.261768,5.03886,1.143975,1.403915,1.064061,0.772127,5.073192,1.681361,2.572733,3.01531,2.895301,0.98073,0.972217,0.971021,0.968608,0.91223,,,,,,,,,,3.0,0.0,0.0,,,,,15.538,,0.0,-6.907755,0.0,2e-06,0.0,0.0,0.0,0.0,-8.407425,1.332783,3.128783,0.711498,1.011857,-0.128906,0.06748,-0.499102,-0.091121,-0.369789,-0.03141,-0.207891,0.085365,4.21806,0.362128,0.394871,0.262742,0.126523,0.096725,0.101442,0.09931,0.114348,0.090276,0.086157,0.073459,0.071532,9.584452,-9.448725,0.0,0.0,0.0,1.0,1.0,0.0,0.0,0.0,0.0,0.0,0.0,0.0,1.0,0.0,0.0,1.0,0.0,0.0,0.0,1.0,0.0,0.0,0.0,1.0,0.0,0.0,6.161207,1001.473389,8.0,,,0.66,,,0.0,0.0,0.0,0.0,0.0,1.0,1.0,0.0,0,1,0,0,,0,,,0,1,,,0,0,0,0,0,0,0.0,0,0,0,0,0,0,,0,0,0,0,,,,0,0,0,0,0,0,0,,0,0,,0,0,0.0,,1.0,0,0,2
1464139971,1.015204,0.007491,0.003353,0.009891,1.010215,1.014914,1.020522,2.479954,6.684585,5.042676,0.000407,0.001991,0.001899,0.026302,0.429919,3.303828,0.084054,-0.010002,0.005939,1.015111,0.004993,0.005292,0.007491,-0.060402,0.026169,-0.016306,0.012413,0.001175,-0.001094,0.002048,0.011766,0.012423,0.013177,1.919392,6.674893,5.052735,0.042273,0.386209,0.33595,1.458338,0.483562,0.696656,0.096059,-0.00542,-0.008787,-0.006689,0.001279,0.001122,0.001111,-0.037166,0.047617,0.114114,79.082671,2.434565,-5.63053,8.74257,79.113702,79.258455,79.443852,0.077726,6.670215,5.047741,0.002879,0.004162,0.001717,0.001645,0.430936,5.599451,0.016033,-65.219164,6.256882,-44.282434,2.028609,0.663814,1.34843,-0.208458,0.988252,-0.251731,0.999972,0.999935,0.999917,0.999934,0.99992,1035.536893,40.851533,48.739743,79.58764,1020.525355,1033.70402,1047.236352,1.718684,5.926163,5.041615,0.159667,0.328404,0.301893,0.104065,0.442386,6.814464,0.240788,-411.584,811.882667,-278.72,304.011434,96.958477,256.791576,0.749052,-0.834478,-0.539321,5.867608,1.842516,0.977267,0.057933,0.123559,4.973483,0.863787,1.105631,0.479769,0.159578,6.072686,3.955751,3.636169,2.097208,1.916201,0.986634,0.966414,0.881613,0.770329,0.754332,,,,,,,,,,3.0,0.0,0.0,,,,,13.345,,0.0,-6.907755,0.0,2e-06,0.0,0.0,0.0,0.0,1.569568,1.406139,3.114879,0.708808,1.019759,-0.136392,0.045684,-0.500247,-0.06452,-0.350443,-0.053298,-0.205189,0.106858,4.594168,0.309886,0.413569,0.227341,0.121479,0.118451,0.103304,0.097577,0.107169,0.091306,0.085317,0.084054,0.077718,6.851185,-6.841779,0.0,0.0,0.0,1.0,1.0,0.0,0.0,0.0,0.0,0.0,0.0,0.0,1.0,0.0,0.0,1.0,0.0,0.0,0.0,1.0,0.0,0.0,0.0,1.0,0.0,0.0,6.190315,1001.472412,8.0,,,0.67,,,0.0,0.0,0.0,0.0,0.0,1.0,1.0,0.0,0,1,0,0,,0,,,0,1,,,0,0,0,0,0,0,0.0,0,0,0,0,0,0,,0,0,0,0,,,,0,0,0,0,0,0,0,,0,0,,0,0,0.0,,1.0,0,0,2
1464140072,1.014946,0.007519,0.00333,0.00968,1.009747,1.014647,1.020104,2.707816,6.684584,5.043149,0.000562,0.002261,0.001872,0.025378,0.430032,3.291379,0.09628,-0.010243,0.005269,1.014851,0.005342,0.005561,0.00752,-0.016939,-0.025331,-0.013567,0.01259,0.001189,0.000936,0.00197,0.01191,0.012514,0.013262,1.858984,6.667596,5.034344,0.082075,0.370025,0.238615,1.51201,0.479219,2.708953,0.095723,-0.005775,-0.008874,-0.006547,0.001608,0.001153,0.00102,-0.233271,0.100286,0.00123,79.039048,2.056383,-4.827653,7.55609,79.049881,79.197374,79.349816,0.068544,6.661469,5.047091,0.002626,0.003238,0.001327,0.001363,0.430726,1.355303,0.022005,-65.187161,6.654936,-44.196138,1.687123,0.453053,1.181312,-0.414448,0.97321,-0.439155,0.999984,0.999972,0.999969,0.999959,0.999951,1032.474223,100.609809,96.508873,190.366672,1006.506818,1023.093349,1053.375526,1.580119,5.922223,5.035228,0.249996,1.273379,0.481223,0.416666,0.471215,0.518163,0.213195,-259.072,670.997333,-132.842667,667.052864,186.008337,248.120604,-0.545265,-0.561413,0.691329,6.202141,1.805628,1.442624,0.355168,0.332538,5.133541,1.630276,2.220764,1.512717,1.094177,5.469858,4.527442,5.270025,3.675363,3.726312,0.952604,0.913793,0.657126,0.310134,-0.154988,,,,,,,,,,3.0,0.0,0.0,,,,,13.327,,0.0,-6.907755,0.0,2e-06,0.0,0.0,0.0,0.0,1.486348,1.372791,3.108281,0.704499,1.012384,-0.110577,0.0641,-0.4917,-0.086178,-0.353757,-0.02016,-0.183259,0.097688,4.573977,0.267118,0.38702,0.198485,0.117421,0.104631,0.097854,0.092458,0.09147,0.084423,0.082545,0.076311,0.069938,6.840547,-6.83124,0.0,0.0,0.0,1.0,1.0,0.0,0.0,0.0,0.0,0.0,0.0,0.0,1.0,0.0,0.0,1.0,0.0,0.0,0.0,1.0,0.0,0.0,0.0,1.0,0.0,0.0,6.184149,1001.518799,8.0,,,0.69,,,0.0,0.0,0.0,0.0,0.0,1.0,1.0,0.0,0,1,0,0,,0,,,0,1,,,0,0,0,0,0,0,0.0,0,0,0,0,0,0,,0,0,0,0,,,,0,0,0,0,0,0,0,,0,0,,0,0,0.0,,1.0,0,0,2
1464140133,1.014836,0.008204,-0.004249,0.011005,1.009328,1.015188,1.020495,2.431312,6.684579,5.043403,0.001333,0.004729,0.002253,0.029561,0.430222,1.813404,0.101164,-0.01006,0.005261,1.014741,0.005566,0.005839,0.008203,0.033189,-0.058267,-0.033886,0.011824,0.001262,0.000685,0.001729,0.011083,0.011766,0.012694,2.282995,6.676408,5.006713,0.076163,0.22752,0.354736,1.745054,0.485063,0.856001,0.114037,-0.005539,-0.008086,-0.006373,0.001331,0.00125,0.00118,-0.01269,0.093057,-0.012274,79.19555,2.490151,-5.741278,8.900974,79.226154,79.382177,79.537465,0.077555,6.672722,5.046867,0.002043,0.005237,0.001702,0.001637,0.430714,4.304687,0.008804,-65.320582,6.106195,-44.350316,2.063168,0.948161,1.402064,-0.083648,0.988494,-0.125002,0.999968,0.999925,0.99986,0.999858,0.999692,1035.25783,31.693021,-21.333714,51.630649,1020.321518,1034.879703,1051.627309,2.032501,5.926455,5.049208,0.015604,0.10114,0.101302,0.304862,0.438845,2.992,0.125155,-130.538667,630.570667,-808.597333,18.563849,44.538339,44.108781,-0.105946,0.029829,0.501436,5.058349,0.746186,1.717582,1.058358,0.957582,5.113234,0.225135,0.492435,0.202646,0.309261,5.011762,0.048239,0.216747,0.182193,0.612005,0.998157,0.997771,0.996868,0.996517,0.997428,,,,,,,,,,3.0,0.0,0.0,,,,,13.325,,0.0,-6.907755,0.0,2e-06,0.0,0.0,0.0,0.0,0.724248,1.009778,2.565597,0.130704,1.247202,-0.194131,0.285874,-0.439119,0.110014,-0.140596,-0.000916,-0.108727,0.018178,5.434533,0.816831,0.422572,0.262425,0.249762,0.176599,0.203406,0.151073,0.180894,0.17148,0.125457,0.115872,0.116287,8.533263,-8.483702,0.0,0.0,0.0,1.0,1.0,0.0,0.0,0.0,0.0,0.0,0.0,0.0,1.0,0.0,0.0,1.0,0.0,0.0,0.0,1.0,0.0,0.0,0.0,1.0,0.0,0.0,6.180017,1001.551514,8.0,,,0.7,,,0.0,0.0,0.0,0.0,0.0,1.0,1.0,0.0,0,1,0,0,,0,,,0,1,,,0,0,0,0,0,0,0.0,0,0,0,0,0,0,,0,0,0,0,,,,0,0,0,0,0,0,0,,0,0,,0,0,0.0,,1.0,0,0,2
1464140162,1.015802,0.007912,-0.003876,0.010469,1.010314,1.015673,1.021462,2.479911,6.684581,5.043976,0.0005,0.003236,0.003073,0.026878,0.430313,1.015024,0.096627,-0.010295,0.005105,1.015714,0.004956,0.004811,0.007914,0.043742,-0.012599,-0.011581,0.012213,0.001437,0.00152,0.002788,0.011173,0.012193,0.013177,1.818471,6.67285,5.031462,0.183763,0.43596,0.398411,1.922653,0.508227,1.871308,0.080818,-0.005561,-0.008568,-0.006335,0.001248,0.001113,0.001991,0.111408,0.347746,0.141403,79.055429,2.464653,-5.691422,8.821695,79.134767,79.295795,79.429417,0.077811,6.668932,5.045845,0.001763,0.004054,0.001703,0.001619,0.430423,1.654078,0.010515,-65.008325,6.903198,-44.448274,2.015472,0.615002,1.417553,-0.267511,0.989846,-0.303858,0.999978,0.999942,0.999927,0.999938,0.999974,1035.789696,21.721424,20.98917,38.252986,1023.757769,1034.987903,1045.921603,1.966709,5.857715,5.045845,0.015327,0.043002,0.03807,0.146615,0.433854,4.789714,0.146517,-135.062857,641.028571,-801.714286,13.069989,21.411727,28.238749,-0.25566,-0.219586,0.32046,5.068541,0.215808,0.808661,0.68231,0.749757,5.0397,0.120598,0.164176,0.05657,0.108501,5.049281,0.016164,0.101968,0.084419,0.369609,0.999371,0.999277,0.999132,0.999094,0.99855,,,,,,,,,,3.0,0.0,0.0,,,,,13.301,,0.0,-6.907755,0.0,2e-06,0.0,0.0,0.0,0.0,-2.201839,1.476526,2.569859,0.212486,1.0813,-0.20042,0.192014,-0.444111,0.076362,-0.243944,-0.021169,-0.180929,0.042077,5.404135,0.6379,0.487272,0.445823,0.276186,0.227331,0.156882,0.149934,0.156602,0.124602,0.108374,0.114604,0.090773,8.735204,-8.67488,0.0,0.0,0.0,1.0,1.0,0.0,0.0,0.0,0.0,0.0,0.0,0.0,1.0,0.0,0.0,1.0,0.0,0.0,0.0,1.0,0.0,0.0,0.0,1.0,0.0,0.0,6.177944,1001.544434,8.0,,,0.71,,,0.0,0.0,0.0,0.0,0.0,1.0,1.0,0.0,0,1,0,0,,0,,,0,1,,,0,0,0,0,0,0,0.0,0,0,0,0,0,0,,0,0,0,0,,,,0,0,0,0,0,0,0,,0,0,,0,0,0.0,,1.0,0,0,2
1464140208,1.015736,0.007449,-0.001753,0.009865,1.010819,1.015665,1.020946,2.545561,6.684585,5.043999,0.00047,0.003191,0.001432,0.023808,0.43024,4.91581,0.085926,-0.010295,0.004864,1.015647,0.00504,0.005138,0.007452,0.006121,0.022661,-0.053967,0.012531,0.001283,0.001421,0.00299,0.011814,0.012514,0.013177,1.337052,6.679373,5.053784,0.128231,0.288264,0.344997,1.490627,0.484341,3.443057,0.088712,-0.00561,-0.008919,-0.006462,0.001372,0.001325,0.001501,0.222239,0.344508,0.439767,79.067899,2.45238,-5.675649,8.804509,79.182661,79.272357,79.402013,0.07747,6.674001,5.044946,0.001552,0.00378,0.001679,0.001606,0.430153,0.538079,0.023231,-65.085227,6.886742,-44.361516,2.061022,0.535869,1.324298,-0.474881,0.981588,-0.512331,0.999982,0.999965,0.999956,0.999952,0.999919,1039.285208,21.646489,11.924475,30.75637,1026.746315,1039.045716,1052.357354,2.418834,5.926709,5.046151,0.006669,0.05738,0.0441,0.168768,0.434426,2.1528,0.130325,-709.717333,392.704,644.885333,18.075843,54.94332,58.690648,-0.671296,0.602412,-0.822258,5.034458,0.022325,0.090324,0.037454,0.05098,5.016735,0.679448,0.236746,0.236511,0.381141,5.091225,0.230433,0.282833,0.219881,0.608293,0.998938,0.998142,0.99685,0.991469,0.984649,,,,,,,,,,4.0,0.0,0.0,,,,,11.557,,0.0,-6.907755,0.0,0.0,0.0,0.0,0.0,0.0,0.03509,1.254758,3.132125,0.749078,1.002051,-0.118421,0.090067,-0.464798,-0.05479,-0.31425,-0.005841,-0.205918,0.068012,4.974039,0.260028,0.37454,0.197556,0.103716,0.102784,0.083906,0.094109,0.101767,0.095184,0.077759,0.073623,0.066681,7.076654,-7.064883,0.0,0.0,0.0,1.0,1.0,0.0,0.0,0.0,0.0,0.0,0.0,0.0,1.0,0.0,0.0,1.0,0.0,0.0,0.0,1.0,0.0,0.0,0.0,1.0,0.0,0.0,6.196444,1001.526123,8.0,,,0.72,,,0.0,0.0,0.0,0.0,0.0,1.0,1.0,0.0,0,1,0,0,,0,,,0,1,,,0,0,0,0,0,0,0.0,0,0,0,0,0,0,,0,0,0,0,,,,0,0,0,0,0,0,0,,0,0,,0,0,0.0,,1.0,0,0,4
1464140271,1.014524,0.007962,0.00351,0.010622,1.008905,1.014659,1.01963,2.423364,6.684581,5.043236,0.000908,0.003472,0.002893,0.029231,0.430154,1.196903,0.089999,-0.010094,0.005065,1.014433,0.005296,0.005454,0.007963,-0.00866,-0.023087,-0.046267,0.012047,0.001242,-0.000623,0.001736,0.011173,0.012099,0.012872,2.211712,6.666658,5.04065,0.102667,0.307906,0.37967,1.755001,0.49542,1.054843,0.098624,-0.005085,-0.008421,-0.006719,0.001479,0.001152,0.001115,0.003378,0.026175,0.109624,,,,,,,,,,,,,,,,,,,,,,,,,,,,,,,,1036.629944,22.99779,-10.136057,33.514082,1023.843738,1037.165368,1049.845703,2.306307,5.92668,5.049231,0.012133,0.043374,0.067174,0.154723,0.435389,1.557088,0.103329,-187.349333,754.517333,-684.181333,16.603392,26.274025,40.795414,-0.193889,-0.25324,0.544019,5.037766,0.149671,0.581228,0.489714,0.611821,5.036404,0.029618,0.089514,0.059971,0.154684,5.065924,0.068343,0.124906,0.219009,0.75208,0.998844,0.998758,0.998469,0.997769,0.995717,,,,,,,,,,3.0,0.0,0.0,,,,,13.324,,0.0,-6.907755,0.0,2e-06,0.0,0.0,0.0,0.0,0.873396,1.447469,2.878542,0.50328,1.213257,-0.098385,0.198571,-0.415698,0.053424,-0.264976,-0.028327,-0.137913,0.071255,4.977107,0.546164,0.384425,0.209325,0.245465,0.15602,0.179676,0.135589,0.143546,0.137668,0.1028,0.1167,0.098955,7.639161,-7.618594,0.0,0.0,0.0,1.0,1.0,0.0,0.0,0.0,0.0,0.0,0.0,0.0,1.0,0.0,0.0,1.0,0.0,0.0,0.0,1.0,0.0,0.0,0.0,1.0,0.0,0.0,6.180017,1001.572998,8.0,,,0.73,,,0.0,0.0,0.0,0.0,0.0,1.0,1.0,0.0,0,1,0,0,,0,,,0,1,,,0,0,0,0,0,0,0.0,0,0,0,0,0,0,,0,0,0,0,,,,0,0,0,0,0,0,0,,0,0,,0,0,0.0,,1.0,0,0,4
1464140368,1.014191,0.008109,0.003872,0.010826,1.008817,1.013793,1.019729,2.42872,6.68458,5.04442,0.001228,0.003549,0.002298,0.028824,0.430467,0.618428,0.075459,-0.010058,0.005416,1.014098,0.005275,0.00543,0.008108,-0.035096,-0.021566,-0.021365,0.012484,0.001078,-0.000584,0.00142,0.011766,0.012514,0.013177,2.481421,6.668269,5.0407,0.064077,0.230785,0.28797,1.555969,0.481515,2.191841,0.087818,-0.005553,-0.008792,-0.006671,0.001445,0.001074,0.001064,-0.161471,0.058804,-0.057039,79.133554,2.044656,-4.807925,7.532755,79.129629,79.281356,79.437568,0.068392,6.664029,5.046014,0.001656,0.003062,0.00136,0.001332,0.430413,1.992865,0.017466,-65.194362,6.776939,-44.333112,1.67206,0.683178,1.175102,-0.279064,0.977856,-0.378793,0.99998,0.999956,0.999932,0.999922,0.999807,1035.084673,19.844945,13.724634,27.932547,1022.514539,1033.471816,1047.664068,2.410923,5.85775,5.044968,0.007199,0.042253,0.028018,0.114186,0.432853,6.42712,0.137452,-191.108571,751.314286,-684.731429,19.784689,18.792964,34.593672,-0.485237,-0.508939,0.471758,5.019647,0.41725,0.535861,0.264132,0.56756,5.047273,0.016659,0.05997,0.046057,0.087885,5.045578,0.021353,0.10251,0.127431,0.547755,0.99928,0.999175,0.998704,0.998402,0.996571,,,,,,,,,,3.0,0.0,0.0,,,,,13.337,,0.0,-6.907755,0.0,2e-06,0.0,0.0,0.0,0.0,0.566201,1.490228,2.864634,0.479798,1.241971,-0.061175,0.177702,-0.435732,0.035978,-0.247732,-0.008914,-0.152724,0.098055,4.990183,0.555912,0.371542,0.246992,0.243961,0.134437,0.171114,0.130151,0.132647,0.118329,0.101736,0.104648,0.09478,7.790282,-7.7664,0.0,0.0,0.0,1.0,1.0,0.0,0.0,0.0,0.0,0.0,0.0,0.0,1.0,0.0,0.0,1.0,0.0,0.0,0.0,1.0,0.0,0.0,0.0,1.0,0.0,0.0,6.202536,1001.578369,8.0,,,0.74,,,0.0,0.0,0.0,0.0,0.0,1.0,1.0,0.0,0,1,0,0,,0,,,0,1,,,0,0,0,0,0,0,0.0,0,0,0,0,0,0,,0,0,0,0,,,,0,0,0,0,0,0,0,,0,0,,0,0,0.0,,1.0,0,0,4
1464140449,1.01478,0.007456,0.001796,0.009715,1.009791,1.014615,1.020155,2.646975,6.684585,5.04283,0.000433,0.002513,0.002444,0.024533,0.429942,3.267904,0.097152,-0.010386,0.005225,1.014689,0.004919,0.005005,0.007456,-0.003144,0.026372,0.056186,0.012163,0.001215,0.000617,0.001608,0.011374,0.012099,0.013003,2.540463,6.678365,5.042675,0.087705,0.286415,0.559688,1.748068,0.498639,3.328194,0.074596,-0.005508,-0.00835,-0.006713,0.001052,0.001011,0.00147,-0.01608,0.123043,0.029521,79.28251,0.219984,-0.128402,0.267035,79.109173,79.29079,79.459765,2.872213,6.683357,5.045726,0.000985,0.000615,8e-06,2.2e-05,0.430252,3.128901,0.181417,-65.287059,6.53587,-44.501452,0.263506,0.415428,0.160743,0.468374,-0.085413,-0.318,0.999982,0.999965,0.99996,0.999966,0.999973,1045.217905,13.046013,2.432027,18.05022,1037.720579,1045.095211,1052.919749,2.540799,5.988884,0.0,0.0,5.048949,0.000577,0.10323,0.432676,0.155985,0.138845,-299.629073,997.433584,-74.927318,14.709305,13.04513,44.706699,0.023351,-0.005422,0.181842,0.0,0.0,5.067393,0.069106,0.820515,0.0,0.0,5.046104,0.003217,0.110935,0.0,0.0,4.985768,3.517591,5.102955,0.997851,0.998169,0.0,0.0,0.0,,,,,,,,,,4.0,0.0,0.0,,,,,10.0,,0.0,-6.907755,0.0,0.0,0.0,0.0,0.0,0.0,5.022013,1.288604,3.153359,0.758593,0.99607,-0.132375,0.072301,-0.476623,-0.086236,-0.35829,-0.026155,-0.216941,0.05431,4.808212,0.266556,0.382273,0.204909,0.108959,0.090703,0.079303,0.092079,0.093446,0.084183,0.069583,0.072905,0.070886,5.799093,-5.795798,0.0,0.0,0.0,1.0,1.0,0.0,0.0,0.0,0.0,0.0,0.0,0.0,1.0,0.0,0.0,1.0,0.0,0.0,0.0,1.0,0.0,0.0,0.0,1.0,0.0,0.0,6.192363,1001.491211,8.0,,,0.76,,,0.0,0.0,0.0,0.0,0.0,1.0,1.0,0.0,0,1,0,0,,0,,,0,1,,,0,0,0,0,0,0,0.0,0,0,0,0,0,0,,0,0,0,0,,,,0,0,0,0,0,0,0,,0,0,,0,0,0.0,,1.0,0,0,4
1464140571,1.015338,0.00734,0.001127,0.009484,1.010256,1.015131,1.02051,2.587743,6.684586,5.043741,0.001163,0.001653,0.00209,0.026731,0.430225,2.191757,0.0789,-0.009538,0.007307,1.015243,0.004785,0.00506,0.007342,0.00363,-0.014703,-0.047994,0.012484,0.001089,-0.000361,0.001466,0.011814,0.012514,0.013177,2.499056,6.678284,5.040614,0.058561,0.233172,0.230822,1.387698,0.472633,0.876297,0.112407,-0.005532,-0.008949,-0.00656,0.000985,0.001061,0.001109,-0.030961,0.0608,0.063443,79.144181,2.061293,-4.837963,7.575772,79.151765,79.256825,79.468877,0.067941,6.671647,5.04489,0.001755,0.003162,0.001306,0.001356,0.430115,5.141841,0.005083,-65.139418,6.576911,-44.464026,1.736757,0.585139,1.114695,-0.31456,0.976569,-0.354205,0.999977,0.999956,0.999946,0.999931,0.999929,1027.380135,29.186839,27.799783,49.005481,1009.887119,1026.185168,1043.609122,2.112727,5.926525,5.041913,0.011742,0.124792,0.084719,0.141627,0.434446,2.635248,0.15244,-836.224,434.474667,402.602667,20.244715,46.106876,60.814468,0.333911,0.143115,-0.030174,5.03186,0.039833,0.052327,0.019833,0.044848,5.076425,0.622726,0.860039,0.313904,0.384062,5.080208,0.545219,1.078923,0.961743,1.394288,0.996881,0.995481,0.994942,0.994266,0.995103,,,,,,,,,,4.0,0.0,0.0,,,,,12.954,,0.0,-6.907755,0.0,0.0,0.0,0.0,0.0,0.0,4.448104,1.228189,3.08802,0.721768,1.016895,-0.105945,0.09774,-0.461908,-0.08289,-0.363253,-0.049911,-0.225627,0.061809,4.789217,0.283838,0.387508,0.237745,0.108178,0.10238,0.085096,0.089885,0.079152,0.083551,0.07676,0.077353,0.074869,5.976351,-5.972419,0.0,0.0,0.0,1.0,1.0,0.0,0.0,0.0,0.0,0.0,0.0,0.0,1.0,0.0,0.0,1.0,0.0,0.0,0.0,1.0,0.0,0.0,0.0,1.0,0.0,0.0,6.202536,1001.877686,8.0,,,0.78,,,0.0,0.0,0.0,0.0,0.0,1.0,1.0,0.0,0,1,0,0,,0,,,0,1,,,0,0,0,0,0,0,0.0,0,0,0,0,0,0,,0,0,0,0,,,,0,0,0,0,0,0,0,,0,0,,0,0,0.0,,1.0,0,0,4
1464140637,1.014143,0.007772,-0.002655,0.010458,1.009277,1.01379,1.019501,2.559132,6.684582,5.043168,0.000899,0.003215,0.003089,0.024205,0.430059,3.870111,0.084199,-0.009546,0.006351,1.014052,0.00503,0.005305,0.007777,0.035845,0.032843,-0.033839,0.012186,0.001358,0.002385,0.0042,0.011374,0.012146,0.012981,1.222329,6.671529,5.039827,0.045454,0.253038,0.346802,1.520708,0.481146,0.757259,0.097581,-0.005405,-0.008584,-0.006447,0.00177,0.001219,0.001121,-0.325531,0.136836,-0.017134,79.120275,2.444323,-5.654801,8.77243,79.203853,79.324584,79.458373,0.077897,6.667673,5.045444,0.001428,0.003816,0.001681,0.001581,0.430289,1.03621,0.01217,-65.263989,6.21446,-44.29014,2.015898,0.648066,1.372791,-0.360477,0.988599,-0.395958,0.999985,0.999966,0.999923,0.999936,0.999924,1022.567591,12.447739,11.378675,18.775158,1014.518605,1022.185893,1028.03891,2.288334,5.926852,5.048187,0.012937,0.014337,0.012019,0.016652,0.431858,4.910488,0.105241,-906.112,463.317333,57.322667,43.045381,26.63017,65.188628,0.643261,-0.544443,-0.475208,5.057787,0.019351,0.02562,0.018876,0.028276,5.030263,0.053991,0.129844,0.058646,0.098694,4.867117,2.376719,2.941099,3.088579,4.196683,0.997168,0.996928,0.99602,0.992707,0.965129,,,,,,,,,,3.0,0.0,0.0,,,,,13.339,,0.0,-6.907755,0.0,2e-06,0.0,0.0,0.0,0.0,3.411646,1.361523,2.847132,0.578587,1.028146,-0.138836,0.120356,-0.4566,-0.041671,-0.333609,-0.056058,-0.246251,0.068242,5.035926,0.291459,0.70837,0.25404,0.152096,0.136582,0.104468,0.129045,0.10439,0.119337,0.095515,0.085637,0.089518,6.487684,-6.481136,0.0,0.0,0.0,1.0,1.0,0.0,0.0,0.0,0.0,0.0,0.0,0.0,1.0,0.0,0.0,1.0,0.0,0.0,0.0,1.0,0.0,0.0,0.0,1.0,0.0,0.0,6.192363,1001.578125,8.0,,,0.8,,,0.0,0.0,0.0,0.0,0.0,1.0,1.0,0.0,0,1,0,0,,0,,,0,1,,,0,0,0,0,0,0,0.0,0,0,0,0,0,0,,0,0,0,0,,,,0,0,0,0,0,0,0,,0,0,,0,0,0.0,,1.0,0,0,4
1464140749,1.015665,0.007803,-0.008376,0.014799,1.011127,1.015232,1.020587,1.895998,6.684582,5.043089,0.000627,0.002282,0.001794,0.023379,0.429982,1.45463,0.100303,-0.010264,0.006176,1.01557,0.00494,0.005036,0.007806,0.029747,-0.051249,-0.08037,0.0122,0.001451,0.000951,0.00209,0.011173,0.012285,0.013003,2.274039,6.676297,5.026816,0.152064,0.542552,0.708428,1.855099,0.508286,7.692972,0.083395,-0.005709,-0.008189,-0.006777,0.001182,0.001459,0.001362,0.111866,0.121886,0.016031,,,,,,,,,,,,,,,,,,,,,,,,,,,,,,,,1020.573571,45.968312,71.752229,142.143319,1009.221482,1021.340296,1031.333098,0.862709,5.925943,5.051974,0.195487,0.476079,0.259278,0.672055,0.457044,2.195747,0.150929,-754.944,409.813333,-288.661333,121.579799,122.75781,438.884489,-0.513191,-0.837341,0.729736,5.040603,0.417155,0.776459,0.317534,0.385024,5.242473,1.261203,2.042034,1.374463,1.668839,6.291229,2.767913,1.879388,0.626395,1.44973,0.991324,0.974587,0.882267,0.635331,0.627471,,,,,,,,,,4.0,0.008464,0.007472,,,,,10.0,,1.176354,0.16242,3e-06,2e-06,8e-06,8e-06,1e-06,1e-06,-2.96381,1.745953,2.922278,0.36404,0.864788,-0.16888,0.192549,-0.354084,0.0316,-0.317814,-0.072026,-0.270275,0.002532,4.478265,0.365381,0.401853,0.188055,0.15405,0.150151,0.12259,0.118081,0.11601,0.112804,0.094518,0.092534,0.083022,8.391403,-8.348257,0.0,0.0,0.0,1.0,1.0,0.0,0.0,0.0,0.0,0.0,0.0,0.0,1.0,0.0,0.0,1.0,0.0,0.0,0.0,1.0,0.0,0.0,0.0,1.0,0.0,0.0,6.167517,1001.479492,8.0,,,0.81,,,0.0,0.0,0.0,0.0,0.0,1.0,1.0,0.0,0,1,0,0,,0,,,0,1,,,0,0,0,0,0,0,0.0,0,0,0,0,0,0,,0,0,0,0,,,,0,0,0,0,0,0,0,,0,0,,0,0,0.0,,1.0,0,0,4
1464140808,1.01553,0.008184,0.004911,0.01205,1.009791,1.01561,1.020597,2.098553,6.684579,5.042935,0.000594,0.002868,0.002979,0.028761,0.430058,6.962479,0.078051,-0.010637,0.00351,1.015443,0.00513,0.004862,0.008181,-0.008925,-0.036047,0.000584,0.012392,0.001119,0.000473,0.001494,0.011766,0.012423,0.013177,2.408191,6.667948,5.040913,0.114313,0.373245,0.202479,1.508864,0.480756,1.871914,0.081842,-0.005178,-0.008683,-0.007013,0.001041,0.001155,0.001004,0.044867,-0.045078,0.067557,81.064026,2.177333,-5.030294,7.85906,81.145914,81.298164,81.473746,0.258639,6.661445,5.040161,0.006658,0.003284,0.001368,0.001383,0.429174,2.132566,0.007609,-68.099539,1.789719,-43.92913,1.858579,0.79183,1.23166,-0.116576,0.887575,-0.4421,0.999973,0.99993,0.999857,0.999832,0.999921,1058.89075,149.335242,129.096234,221.837263,977.99764,1056.575601,1127.048715,2.396728,5.917139,5.061194,0.142457,2.614728,0.98968,1.266991,0.579103,0.519029,0.43166,-402.048,774.378667,36.757333,211.234512,319.922817,483.656895,0.350567,-0.055633,0.425976,5.435577,1.313485,1.554108,0.858987,0.543114,5.154587,1.246609,3.683018,1.348344,1.537693,6.361286,3.768991,5.053658,3.812122,3.973499,0.932202,0.865426,0.786105,0.572321,0.161919,,,,,,,,,,3.0,0.014494,0.013015,,,,,13.801,,2.032727,0.709378,7e-06,6e-06,1.5e-05,1.3e-05,1e-06,1e-06,0.23923,0.796427,1.808699,-0.014099,1.07033,-0.302576,0.325785,-0.480655,0.064822,-0.17222,0.030719,-0.182825,-0.013567,5.617115,0.991356,0.60787,0.312989,0.258631,0.246381,0.157416,0.156594,0.152738,0.165811,0.123332,0.143433,0.127957,8.82129,-8.755717,0.0,0.0,0.0,1.0,1.0,0.0,0.0,0.0,0.0,0.0,0.0,0.0,1.0,0.0,0.0,1.0,0.0,0.0,0.0,1.0,0.0,0.0,0.0,1.0,0.0,0.0,6.194405,1001.543213,8.0,,,0.82,,,0.0,0.0,0.0,0.0,0.0,1.0,1.0,0.0,0,1,0,0,,0,,,0,1,,,0,0,0,0,0,0,0.0,0,0,0,0,0,0,,0,0,0,0,,,,0,0,0,0,0,0,0,,0,0,,0,0,0.0,,1.0,0,0,4
1464140871,1.000744,0.100638,0.134072,0.216069,0.97159,0.991065,1.013961,1.464612,6.679808,5.041509,0.156648,1.055877,0.375049,1.718539,0.505393,2.271376,0.174952,0.07725,0.975917,0.096505,0.121013,0.103613,0.136169,0.107444,-0.28643,-0.258842,0.676056,0.679536,0.784111,1.021706,0.158711,0.429255,0.981509,2.319142,6.238228,6.062865,3.206519,3.763514,1.901823,2.924127,1.985443,5.476996,0.135664,-0.004586,-0.154628,-0.025046,0.397761,0.77301,0.372161,-0.06267,-0.091813,0.411885,117.225694,15.309353,10.296079,17.054875,103.629781,107.60132,131.52339,2.196083,6.661047,5.02935,0.085947,0.049059,0.000817,0.000537,0.449983,0.0,0.0,-83.330254,-70.341244,39.935178,19.01061,4.817635,10.246298,0.274266,0.284202,-0.527945,0.998061,0.9919,0.987394,0.97834,0.97144,1057.623233,184.925991,264.37907,406.876748,992.158377,1044.834856,1097.625729,1.584129,5.844148,5.013754,1.348894,2.68864,1.057462,1.822871,0.630309,2.67464,0.256784,202.674286,770.902857,-481.485714,297.692732,276.324254,347.263438,-0.113881,-0.237076,0.516457,5.943371,5.241706,4.070573,2.386925,1.526433,5.049768,2.923269,3.349835,1.404127,2.152946,5.46091,3.195827,3.579358,2.509978,3.455239,0.917465,0.833173,0.753869,0.765149,0.702187,,,,,,,,,,3.0,0.0,0.0,,,,,13.897,,0.0,-6.907755,0.0,2e-06,0.0,0.0,0.0,0.0,3.478724,1.357147,0.789858,-0.818445,0.85807,-0.607037,0.393027,-0.330051,0.226597,-0.139751,-0.005586,-0.163569,0.022213,6.60924,0.806734,0.339375,0.277323,0.173474,0.169987,0.160323,0.134578,0.121031,0.138667,0.098437,0.112086,0.095208,10.315994,-10.052001,0.0,0.0,0.0,1.0,0.0,0.0,0.0,1.0,0.0,0.0,0.0,1.0,0.0,0.0,0.0,1.0,0.0,0.0,0.0,1.0,0.0,0.0,0.0,1.0,0.0,0.0,-11.512925,1001.394043,8.0,,,0.83,,,0.0,0.0,0.0,0.0,0.0,1.0,1.0,0.0,0,1,0,0,,0,,,0,1,,,0,0,0,0,0,0,0.0,0,0,0,0,0,0,,0,0,0,0,,,,0,0,0,0,0,0,0,,0,0,,0,0,0.0,,1.0,0,0,4
1464141171,1.019581,0.305086,0.113524,0.371321,0.767424,1.027449,1.251899,2.748588,6.638461,4.994007,0.062354,3.804928,0.688632,0.913486,0.664724,0.538039,0.83093,0.04176,0.295881,0.949104,0.121753,0.154563,0.322213,0.221207,0.122422,-0.17474,0.765429,0.514453,0.771365,1.129342,0.461864,0.651743,0.926733,1.734068,6.507388,4.900835,2.252255,3.703074,3.24451,3.632434,1.250707,1.056165,0.226564,-0.006515,-0.018172,0.012795,0.658182,0.496235,0.412983,-0.357313,0.254764,0.084881,101.449236,4.802335,-7.792031,11.850059,99.928065,102.262691,104.054375,1.564807,6.672081,5.044584,0.082191,0.046174,0.002037,0.001997,0.434012,0.0,0.0,-81.832945,-59.233426,8.356157,4.089094,3.19094,3.612761,0.621407,-0.340305,-0.744936,0.999599,0.999277,0.99848,0.998394,0.994808,1048.906541,316.736822,-180.098965,379.788912,779.46587,1091.611575,1288.031036,2.871514,5.655631,4.999725,0.461192,3.557705,2.355682,1.837343,0.718641,1.07703,0.796612,864.853333,481.84,47.84,272.660604,228.766025,302.356921,0.54806,0.262556,0.119719,5.003602,0.998397,3.745253,2.092485,1.285547,4.915478,1.143838,3.657492,3.818414,3.509649,2.990094,5.334543,5.752383,4.46586,5.826728,0.877347,0.865768,0.879539,0.877718,0.864228,,,,,,,,,,12.0,0.329807,0.362558,,,0.28,2.34,5.0,,55.86322,4.022906,0.001002,0.000215,0.002104,-0.000473,0.000657,0.000247,2.965263,1.373894,1.613964,-0.682114,1.174121,-0.594933,0.681936,-0.396359,0.166521,-0.035129,0.103325,-0.062392,-0.057018,4.892685,0.51066,0.283535,0.211072,0.253295,0.261194,0.253188,0.190486,0.270789,0.153676,0.132943,0.144237,0.141758,10.331594,-10.063959,0.0,0.0,0.0,1.0,0.0,0.0,0.0,1.0,0.0,0.0,0.0,1.0,0.0,0.0,0.0,1.0,0.0,0.0,0.0,1.0,0.0,0.0,0.0,1.0,0.0,0.0,8.070906,1003.130127,8.0,,,0.81,,,0.0,0.0,0.0,0.0,0.0,1.0,1.0,0.0,0,0,1,0,,0,,,0,0,0.0,1.0,0,0,0,0,0,0,0.0,0,0,0,0,0,0,,0,0,0,0,,,,0,1,0,0,0,0,0,,0,0,,0,0,1.0,,0.0,0,0,1
1464141471,1.001228,0.109168,0.140683,0.260543,0.983129,0.994936,1.012366,0.841322,6.678812,5.044588,0.321223,2.018884,0.803053,2.102479,0.587409,0.597916,0.160358,0.144978,0.557273,0.40731,0.218941,0.390395,0.562635,0.078683,-0.317157,-0.90813,0.531114,1.197624,2.059713,2.934236,0.055919,0.126122,0.375893,0.849021,5.534199,6.193413,4.655659,4.882128,3.181098,3.316214,3.075776,0.0,0.0,-0.031923,-0.08467,-0.236501,0.614937,0.64102,0.929091,0.302565,0.419365,0.513359,,,,,,,,,,,,,,,,,,,,,,,,,,,,,,,,1023.389667,79.979076,-93.25585,166.047036,1003.322476,1016.598249,1044.512932,1.543516,5.161532,5.049553,0.845953,1.816242,0.344532,0.114449,0.499488,3.7598,0.134296,570.24,726.582857,16.731429,337.360663,246.709645,160.215326,-0.915696,0.092145,-0.083411,5.724609,2.38862,2.165713,0.283428,0.20834,5.392237,0.282469,1.94375,0.446737,0.369948,5.708563,4.371038,6.002052,4.007962,3.47679,0.97546,0.951607,0.821308,0.727796,0.843756,,,,,,,,,,13.0,0.230556,0.373837,,,,,6.0,,48.523251,3.882043,6.5e-05,0.000116,-0.000259,0.000369,8e-06,2.1e-05,4.521602,2.074498,1.093947,-0.766515,1.027024,-0.602606,0.591175,-0.326004,0.34227,-0.194361,0.033949,-0.132752,0.138405,6.445314,0.869865,0.41949,0.326446,0.372904,0.339332,0.243122,0.237121,0.195148,0.128906,0.142602,0.161848,0.154002,10.39357,-10.111033,0.0,0.0,0.0,1.0,0.0,0.0,0.0,1.0,0.0,0.0,0.0,1.0,0.0,0.0,0.0,1.0,0.0,0.0,0.0,1.0,0.0,0.0,1.0,0.0,0.0,0.0,8.098339,1003.650146,8.0,,,0.78,,,0.0,0.0,0.0,0.0,0.0,1.0,1.0,0.0,0,0,1,0,,0,,,0,0,0.0,1.0,0,0,0,0,0,0,0.0,0,0,0,0,0,0,,0,0,0,0,,,,0,1,0,0,0,0,0,,0,0,,0,0,1.0,,0.0,0,0,1
1464141771,1.004376,0.007522,0.001685,0.009989,0.999491,1.00428,1.009228,2.572203,6.684584,5.043969,0.000742,0.003328,0.003889,0.027638,0.430335,0.736348,0.088707,0.062685,0.259914,0.968082,0.006849,0.006875,0.008161,0.230505,-0.227398,-0.270079,0.016727,0.009642,0.013099,0.017989,0.010968,0.013725,0.019322,2.010847,6.545086,5.38421,2.286408,3.114665,3.851821,4.073485,1.732624,7.314431,0.141738,-0.00284,-0.005412,-0.009157,0.005403,0.014021,0.005078,-0.61029,0.295441,-0.057011,84.852194,2.3651,-5.426752,8.472873,84.61789,85.052512,85.272686,0.378357,6.670323,5.051923,0.003681,0.003773,0.00131,0.00138,0.432133,3.009002,0.014322,-84.34616,-8.796198,-2.425932,2.326202,1.508816,0.517506,0.282833,0.048388,-0.511457,0.999941,0.999792,0.999604,0.999603,0.999919,1030.579929,12.304835,7.885593,17.192004,1023.155902,1030.572656,1037.720579,2.435791,5.926855,5.045728,0.00787,0.023473,0.02568,0.035863,0.431624,5.268032,0.160407,362.474667,955.178667,-124.437333,42.545396,20.876975,27.597501,-0.752841,-0.456507,0.530125,5.116273,0.083602,0.248078,0.104125,0.18584,5.035767,0.014385,0.026111,0.046284,0.035619,5.11221,0.407456,1.156648,1.405089,2.286817,0.999366,0.999007,0.997583,0.996995,0.994593,,,,,,,,,,14.0,0.392582,0.185649,,,,,4.0,,56.017674,4.025667,0.000231,0.000145,-0.000361,-0.000193,3.2e-05,2.5e-05,9.412498,1.131749,1.012991,-0.68437,0.771862,-0.685054,0.470778,-0.540863,0.203403,-0.136248,0.152428,0.046056,0.098885,5.351721,0.450835,0.255259,0.215269,0.215327,0.287089,0.198518,0.159565,0.163816,0.159968,0.131758,0.149786,0.125332,10.228176,-9.983882,0.0,0.0,0.0,1.0,0.0,0.0,0.0,1.0,0.0,0.0,0.0,1.0,0.0,0.0,0.0,1.0,0.0,0.0,0.0,1.0,0.0,0.0,0.0,1.0,0.0,0.0,8.097426,1003.377197,8.0,,,0.77,,,0.0,0.0,0.0,0.0,0.0,1.0,1.0,0.0,0,0,1,0,,0,,,0,0,0.0,1.0,0,0,0,0,0,0,0.0,0,0,0,0,0,0,,0,0,0,0,,,,0,1,0,0,0,0,0,,0,0,,0,0,1.0,,0.0,0,0,1
1464142071,1.004535,0.048591,-0.040635,0.098159,0.98287,1.003433,1.027817,1.509893,6.683422,5.035534,0.056755,0.241508,0.200605,0.73897,0.44869,1.253938,0.130267,-0.030331,0.555883,0.830187,0.045602,0.075095,0.0678,-0.049966,-0.00996,-0.546563,0.229754,0.493644,0.814133,1.103416,0.047374,0.079884,0.184477,0.941435,5.68063,5.469403,3.560846,4.830595,3.532759,4.443111,2.833138,5.217715,0.174924,0.011054,-0.059596,-0.077138,0.248182,0.26506,0.393694,-0.405872,-0.322767,0.74206,99.000881,4.399955,-2.549152,10.842638,97.570771,98.635967,99.852453,0.952125,6.668494,5.031328,0.007209,0.008927,0.00282,0.003489,0.42695,0.0,0.0,-94.299898,-19.790406,-22.134289,4.419115,3.300394,4.006866,0.560335,-0.728467,-0.493268,0.999603,0.999129,0.998448,0.997005,0.98949,1036.305608,47.897162,-34.051762,83.498019,1013.737612,1039.399824,1061.952917,1.894822,5.856856,5.034216,0.105553,0.280198,0.11854,0.216809,0.437443,1.0773,0.126344,-380.274286,681.394286,-624.845714,127.919324,187.578796,159.171046,0.789306,0.59194,0.857022,5.310978,0.473154,0.439969,0.243074,0.192878,5.019667,0.414334,0.534109,0.168455,0.170537,5.280344,0.30484,0.503605,0.298284,0.646192,0.995169,0.986764,0.953239,0.87709,0.919251,,,,,,,,,,14.0,0.204572,0.536669,,,1.69,7.29,7.0,,66.636163,4.199247,0.000219,0.000314,-0.00017,0.00024,2.8e-05,7.5e-05,7.85094,1.627829,2.032226,0.149384,0.682091,-0.549016,0.299396,-0.215321,0.363764,-0.15487,0.23045,-0.036835,0.036353,5.024796,0.468672,0.409374,0.31131,0.277929,0.239288,0.229003,0.149365,0.168461,0.1622,0.193222,0.180548,0.136883,10.33166,-10.064009,0.0,0.0,0.0,1.0,0.0,0.0,0.0,1.0,0.0,0.0,0.0,1.0,0.0,0.0,0.0,1.0,0.0,0.0,0.0,1.0,0.0,0.0,0.0,1.0,0.0,0.0,2.197226,1003.048828,8.0,,,0.75,,,0.0,0.0,0.0,0.0,0.0,1.0,1.0,0.0,0,1,0,0,,0,,,0,0,,,0,1,0,0,0,0,1.0,0,0,0,0,0,0,,0,0,0,0,,,,0,1,0,0,0,0,0,,0,0,,0,0,0.0,,0.0,0,0,6
1464142371,1.00859,0.027488,-0.00999,0.037327,0.991524,1.008057,1.026492,2.370514,6.68424,5.049548,0.052445,0.098385,0.010883,0.127985,0.435605,1.195683,0.20932,0.670465,0.112804,0.737279,0.038815,0.099398,0.028175,-0.719883,-0.10117,0.130219,0.050178,0.026402,0.025548,0.034954,0.030523,0.041933,0.066679,2.507986,6.551663,5.284621,1.988546,1.949124,1.254262,2.559192,1.008494,3.845877,0.297716,-0.004456,-0.009893,-0.015067,0.030625,0.026649,0.034958,-0.206211,0.711455,-0.076814,101.892715,4.943256,-9.951673,15.147575,100.630346,102.374873,104.198132,0.951346,6.676947,5.047624,0.010012,0.009468,0.002612,0.002638,0.431663,0.0,0.0,-90.474641,-44.632377,-14.198943,4.528204,2.272309,1.254316,0.848998,0.215426,0.431018,0.999978,0.999916,0.999733,0.999609,0.999853,1035.110962,67.192497,114.391453,177.103401,1015.401398,1033.115676,1057.544325,1.441916,4.826377,5.057289,0.009729,0.228065,0.075031,0.225329,0.440415,0.158752,0.12056,-104.832,596.608,-827.968,43.357627,118.992094,86.421473,0.576235,0.278141,0.360206,5.148211,2.104178,2.643826,0.965614,1.395203,5.090132,1.196234,0.540785,0.120661,0.195437,5.05483,0.570286,0.53414,0.1694,0.495873,0.992933,0.988282,0.959133,0.0,0.0,,,,,,,,,,4.0,0.698781,0.252314,,,0.27,6.24,32.0,,115.601096,4.750145,0.000379,0.000106,-0.001011,0.000287,0.000119,7.7e-05,5.94864,4.017779,0.383367,-0.124836,0.912351,-0.07354,0.341831,0.064658,0.190763,-0.018506,0.03205,-0.191932,-0.002528,4.936615,0.834873,0.414959,0.240126,0.278923,0.227231,0.262534,0.196272,0.208762,0.253035,0.200444,0.137143,0.167849,10.322757,-10.05719,0.0,0.0,0.0,1.0,0.0,0.0,0.0,1.0,0.0,0.0,0.0,1.0,0.0,0.0,0.0,1.0,0.0,0.0,0.0,1.0,0.0,0.0,1.0,0.0,0.0,0.0,-11.512925,1002.929932,8.0,,,0.74,,,0.0,0.0,0.0,0.0,0.0,1.0,1.0,0.0,0,1,0,0,,0,,,0,0,,,0,1,0,0,0,0,1.0,0,0,0,0,0,0,,0,0,0,0,,,,0,1,0,0,0,0,0,,0,0,,0,0,0.0,,0.0,0,0,6
1464142670,1.043439,0.33373,0.333408,0.500535,0.90005,0.987507,1.144004,2.339847,6.635228,4.963901,0.935362,3.38646,2.160033,2.633214,0.824664,1.116061,0.484191,0.051397,0.978232,0.055156,0.235338,0.326781,0.274495,0.02254,0.392671,0.023205,1.21838,0.92958,0.966288,1.299117,0.506827,0.98228,1.644164,2.581306,6.402192,5.297484,2.834628,4.444373,3.368909,3.221151,1.658729,0.0,0.0,0.000565,-0.194527,0.009738,0.963816,0.887611,0.770608,-0.054805,-0.814344,0.129721,97.300968,13.823878,10.347882,16.412584,87.025903,92.523413,110.853388,2.499944,6.662075,4.897891,0.084837,0.056609,0.002298,0.002557,0.417202,7.851562,0.011979,-72.518506,-54.908886,28.03557,17.861667,5.462646,15.804607,0.412886,0.53708,0.146795,0.996081,0.990139,0.975604,0.936178,0.914611,1056.014312,232.417634,418.03094,599.747413,982.664983,1023.562406,1066.538326,1.232501,5.146436,5.01788,0.349487,0.88872,0.910077,0.922774,0.474788,2.546834,0.098823,-46.674286,487.817143,-763.977143,233.230388,324.860182,430.637321,0.091104,-0.037805,0.490936,5.304059,5.083738,4.679655,3.168876,4.134937,4.678162,2.227891,2.40793,2.021307,1.945746,5.339596,0.336365,0.983561,1.114267,1.280627,0.944769,0.906052,0.72551,0.182592,0.0,,,,,,,,,,6.0,0.340037,0.588009,,,0.81,1.55,14.0,,76.1477,4.332675,0.000138,0.000327,-2.6e-05,-0.000538,0.000102,0.000134,6.598761,1.664732,1.152449,-0.621945,1.015957,-0.493531,0.613526,-0.100472,0.337105,-0.057829,0.073512,-0.096114,0.113483,5.378394,0.756437,0.348952,0.488243,0.209321,0.163242,0.185178,0.157698,0.138285,0.124782,0.126017,0.118807,0.115204,10.390963,-10.109067,0.0,0.0,0.0,1.0,0.0,0.0,0.0,1.0,0.0,0.0,0.0,1.0,0.0,0.0,0.0,1.0,0.0,0.0,0.0,1.0,0.0,0.0,1.0,0.0,0.0,0.0,-11.512925,1003.724854,8.0,,,0.73,,,0.0,0.0,0.0,0.0,0.0,1.0,1.0,0.0,0,1,0,0,,0,,,0,0,,,0,1,0,0,0,0,1.0,0,0,0,0,0,0,,0,0,0,0,,,,0,1,0,0,0,0,0,,0,0,,0,0,0.0,,0.0,0,0,4
1464142970,1.104032,0.502051,0.321814,0.643665,0.754944,1.095799,1.435848,2.752195,6.574602,4.941983,0.929592,3.997026,2.998971,3.566969,1.113755,1.076181,0.667812,0.13754,0.973954,0.039004,0.291575,0.510944,0.394762,0.360037,0.201721,0.158492,2.229629,0.996559,0.488213,1.235104,1.470129,2.207259,2.977736,2.850717,6.572844,5.039772,2.71516,3.794699,2.937633,3.319067,1.139273,1.075759,0.630565,0.053794,0.002434,0.13868,1.609576,1.610306,0.870875,-0.416617,-0.778142,0.501103,,,,,,,,,,,,,,,,,,,,,,,,,,,,,,,,1167.289612,378.183917,212.94065,511.847101,910.44517,1178.527857,1385.217983,2.56994,5.802971,5.071182,2.591398,3.49268,0.925293,0.570208,0.763778,2.115003,0.288058,1002.605714,134.514286,-53.851429,563.073828,264.386532,304.012257,-0.091506,0.401633,0.0808,5.207118,2.729286,3.545312,0.895212,0.37383,4.152067,4.829686,6.06076,5.151789,3.373656,4.0198,5.059407,6.184436,5.404983,4.421719,0.864636,0.770347,0.752754,0.609296,0.365771,,,,,,,,,,7.0,0.340891,0.350657,,,0.77,8.64,21.653,,53.334024,3.976574,0.000153,0.000159,-0.000367,0.000342,7e-05,5.4e-05,7.872416,0.851708,1.10646,-0.674232,1.081507,-0.551852,0.586634,-0.204731,0.285177,-0.043711,0.140779,-0.085246,0.107836,5.406353,0.369376,0.266875,0.233542,0.215642,0.197637,0.169222,0.123488,0.116133,0.103119,0.096902,0.097598,0.094233,10.389426,-10.107908,0.0,0.0,0.0,1.0,0.0,0.0,0.0,1.0,0.0,0.0,0.0,1.0,0.0,0.0,0.0,1.0,0.0,0.0,0.0,1.0,0.0,0.0,1.0,0.0,0.0,0.0,-11.512925,1004.557617,8.0,,,0.72,,,0.0,0.0,0.0,0.0,0.0,1.0,1.0,0.0,0,1,0,0,,0,,,0,0,,,0,1,0,0,0,0,1.0,0,0,0,0,0,0,,0,0,0,0,,,,0,1,0,0,0,0,0,,0,0,,0,0,0.0,,0.0,0,0,4
1464143270,1.008579,0.076237,0.112643,0.235389,1.002161,1.010307,1.018188,0.869796,6.681799,5.041016,0.12218,0.446951,0.225168,0.960668,0.462411,0.77725,0.172509,0.05906,0.025186,0.986184,0.149777,0.136089,0.073539,-0.361753,-0.206916,-0.235424,0.15956,0.341781,0.538951,0.763824,0.012694,0.014212,0.095092,0.970615,5.42144,5.824248,4.043351,4.990466,4.671119,4.994314,3.802721,0.0,0.0,-0.023337,-0.011153,0.001921,0.16807,0.305537,0.141424,0.03744,-0.168482,-0.206836,61.457845,5.049955,4.071461,8.610832,58.731099,59.355559,63.611452,1.601651,6.669932,5.003122,0.084875,0.031246,0.001866,0.00162,0.432341,0.0,0.0,-56.286751,-24.029886,2.642807,5.351008,3.88046,2.50187,-0.166901,0.875667,-0.243158,0.999664,0.998383,0.993687,0.993597,0.990504,1065.349758,259.141566,479.464087,711.780877,995.043671,1023.187177,1057.831393,1.077103,5.905154,4.995443,0.760741,0.987013,0.180394,0.381757,0.457872,1.357099,0.057979,374.826667,339.690667,-614.250667,515.817259,366.316192,410.707683,-0.560466,0.47489,-0.105758,5.978925,2.912006,1.676936,0.352855,0.661081,5.217233,2.447778,2.161116,0.964461,1.230338,5.542948,0.368178,1.328699,0.408908,0.796144,0.96219,0.920747,0.777427,0.355921,-0.125015,,,,,,,,,,3.0,0.0,0.0,,,,,20.636999,,0.0,-6.907755,0.0,0.0,0.0,0.0,0.0,0.0,-6.369516,1.689712,1.425196,-0.805982,0.644602,-0.264636,0.444008,-0.261084,0.177743,-0.273008,-0.081042,-0.283539,-0.004517,6.202861,1.004097,0.53762,0.385019,0.40613,0.437778,0.311428,0.255636,0.232592,0.167932,0.136807,0.172718,0.143772,10.326432,-10.060007,0.0,0.0,0.0,1.0,0.0,0.0,0.0,1.0,0.0,0.0,0.0,1.0,0.0,0.0,0.0,1.0,0.0,0.0,0.0,1.0,0.0,0.0,0.0,1.0,0.0,0.0,1.098616,1003.750244,8.0,,,0.71,,,0.0,0.0,0.0,0.0,0.0,1.0,1.0,0.0,0,1,0,0,,0,,,0,0,1.0,0.0,0,1,0,0,1,0,1.0,0,0,0,0,0,0,,0,0,0,0,,,,0,1,0,0,0,0,0,,0,0,,0,0,0.0,,0.0,0,0,4
1464143570,1.011413,0.022072,0.041002,0.06585,1.004908,1.010234,1.015581,0.927308,6.684383,5.042064,0.001391,0.003095,0.004123,0.053899,0.430267,0.776322,0.170996,-0.007727,-0.004912,1.011322,0.008228,0.006066,0.021964,-0.120466,-0.062411,-0.11648,0.0132,0.001081,0.000476,0.001481,0.012331,0.01322,0.013971,2.406307,6.674986,5.056282,0.02738,0.162281,0.187181,1.324694,0.472201,0.557852,0.109069,-0.004222,-0.006282,-0.01071,0.000957,0.001196,0.001037,0.029942,0.06124,-0.022534,59.20511,2.137188,-4.140962,6.511947,58.459585,58.886095,59.800467,1.041966,6.671308,5.04786,0.030064,0.031113,0.001666,0.001563,0.432492,5.699678,0.098814,-54.102304,-23.673873,4.015975,1.778536,1.692001,0.383424,0.642611,-0.397265,0.19837,0.999931,0.999817,0.99968,0.999492,0.998756,1062.343247,188.189025,142.706566,283.347054,971.03656,1054.635482,1144.699087,2.33474,5.768133,5.055319,1.313164,2.612309,1.582778,1.165838,0.614825,2.393723,0.214196,349.563077,690.387692,43.175385,457.495597,336.786786,490.4764,-0.653055,-0.565759,0.672592,6.429723,2.89761,3.741981,1.816583,1.289887,5.430208,2.076477,3.423763,1.416975,1.706158,6.592159,4.657006,4.171422,2.979105,4.376292,0.879802,0.764876,0.49723,0.43664,0.62359,,,,,,,,,,4.0,0.037874,0.695445,,,,,20.83,,93.917172,4.542413,1.9e-05,0.000502,3.9e-05,0.001005,1.5e-05,0.000379,-2.58458,0.8045,1.637373,-0.645208,0.696848,-0.737102,0.204894,-0.460281,0.098683,-0.331505,-0.060291,-0.182309,-0.035386,6.402496,1.369763,0.628427,0.250497,0.303511,0.183739,0.219402,0.135123,0.145756,0.126063,0.105964,0.110501,0.096586,10.306316,-10.044559,0.0,0.0,0.0,1.0,0.0,0.0,0.0,1.0,0.0,0.0,0.0,1.0,0.0,0.0,0.0,1.0,0.0,0.0,0.0,1.0,0.0,0.0,0.0,1.0,0.0,0.0,3.091043,1003.922607,8.0,,,0.7,,,0.0,0.0,0.0,0.0,0.0,1.0,1.0,0.0,0,0,0,0,,0,,,0,0,1.0,0.0,0,0,0,0,1,0,0.0,0,0,0,0,0,0,,0,0,0,0,,,,0,1,0,0,0,0,0,,0,0,,1,0,0.0,,1.0,0,0,1
1464143870,1.010254,0.007718,-0.002567,0.010214,1.005352,1.010221,1.015586,2.608653,6.684583,5.043964,0.001112,0.003134,0.003474,0.025277,0.430297,0.039853,0.131597,-0.007672,-0.003229,1.010198,0.004821,0.004529,0.007718,-0.009235,-0.022104,0.014075,0.013418,0.002269,0.00597,0.010426,0.012649,0.01339,0.014011,0.650887,6.673119,5.048118,0.040364,0.253198,0.423059,1.445504,0.480425,3.186713,0.047433,-0.003995,-0.006478,-0.010737,0.001687,0.001611,0.002555,0.531623,0.763208,0.594333,61.096019,2.15663,-4.516949,7.032406,60.6871,61.029793,61.476346,0.975143,6.672587,5.035879,0.009446,0.010837,0.001783,0.001775,0.428143,3.964552,0.019014,-54.638761,-26.981188,4.281087,1.854064,1.462047,0.30493,0.662813,-0.634037,-0.277674,0.999952,0.999907,0.999789,0.999683,0.999478,1056.356242,176.807244,277.275744,417.321673,1014.18727,1036.208473,1063.608916,1.170419,5.91467,5.008929,0.525098,1.221276,0.558199,0.805087,0.47631,1.117984,0.368663,149.76,604.629333,-537.514667,353.896853,289.062169,511.295108,-0.329475,0.487372,0.044794,6.407937,4.213699,3.865108,1.869591,2.196423,5.209336,1.455355,1.586367,1.684278,1.642404,5.659557,1.548213,1.785767,2.084804,2.217403,0.910958,0.822136,0.755656,0.509796,0.093053,,,,,,,,,,3.0,0.0,0.0,,,,,21.039,,0.0,-6.907755,0.0,0.0,0.0,0.0,0.0,0.0,0.232571,1.870639,1.734589,-0.599534,0.406362,-0.705777,0.151583,-0.481212,0.103992,-0.15334,0.046628,-0.281044,-0.031666,5.744959,1.084175,0.501979,0.24938,0.262446,0.332015,0.174094,0.159101,0.166208,0.135565,0.123152,0.139207,0.101522,8.762177,-8.700254,0.0,0.0,0.0,1.0,0.0,0.0,0.0,1.0,0.0,0.0,0.0,1.0,0.0,0.0,0.0,1.0,0.0,0.0,0.0,1.0,0.0,0.0,0.0,1.0,0.0,0.0,2.890372,1003.965088,8.0,,,0.7,,,0.0,0.0,0.0,0.0,0.0,1.0,1.0,0.0,0,0,0,0,,0,,,0,0,1.0,0.0,0,0,0,0,1,0,,0,1,0,0,0,0,,0,0,1,0,,,,0,1,0,0,0,0,0,,0,0,,1,0,,,,0,0,1
1464144170,1.00936,0.007504,-0.002129,0.010123,1.00437,1.009282,1.014193,2.428429,6.684584,5.044366,0.000521,0.002682,0.002446,0.022721,0.430323,1.035084,0.09472,-0.006796,-0.003098,1.009312,0.004533,0.004592,0.007502,0.075039,-0.014166,-0.076645,0.012654,0.001027,0.000335,0.001341,0.011958,0.012649,0.013262,2.622051,6.675043,5.041276,0.069464,0.158543,0.296108,1.314389,0.469635,1.135862,0.125105,-0.003784,-0.005894,-0.010432,0.000944,0.001192,0.000997,-0.01792,0.04868,-0.027611,60.402903,1.937715,-4.209268,6.574039,60.063095,60.430604,60.823149,0.559033,6.671446,5.044761,0.00969,0.006928,0.001682,0.0016,0.430446,4.464381,0.032063,-54.379215,-25.931924,4.291367,1.694388,1.152538,0.294304,0.754104,-0.475502,-0.170766,0.999977,0.99994,0.999901,0.999856,0.999547,1037.899682,49.919702,-27.096275,84.213361,1012.98766,1038.244671,1063.75937,1.980266,5.85677,5.046489,0.139134,0.492824,0.397555,0.282124,0.44966,0.918029,0.148416,497.805714,798.811429,222.811429,272.064923,130.736655,230.350103,-0.829537,-0.559282,0.377341,5.573722,1.483901,1.885882,0.891517,0.348505,5.013898,0.270241,0.578014,0.560572,0.80278,6.018622,3.18145,3.41618,2.746581,3.637005,0.983555,0.965588,0.909995,0.779613,0.778207,,,,,,,,,,3.0,0.0,0.0,,,,,12.062,,0.0,-6.907755,0.0,0.0,0.0,0.0,0.0,0.0,6.454898,-0.840836,1.354926,-0.803165,0.596478,-0.827346,0.102109,-0.571911,-0.048731,-0.448392,-0.132156,-0.237054,0.003976,5.246702,0.643294,0.392002,0.328161,0.309887,0.275979,0.256657,0.22295,0.198918,0.17567,0.146391,0.17212,0.168553,9.86105,-9.685677,0.0,0.0,0.0,1.0,0.0,0.0,0.0,1.0,0.0,0.0,0.0,1.0,0.0,0.0,0.0,1.0,0.0,0.0,0.0,1.0,0.0,0.0,0.0,1.0,0.0,0.0,2.772589,1003.861816,8.0,,,0.69,,,0.0,0.0,0.0,0.0,0.0,1.0,1.0,0.0,0,0,0,0,,0,,,0,0,1.0,0.0,0,0,0,0,1,0,,0,1,0,0,0,0,,0,0,1,0,,,,0,1,0,0,0,0,0,,0,0,,1,0,,,,0,0,1
1464144470,1.009249,0.006986,0.003811,0.009319,1.004838,1.008846,1.013659,2.412803,6.684588,5.043601,0.000834,0.002067,0.001827,0.021531,0.430087,1.493881,0.082725,-0.00655,-0.002881,1.009202,0.004702,0.004664,0.006986,0.010831,-0.00571,0.003454,0.012984,0.001023,-0.000261,0.001351,0.012285,0.013047,0.013559,2.517589,6.681494,5.052109,0.128028,0.212097,0.216422,1.192153,0.468255,0.258939,0.101495,-0.004064,-0.005971,-0.010693,0.000932,0.001094,0.001029,0.016056,0.025945,-0.035473,60.776437,1.64243,-3.514972,5.554319,60.431922,60.637562,61.052816,0.921063,6.674156,5.041052,0.022484,0.00809,0.001273,0.001272,0.430024,5.680109,0.078185,-54.62447,-26.288485,4.268636,1.381092,1.143297,0.346368,0.716341,-0.464788,0.057428,0.999954,0.999879,0.999805,0.999823,0.999794,1041.246302,50.770859,-37.504205,77.521229,1012.845484,1041.875232,1071.656659,2.212736,5.925727,5.041132,0.020897,0.376968,0.29837,0.443728,0.445984,0.798507,0.122651,92.032,868.8,-499.989333,74.880164,99.313483,240.891411,0.022275,-0.250434,0.829673,5.517709,2.648943,4.629373,3.46158,2.507483,5.183512,0.378101,0.466755,0.393934,0.348674,5.342736,3.068876,2.813208,1.56333,2.235125,0.986603,0.972036,0.919324,0.92344,0.980512,,,,,,,,,,3.0,0.0,0.0,,,,,12.128,,0.0,-6.907755,0.0,0.0,0.0,0.0,0.0,0.0,8.619696,0.470027,0.407946,-1.206634,0.528392,-0.681561,0.125713,-0.572166,0.201726,-0.3711,0.028146,-0.078211,-0.052031,5.182315,0.700624,0.320192,0.337551,0.293983,0.25962,0.208306,0.231104,0.155211,0.164489,0.173264,0.212355,0.189114,8.709465,-8.65063,0.0,0.0,0.0,1.0,0.0,0.0,0.0,1.0,0.0,0.0,0.0,1.0,0.0,0.0,0.0,1.0,0.0,0.0,0.0,1.0,0.0,0.0,0.0,1.0,0.0,0.0,2.772589,1003.933838,8.0,,,0.69,,,0.0,0.0,0.0,0.0,0.0,1.0,1.0,0.0,0,0,0,0,,0,,,0,0,1.0,0.0,0,0,0,0,1,0,,0,1,0,0,0,0,,0,0,1,0,,,,0,1,0,0,0,0,0,,0,0,,1,0,,,,0,0,1
1464144770,1.008568,0.007599,-0.003373,0.010269,1.002936,1.008782,1.013664,2.378979,6.684583,5.044095,0.000407,0.00303,0.001976,0.028462,0.430342,7.232359,0.073595,-0.006143,-0.002856,1.008524,0.004525,0.004724,0.007598,-0.077847,-0.045981,-0.001653,0.012805,0.001077,-0.000462,0.001423,0.012099,0.012827,0.013559,2.441144,6.678553,5.055752,0.130286,0.246849,0.311636,1.375252,0.478012,0.358314,0.108944,-0.00368,-0.005647,-0.010775,0.000958,0.001278,0.001011,-0.100083,0.023693,0.053187,60.651747,2.001652,-4.296014,6.712861,60.365411,60.594295,60.857452,0.783032,6.672677,5.046371,0.006937,0.012713,0.001718,0.001604,0.430889,5.001751,0.056896,-54.504273,-26.230316,4.394488,1.768043,1.185567,0.229501,0.722698,-0.575113,-0.364717,0.999977,0.999937,0.999873,0.999846,0.999456,1047.953288,99.479262,91.053021,155.937087,995.895563,1037.165356,1082.057275,2.245423,5.853499,5.048733,0.613684,1.239377,0.312631,0.122827,0.475273,1.71656,0.183045,504.16,538.194286,-300.594286,618.795713,220.981155,205.363318,-0.526368,0.215946,0.021126,5.70586,2.188287,1.802409,0.260056,0.106137,4.585669,2.241125,2.340814,1.893652,0.806722,5.161001,3.684399,3.981848,1.854458,2.041354,0.960412,0.902381,0.660463,0.344225,0.248535,,,,,,,,,,3.0,0.0,0.0,,,,,12.236,,0.0,-6.907755,0.0,0.0,0.0,0.0,0.0,0.0,0.202454,1.626894,1.203546,-0.59183,0.466696,-0.623969,0.307351,-0.48589,0.113767,-0.289834,0.008754,-0.183965,-0.01786,6.262217,1.09543,1.134363,0.310843,0.312511,0.266399,0.189678,0.172287,0.169505,0.173448,0.127013,0.135569,0.142656,9.483036,-9.359624,0.0,0.0,0.0,1.0,0.0,0.0,0.0,1.0,0.0,0.0,0.0,1.0,0.0,0.0,0.0,1.0,0.0,0.0,0.0,1.0,0.0,0.0,0.0,1.0,0.0,0.0,2.772589,1003.878662,8.0,,,0.68,,,0.0,0.0,0.0,0.0,0.0,1.0,1.0,0.0,0,0,0,0,,0,,,0,0,1.0,0.0,0,0,0,0,1,0,,0,1,0,0,0,0,,0,0,1,0,,,,0,1,0,0,0,0,0,,0,0,,1,0,,,,0,0,1
1464145070,1.010507,0.009504,0.010264,0.019931,1.004856,1.01022,1.015639,1.532505,6.684568,5.043659,0.000477,0.00189,0.002605,0.044889,0.430476,0.697552,0.08613,-0.007057,-0.003326,1.010433,0.007117,0.006174,0.009479,-0.104116,-0.102891,0.036735,0.014207,0.016333,0.041927,0.068311,0.012193,0.013177,0.014212,0.048114,6.521322,4.970768,0.656377,1.343398,1.355165,2.666658,0.620497,0.099573,0.420085,-0.003788,-0.00545,-0.010682,0.008899,0.012208,0.009069,0.945958,0.547748,0.299358,60.937894,1.751244,-3.66661,5.797458,60.574537,60.785699,61.261792,0.893392,6.671575,5.051953,0.018497,0.007314,0.001279,0.001317,0.433264,5.739295,0.03539,-54.612759,-26.644633,4.483215,1.45763,1.304258,0.280737,0.66405,-0.520985,0.018717,0.999944,0.99986,0.999746,0.999777,0.999716,1036.37982,161.573145,142.036554,245.312019,961.2655,1014.802444,1091.80203,2.291414,5.914953,5.075428,1.224664,2.596043,0.597278,0.430501,0.578392,1.19776,0.355637,941.312,237.205333,-181.269333,186.666208,154.862168,257.233797,-0.270723,0.437279,-0.374994,5.159354,1.276124,2.664664,0.666773,0.43378,4.627047,3.289059,4.721084,3.48289,1.498566,5.348626,5.470822,4.83196,3.78065,3.9434,0.970954,0.952535,0.920192,0.885407,0.890464,,,,,,,,,,5.0,0.718669,0.4347,,,0.3,0.46,11.975,,127.521139,4.848282,0.000512,0.000263,-0.001052,-0.000545,8.5e-05,4.6e-05,-1.578105,1.946066,1.66426,-0.468196,0.56011,-0.569245,0.172618,-0.426609,0.126526,-0.358987,-0.021999,-0.22686,-0.041786,6.023756,1.024365,0.520933,0.371336,0.291158,0.248039,0.357849,0.201207,0.162737,0.229134,0.171578,0.120252,0.154086,9.526464,-9.397913,0.0,0.0,0.0,1.0,0.0,0.0,0.0,1.0,0.0,0.0,0.0,1.0,0.0,0.0,0.0,1.0,0.0,0.0,0.0,1.0,0.0,0.0,0.0,1.0,0.0,0.0,2.484907,1003.860596,8.0,,,0.68,,,0.0,0.0,0.0,0.0,0.0,1.0,1.0,0.0,0,1,0,0,,0,,,0,0,1.0,0.0,0,0,0,0,1,0,0.0,0,0,0,0,0,0,,0,0,1,0,,,,0,1,0,1,0,0,0,,0,0,,0,0,0.0,,1.0,0,0,1
1464145370,1.008981,0.00954,0.005837,0.016684,1.003893,1.009233,1.014599,1.807742,6.684567,5.04302,0.001254,0.002418,0.003175,0.024719,0.430023,0.03986,0.249467,-0.006454,-0.003065,1.008935,0.004621,0.00448,0.00954,-0.098705,-0.044613,0.069183,0.0127,0.001451,0.003009,0.005267,0.01191,0.012649,0.013262,1.071862,6.676684,5.034565,0.089252,0.319145,0.212484,1.337317,0.470346,0.577716,0.08183,-0.003654,-0.005405,-0.010677,0.001219,0.001323,0.001898,0.276497,0.540224,0.418327,60.602336,1.64003,-3.517731,5.5706,60.304088,60.507256,60.837928,0.967457,6.672891,5.038195,0.005867,0.004091,0.001253,0.001257,0.428497,4.144795,0.023147,-54.545916,-26.044172,4.318255,1.418112,1.025412,0.25908,0.744886,-0.463095,0.016556,0.999972,0.999932,0.999912,0.999869,0.99973,1048.697078,108.687909,122.521361,188.282199,1005.154542,1040.184599,1067.108211,1.995211,5.921748,5.038509,0.525177,0.952507,0.448846,0.173835,0.465765,5.190293,0.177812,534.890667,547.413333,-89.749333,529.857064,433.205574,222.123212,-0.915324,0.085875,0.012928,6.016033,1.093611,1.749352,0.715761,0.362855,5.834956,2.56049,1.2159,0.676155,0.457833,5.998949,4.653286,4.902439,3.013137,2.605698,0.971069,0.931185,0.742803,0.234352,0.076085,,,,,,,,,,8.0,0.112257,0.116271,,,0.7,1.29,12.156,,17.469992,2.860485,5.4e-05,5.3e-05,5.7e-05,-0.000123,0.000111,0.000122,3.660002,1.167889,0.854934,-0.67797,0.548214,-0.766597,0.222036,-0.533215,0.047514,-0.308402,-0.051843,-0.229452,-0.010683,5.953391,1.131216,0.50436,0.281851,0.2908,0.336072,0.225528,0.209186,0.258306,0.210285,0.157161,0.172088,0.166658,9.324294,-9.218071,0.0,0.0,0.0,1.0,0.0,0.0,0.0,1.0,0.0,0.0,0.0,1.0,0.0,0.0,0.0,1.0,0.0,0.0,0.0,1.0,0.0,0.0,0.0,1.0,0.0,0.0,2.639058,1003.927979,8.0,,,0.68,,,0.0,0.0,0.0,0.0,0.0,1.0,1.0,0.0,0,1,0,0,,0,,,0,0,1.0,0.0,0,0,0,0,1,0,0.0,0,0,0,0,0,0,,0,0,1,0,,,,0,1,0,1,0,0,0,,0,0,,0,0,0.0,,1.0,0,0,1
1464145670,1.008166,0.007519,-0.003947,0.009891,1.002892,1.00829,1.013635,2.488829,6.684584,5.043554,0.000588,0.002509,0.002409,0.024113,0.430132,0.199291,0.090312,-0.006624,-0.003019,1.008118,0.004695,0.00457,0.007518,-0.022538,-0.055558,0.012915,0.012807,0.001023,-0.000392,0.001378,0.012099,0.012827,0.013559,2.363892,6.678901,5.058163,0.056598,0.233879,0.257335,1.290877,0.473144,1.69342,0.120683,-0.003566,-0.00576,-0.01073,0.001054,0.001336,0.001076,0.172953,0.170442,0.108247,60.203085,1.472354,-3.361803,5.326199,60.030556,60.259346,60.458514,0.498779,6.671698,5.041719,0.002059,0.005561,0.001228,0.001243,0.429395,0.637771,0.030259,-54.28443,-25.648481,4.405747,1.359134,0.775879,0.274685,0.662286,-0.545625,-0.018668,0.999974,0.999944,0.999909,0.999893,0.999699,1048.909044,109.611061,229.437732,378.386458,1037.011085,1050.074283,1058.602853,0.79528,5.922453,5.049689,0.280791,0.521014,0.119562,0.241955,0.448543,1.277781,0.159029,-212.544,886.272,104.170667,144.249867,266.001786,423.267358,0.571569,-0.170592,0.524394,5.354854,2.176309,1.482974,0.414875,0.360905,5.210544,1.574378,0.804344,0.068398,0.106762,6.133274,2.021302,2.084452,0.910263,1.61382,0.971342,0.905957,0.814856,0.683617,0.440934,,,,,,,,,,4.0,0.027031,0.310055,,,0.72,0.72,11.973,,34.083526,3.528814,1.2e-05,0.000157,-2.7e-05,0.000364,2e-06,2.9e-05,9.828673,1.227053,0.327777,-0.513668,0.550486,-0.949563,0.314364,-0.562961,0.029926,-0.259964,-0.271446,-0.293728,-0.084664,5.390923,1.021885,0.69341,0.458319,0.343806,0.228722,0.197749,0.176317,0.150123,0.151218,0.142822,0.122494,0.127011,8.368461,-8.326274,0.0,0.0,0.0,1.0,0.0,0.0,0.0,1.0,0.0,0.0,0.0,1.0,0.0,0.0,0.0,1.0,0.0,0.0,0.0,1.0,0.0,0.0,0.0,1.0,0.0,0.0,-11.512925,1003.94751,8.0,,,0.67,,,0.0,0.0,0.0,0.0,0.0,1.0,1.0,0.0,0,1,0,0,,0,,,0,0,1.0,0.0,0,0,0,0,1,0,0.0,0,0,0,0,0,0,,0,0,1,0,,,,0,1,0,1,0,0,0,,0,0,,0,0,0.0,,1.0,0,0,1
1464145970,1.009839,0.007553,-0.002247,0.009859,1.004871,1.009759,1.015087,2.51278,6.684584,5.043444,0.000838,0.002222,0.002973,0.023871,0.430103,0.29897,0.096602,-0.006849,-0.003051,1.00979,0.004578,0.004619,0.007553,0.008305,-0.008578,0.006581,0.01281,0.001449,0.003083,0.005394,0.011993,0.012827,0.013517,1.064416,6.676859,5.039133,0.071074,0.207377,0.257782,1.431519,0.47419,0.856574,0.04954,-0.003351,-0.005859,-0.010682,0.001075,0.001195,0.001991,0.232476,0.539888,0.36473,60.46585,1.529205,-3.51129,5.535475,60.286409,60.571747,60.737701,0.403953,6.671673,5.0443,0.004815,0.004098,0.001252,0.001262,0.430039,2.790293,0.034536,-54.403291,-26.028608,4.312253,1.404938,0.771623,0.293573,0.715583,-0.576715,-0.294922,0.999969,0.999934,0.999932,0.999905,0.999717,1048.40985,108.179051,111.251044,198.598295,1004.613358,1038.737695,1086.219058,1.864258,5.921711,5.013285,0.473442,0.865682,0.725457,0.539581,0.464315,3.992533,0.118483,129.109333,857.749333,8.384,258.712559,151.950066,518.045827,-0.186769,-0.264396,0.390326,5.961329,4.539184,4.267819,1.140585,0.884356,4.832439,1.178623,1.414002,1.207831,0.779706,6.72017,2.652216,2.876803,1.607225,2.088802,0.949662,0.885764,0.615251,0.647858,0.835617,,,,,,,,,,7.0,0.192684,0.152206,,,2.97,3.43,12.104,,24.264973,3.189034,8.4e-05,5.6e-05,-0.000111,-1.2e-05,4.6e-05,4.9e-05,2.346539,1.617577,0.355438,-0.453567,0.740579,-0.857439,0.445543,-0.421556,0.018001,-0.333859,-0.175116,-0.178423,0.067476,5.391596,1.29285,0.967779,0.366946,0.3214,0.367165,0.261133,0.273657,0.255993,0.293521,0.238972,0.170596,0.217086,9.939289,-9.750911,0.0,0.0,0.0,1.0,0.0,0.0,0.0,1.0,0.0,0.0,0.0,1.0,0.0,0.0,0.0,1.0,0.0,0.0,0.0,1.0,0.0,0.0,0.0,1.0,0.0,0.0,-11.512925,1004.107422,8.0,,,0.67,,,0.0,0.0,0.0,0.0,0.0,1.0,1.0,0.0,0,1,0,0,,0,,,0,0,1.0,0.0,0,0,0,0,1,0,0.0,0,0,0,0,0,0,,0,0,1,0,,,,0,1,0,1,0,0,0,,0,0,,0,0,0.0,,1.0,0,0,1
1464146270,1.008882,0.007142,-0.002804,0.009466,1.004345,1.009221,1.013639,2.512192,6.684587,5.043368,0.000293,0.001502,0.002295,0.022741,0.430039,0.119569,0.116408,-0.005781,-0.002648,1.00884,0.004567,0.004792,0.007145,0.020298,0.000268,-0.001887,0.012831,0.001053,0.000319,0.001371,0.012099,0.012827,0.013559,2.573049,6.676222,5.04893,0.029955,0.331019,0.249832,1.399911,0.476824,0.418168,0.117554,-0.003529,-0.005812,-0.010778,0.00096,0.001167,0.001026,-0.087181,0.067385,0.01206,60.429382,1.86417,-4.184151,6.535495,60.264675,60.469195,60.735264,0.648963,6.67022,5.042234,0.004301,0.009541,0.001665,0.001575,0.429603,5.719099,0.027027,-54.431331,-25.871635,4.375589,1.718716,0.921528,0.353785,0.723743,-0.661821,-0.220861,0.999964,0.999919,0.999907,0.99986,0.9994,1017.151981,18.674799,12.486299,26.918654,1005.870767,1016.661202,1027.68088,2.441717,5.926758,5.046596,0.006642,0.033603,0.028689,0.085069,0.432828,3.273877,0.126755,682.410667,434.410667,-591.552,129.11577,92.295594,73.667012,-0.874557,0.872475,-0.628241,5.195328,0.207878,0.095285,0.028567,0.045725,4.907121,1.207885,1.078529,0.187891,0.208983,4.952486,0.349382,0.307347,0.243321,0.488872,0.997132,0.994366,0.982497,0.959766,0.917002,,,,,,,,,,11.0,0.15555,0.129184,,,0.62,2.68,14.666,,18.759723,2.931712,5.1e-05,3.7e-05,0.000106,-0.000138,3.3e-05,3.2e-05,5.567269,1.785159,0.040715,-0.555008,0.326676,-0.93062,0.274756,-0.63639,0.054369,-0.264508,-0.182281,-0.283995,-0.093184,5.359897,1.0377,0.455784,0.46506,0.419692,0.28703,0.263226,0.219325,0.189598,0.166111,0.160538,0.124976,0.142486,9.272,-9.170924,0.0,0.0,0.0,1.0,0.0,0.0,0.0,1.0,0.0,0.0,0.0,1.0,0.0,0.0,0.0,1.0,0.0,0.0,0.0,1.0,0.0,0.0,0.0,1.0,0.0,0.0,-11.512925,1004.409424,8.0,,,0.67,,,0.0,0.0,0.0,0.0,0.0,1.0,1.0,0.0,0,1,0,0,,0,,,0,0,1.0,0.0,0,0,0,0,1,0,0.0,0,0,0,0,0,0,,0,0,1,0,,,,0,1,0,1,0,0,0,,0,0,,0,0,0.0,,1.0,0,0,1
1464146570,1.008323,0.007165,-0.003083,0.009724,1.004242,1.008286,1.012683,2.550069,6.684586,5.0443,0.00076,0.00259,0.001899,0.025469,0.430349,5.001708,0.077654,-0.006389,-0.002678,1.008278,0.00471,0.004694,0.007164,0.022521,0.007894,-0.031587,0.012696,0.001072,-0.001023,0.001878,0.011958,0.012672,0.01339,1.92213,6.67839,5.055808,0.095132,0.220279,0.417428,1.301657,0.475743,0.636932,0.103923,-0.003495,-0.005771,-0.010654,0.000955,0.001141,0.001046,-0.076301,0.137746,0.032864,60.55737,1.922041,-4.315693,6.706808,60.368638,60.599673,60.925923,0.762832,6.671452,5.045473,0.009711,0.005121,0.001688,0.001613,0.430513,5.121635,0.020979,-54.451215,-26.117544,4.450481,1.743967,0.965636,0.218449,0.781334,-0.726558,-0.517317,0.999972,0.999928,0.999928,0.999899,0.999802,1041.668665,21.019704,17.187096,39.155262,1031.534779,1041.537325,1050.424663,1.777697,5.926723,5.044957,0.01314,0.02144,0.023783,0.043507,0.431586,1.357733,0.185425,-207.530667,890.922667,-435.968,168.816661,121.285874,124.20078,0.660975,-0.505461,0.121135,4.663616,0.931168,1.082016,0.673855,1.028619,5.064946,0.051915,0.032038,0.02116,0.035078,5.169058,0.151351,0.317177,0.20865,0.525169,0.991807,0.980503,0.96321,0.938343,0.767846,,,,,,,,,,3.0,0.0,0.0,,,,,12.049,,0.0,-6.907755,0.0,0.0,0.0,0.0,0.0,0.0,3.228289,2.021789,0.765807,-0.744606,0.45964,-0.741157,0.079319,-0.599926,-0.155934,-0.368312,-0.071885,-0.279034,0.101777,5.850685,1.190049,0.671706,0.39699,0.338598,0.314397,0.238552,0.31573,0.268675,0.201725,0.206031,0.192319,0.187012,9.252825,-9.153577,0.0,0.0,0.0,1.0,0.0,0.0,0.0,1.0,0.0,0.0,0.0,1.0,0.0,0.0,0.0,1.0,0.0,0.0,0.0,1.0,0.0,0.0,0.0,1.0,0.0,0.0,-11.512925,1004.464844,8.0,,,0.67,,,0.0,0.0,0.0,0.0,0.0,1.0,1.0,0.0,0,1,0,0,,0,,,0,0,1.0,0.0,0,0,0,0,1,0,0.0,0,0,0,0,0,0,,0,0,1,0,,,,0,1,0,1,0,0,0,,0,0,,0,0,0.0,,1.0,0,0,1
1464146870,1.008902,0.007116,0.003059,0.009223,1.003932,1.008781,1.013633,2.551836,6.684587,5.044252,0.000337,0.002592,0.001852,0.021301,0.430256,1.955038,0.077146,-0.006652,-0.002696,1.008855,0.004438,0.004795,0.007117,-0.004001,-0.000764,-0.079447,0.012704,0.001013,-0.000374,0.001311,0.011958,0.012649,0.01339,2.601964,6.678917,5.046645,0.114755,0.329015,0.237498,1.373665,0.475412,1.87306,0.099533,-0.003571,-0.005689,-0.010683,0.000919,0.001147,0.000997,-0.049608,0.047976,-0.010997,60.950898,2.091353,-4.291514,6.726376,60.545842,60.724537,61.146506,1.058629,6.672634,5.034784,0.008518,0.006693,0.001773,0.00171,0.427711,4.383636,0.014875,-54.676384,-26.571201,4.295879,1.779925,1.454483,0.334414,0.684792,-0.313512,0.266584,0.99997,0.999936,0.999818,0.999683,0.999235,1003.332391,29.875899,28.530825,49.477328,987.821845,1000.095995,1014.518605,2.086863,5.857493,5.05195,0.021741,0.141929,0.167802,0.386029,0.442664,0.758589,0.192711,-88.777143,-724.16,-626.194286,39.146779,184.672243,217.999494,-0.672554,0.656751,-0.97156,5.477863,1.825682,1.774455,1.462671,1.356652,5.196786,1.261535,0.600632,0.231667,0.192427,5.313367,1.588129,0.904099,0.629086,1.044163,0.995877,0.986068,0.953784,0.858538,0.804194,,,,,,,,,,5.0,0.122748,0.185982,,,0.5,0.62,12.121,,23.978102,3.177141,6.4e-05,8.4e-05,0.000131,-0.000122,1e-05,3.6e-05,2.479965,1.701665,0.430321,-0.788627,0.54465,-0.863669,0.150576,-0.670935,-0.097196,-0.39147,-0.165758,-0.269655,-0.045821,6.234476,0.857723,0.511822,0.394485,0.386368,0.521484,0.347608,0.345297,0.288575,0.209341,0.180714,0.222196,0.238852,9.374498,-9.2631,0.0,0.0,0.0,1.0,0.0,0.0,0.0,1.0,0.0,0.0,0.0,1.0,0.0,0.0,0.0,1.0,0.0,0.0,0.0,1.0,0.0,0.0,0.0,1.0,0.0,0.0,-11.512925,1004.197754,8.0,,,0.66,,,0.0,0.0,0.0,0.0,0.0,1.0,1.0,0.0,0,1,0,0,,0,,,0,0,1.0,0.0,0,0,0,0,1,0,0.0,0,0,0,0,0,0,,0,0,1,0,,,,0,1,0,1,0,0,0,,0,0,,0,0,0.0,,1.0,0,0,6
1464147170,1.009068,0.007356,0.003008,0.009649,1.004364,1.008793,1.013721,2.557976,6.684585,5.04341,0.001027,0.001892,0.002398,0.021434,0.430049,4.72392,0.069379,-0.006682,-0.002998,1.00902,0.004632,0.004614,0.007354,0.040983,-0.04824,-0.025999,0.012784,0.001043,-0.00051,0.001379,0.012099,0.012827,0.013517,2.545703,6.673731,5.057221,0.036342,0.197101,0.281167,1.356,0.476054,0.179376,0.131993,-0.003482,-0.005587,-0.010861,0.000964,0.001137,0.001008,-0.069181,0.058002,0.027597,61.064028,1.824289,-3.540711,5.644136,60.494366,60.761887,61.654591,0.962887,6.671546,5.042951,0.006166,0.005758,0.001264,0.001284,0.430291,4.185394,0.129635,-54.725013,-26.706684,4.444329,1.452431,1.465866,0.243439,0.715036,-0.239722,0.16166,0.999957,0.999889,0.999799,0.999707,0.999396,1036.775887,91.42311,117.539715,219.584503,1017.542137,1041.875232,1056.181803,1.304671,5.780048,5.028005,0.384096,1.720024,0.432326,0.691213,0.492338,1.077508,0.173289,-151.753846,406.793846,-766.843077,310.580659,374.500345,264.56153,0.522999,-0.321047,0.375639,6.470735,3.261383,2.916931,2.404529,2.548926,5.826383,4.433427,4.100131,2.184296,2.199342,5.220884,1.68531,2.241635,1.199618,1.896298,0.951798,0.897978,0.705611,0.656415,0.691223,,,,,,,,,,4.0,0.154179,0.258047,,,0.25,0.25,12.123,,33.158731,3.501306,7.2e-05,0.000127,0.000167,-0.000294,1.3e-05,2.4e-05,3.89739,1.962983,0.254414,-0.811332,0.669182,-0.843997,0.287678,-0.727507,0.297442,-0.18442,-0.161623,-0.015728,-0.120746,5.764711,0.807289,0.474215,0.329199,0.337666,0.419283,0.304521,0.392146,0.251698,0.197159,0.198589,0.200457,0.249525,8.719971,-8.660533,0.0,0.0,0.0,1.0,0.0,0.0,0.0,1.0,0.0,0.0,0.0,1.0,0.0,0.0,0.0,1.0,0.0,0.0,0.0,1.0,0.0,0.0,0.0,1.0,0.0,0.0,-11.512925,1004.099121,8.0,,,0.66,,,0.0,0.0,0.0,0.0,0.0,1.0,1.0,0.0,0,1,0,0,,0,,,0,0,1.0,0.0,0,0,0,0,1,0,0.0,0,0,0,0,0,0,,0,0,1,0,,,,0,1,0,1,0,0,0,,0,0,,0,0,0.0,,1.0,0,0,6
1464147471,1.009943,0.007443,0.002211,0.01007,1.005341,1.010204,1.014603,2.432979,6.684585,5.044254,0.000722,0.002205,0.002721,0.024796,0.430327,1.315393,0.091334,-0.006634,-0.00307,1.009895,0.004616,0.004672,0.007442,0.015709,-0.0522,0.029529,0.012719,0.001004,-0.000249,0.001323,0.011958,0.012827,0.01339,2.532028,6.676473,5.048553,0.124092,0.157323,0.249012,1.295236,0.47073,4.025399,0.099199,-0.003415,-0.005536,-0.010831,0.000964,0.001148,0.000962,-0.041667,0.028591,0.03328,61.326134,2.031716,-3.647236,5.816431,60.435943,60.789491,62.89686,0.985539,6.67144,5.026764,0.015063,0.012267,0.001222,0.001248,0.425998,0.0,0.0,-54.775291,-27.212051,4.262658,1.533867,1.898786,0.256835,0.651745,-0.286081,0.215691,0.999968,0.999928,0.999741,0.999287,0.998846,1070.303791,239.498261,447.552568,632.630276,1014.076918,1032.898833,1052.06837,0.60959,5.146767,5.024069,0.155388,0.478818,0.418284,0.3597,0.444396,0.517474,0.029902,-18.011429,408.137143,-912.0,249.008043,298.699627,230.301566,-0.23268,-0.835359,0.068549,6.705814,3.935347,3.990291,2.765191,3.656528,5.378782,1.922326,1.315184,0.598901,1.031062,5.15257,0.290231,0.413818,0.4766,0.650283,0.975074,0.94471,0.863349,0.791394,0.0,,,,,,,,,,3.0,0.0,0.0,,,,,12.194,,0.0,-6.907755,0.0,0.0,0.0,0.0,0.0,0.0,7.561722,1.534481,0.536977,-0.830436,0.873706,-0.96774,0.313041,-0.609405,0.059677,-0.361858,-0.314961,-0.238132,-0.06605,5.277323,1.388421,0.854024,0.474939,0.43463,0.327544,0.294024,0.243556,0.277528,0.202622,0.20617,0.162945,0.174267,8.560061,-8.509187,0.0,0.0,0.0,1.0,0.0,0.0,0.0,1.0,0.0,0.0,0.0,1.0,0.0,0.0,0.0,1.0,0.0,0.0,0.0,1.0,0.0,0.0,0.0,1.0,0.0,0.0,-11.512925,1004.121094,8.0,,,0.66,,,0.0,0.0,0.0,0.0,0.0,1.0,1.0,0.0,0,1,0,0,,0,,,0,0,1.0,0.0,0,0,0,0,1,0,0.0,0,0,0,0,0,0,,0,0,1,0,,,,0,1,0,1,0,0,0,,0,0,,0,0,0.0,,1.0,0,0,6
1464147771,1.009833,0.007567,-0.000582,0.009971,1.004906,1.010209,1.014595,2.474759,6.684584,5.043582,0.00053,0.002613,0.002099,0.025484,0.43015,2.052752,0.103758,-0.006761,-0.003107,1.009784,0.004674,0.004656,0.007567,0.031013,-0.033693,0.019242,0.012796,0.001115,-0.000529,0.001528,0.012099,0.012827,0.013517,2.391562,6.677025,5.046689,0.108964,0.258947,0.152339,1.334037,0.471869,5.29961,0.05565,-0.003424,-0.005221,-0.011059,0.000962,0.001285,0.001059,-0.04728,0.049974,0.058731,62.300685,2.084328,-4.404279,6.856696,61.942553,62.420623,62.942759,0.928356,6.672663,5.055181,0.015621,0.00622,0.001551,0.001436,0.433397,2.96918,0.023273,-55.295803,-28.377042,4.218432,1.751213,1.372351,0.303629,0.777444,-0.403096,-0.072623,0.99995,0.999885,0.999868,0.999799,0.999531,1025.150438,109.547233,-71.111111,195.790784,1011.486035,1023.843738,1041.998081,1.643225,5.921039,5.042065,0.127541,0.402225,0.205497,0.281314,0.443851,1.317976,0.206562,432.853333,481.642667,-740.010667,239.287024,145.777,132.1641,0.397944,-0.432047,0.070154,5.20217,0.820113,0.370063,0.204865,0.142734,5.119976,0.941668,0.475901,0.195186,0.237145,5.046256,0.149784,0.684769,0.396452,0.560932,0.97246,0.931163,0.933059,0.890463,0.727799,,,,,,,,,,4.0,0.0,0.0,,,,,10.463,,0.0,-6.907755,0.0,0.0,0.0,0.0,0.0,0.0,6.890024,1.741687,0.235486,-0.717263,0.320627,-0.853094,0.158462,-0.571636,0.178166,-0.244886,-0.11057,-0.192676,-0.030978,5.628574,1.380677,0.780465,0.526951,0.572892,0.315819,0.305728,0.295271,0.241025,0.234138,0.243198,0.164261,0.172888,8.153637,-8.119468,0.0,0.0,0.0,1.0,0.0,0.0,0.0,1.0,0.0,0.0,0.0,1.0,0.0,0.0,0.0,1.0,0.0,0.0,0.0,1.0,0.0,0.0,0.0,1.0,0.0,0.0,-11.512925,1003.97998,8.0,,,0.66,,,0.0,0.0,0.0,0.0,0.0,1.0,1.0,0.0,0,1,0,0,,0,,,0,0,1.0,0.0,0,0,0,0,1,0,0.0,0,0,0,0,0,0,,0,0,1,0,,,,0,1,0,1,0,0,0,,0,0,,0,0,0.0,,1.0,0,0,6
1464148071,1.008502,0.00713,-0.002598,0.009283,1.00394,1.00833,1.013184,2.538175,6.684587,5.043571,0.000411,0.002507,0.001868,0.022924,0.430103,1.950722,0.121741,-0.00642,-0.00336,1.008455,0.004594,0.004546,0.007127,0.039471,-0.074742,-0.072326,0.012614,0.001033,0.000198,0.001338,0.01191,0.012604,0.013262,2.533445,6.676239,5.035848,0.053945,0.316883,0.256934,1.358067,0.471526,0.896088,0.111374,-0.003528,-0.005168,-0.010853,0.000915,0.001143,0.001035,-0.102598,0.02901,0.000285,60.948171,1.796485,-3.575369,5.686456,60.434597,60.622748,61.424324,0.959763,6.669022,5.063253,0.010179,0.007533,0.001231,0.001228,0.436469,4.922332,0.032677,-54.692436,-26.498452,4.486827,1.475965,1.424811,0.368993,0.633224,-0.542024,0.027643,0.999943,0.999852,0.999647,0.999643,0.999664,1045.809007,223.096274,382.473689,559.313344,992.161252,1016.031456,1051.140226,1.225855,4.992485,5.017282,0.480113,2.056376,0.219025,0.715869,0.496792,1.514427,0.07729,-135.306667,-252.853333,-664.373333,334.258262,654.345163,282.767786,0.064499,-0.372077,-0.583688,4.950152,5.843245,5.553381,3.594094,3.693646,6.222699,2.595199,2.863269,1.710502,2.135989,5.290707,1.720737,2.396494,1.267096,2.354971,0.914179,0.840472,0.22486,0.051051,0.0,,,,,,,,,,3.0,0.0,0.0,,,,,12.088,,0.0,-6.907755,0.0,0.0,0.0,0.0,0.0,0.0,1.78136,1.837562,0.344462,-1.028776,0.689731,-0.765341,0.315907,-0.456958,0.10525,-0.301116,-0.19073,-0.298619,-0.100774,6.147069,0.641089,0.637711,0.431896,0.399188,0.576912,0.368442,0.401548,0.266652,0.233294,0.175707,0.239205,0.193171,8.981933,-8.905361,0.0,0.0,0.0,1.0,0.0,0.0,0.0,1.0,0.0,0.0,0.0,1.0,0.0,0.0,0.0,1.0,0.0,0.0,0.0,1.0,0.0,0.0,0.0,1.0,0.0,0.0,-11.512925,1004.096924,8.0,,,0.66,,,0.0,0.0,0.0,0.0,0.0,1.0,1.0,0.0,0,1,0,0,,0,,,0,0,1.0,0.0,0,0,0,0,1,0,0.0,0,0,0,0,0,0,,0,0,1,0,,,,0,1,0,1,0,0,0,,0,0,,0,0,0.0,,1.0,0,0,6
1464148371,1.00874,0.007377,0.003493,0.009912,1.003901,1.008772,1.013184,2.532365,6.684585,5.043827,0.00037,0.002652,0.001641,0.023225,0.430172,1.594079,0.106706,-0.006239,-0.003184,1.008695,0.004637,0.004564,0.007378,-0.018244,0.037639,-0.017196,0.012352,0.00135,0.002666,0.004676,0.011669,0.012331,0.013133,1.157075,6.677,5.046425,0.118388,0.374486,0.310221,1.364174,0.477406,0.09958,0.080706,-0.003132,-0.005229,-0.010545,0.001075,0.001166,0.001879,0.176464,0.477273,0.314488,61.178485,1.796832,-3.298174,5.330398,60.444782,60.846803,61.888198,1.280919,6.672834,5.037563,0.021787,0.007822,0.001181,0.001128,0.42926,3.067609,0.027437,-54.787509,-26.858078,4.289507,1.431019,1.584405,0.223786,0.601962,-0.271336,0.253855,0.999955,0.999853,0.999656,0.999666,0.99897,1054.617541,25.3445,19.94453,42.748217,1041.96737,1055.454405,1067.857668,2.001996,5.926638,5.046172,0.006729,0.074366,0.082138,0.09245,0.434117,0.559029,0.134722,-192.533333,886.208,532.928,30.874427,30.874014,67.142457,0.029256,0.277481,-0.610828,5.041071,0.963362,1.725328,1.219478,0.378972,5.03331,0.027484,0.053601,0.049914,0.034708,5.096725,0.21158,0.817625,0.689749,0.665956,0.997607,0.997128,0.996208,0.993236,0.989904,,,,,,,,,,8.0,0.057419,0.333324,,,0.73,1.81,16.0,,36.947146,3.609488,2.3e-05,0.00014,-1e-05,-0.000116,2.1e-05,7e-05,4.627221,1.474712,0.353279,-0.736614,0.556152,-1.060295,0.10468,-0.645957,-0.200034,-0.253955,-0.186522,-0.306185,0.027666,5.846562,0.928938,0.511357,0.476163,0.405304,0.481616,0.408972,0.327902,0.349956,0.225642,0.212477,0.232451,0.214277,9.311542,-9.206597,0.0,0.0,0.0,1.0,0.0,0.0,0.0,1.0,0.0,0.0,0.0,1.0,0.0,0.0,0.0,1.0,0.0,0.0,0.0,1.0,0.0,0.0,0.0,1.0,0.0,0.0,-11.512925,1004.160889,8.0,,,0.65,,,0.0,0.0,0.0,0.0,0.0,1.0,1.0,0.0,0,1,0,0,,0,,,0,0,1.0,0.0,0,0,0,0,1,0,0.0,0,0,0,0,0,0,,0,0,1,0,,,,0,1,0,1,0,0,0,,0,0,,0,0,0.0,,1.0,0,0,6
1464148671,1.009116,0.00739,0.003225,0.009896,1.004252,1.008934,1.014123,2.428585,6.684585,5.042706,0.000604,0.002849,0.001595,0.023057,0.42988,1.373256,0.117204,-0.006733,-0.002609,1.009069,0.004542,0.004795,0.007392,0.05417,0.058291,-0.024214,0.012328,0.001099,0.001063,0.001951,0.011669,0.012331,0.013047,1.938136,6.675693,5.039366,0.056707,0.265294,0.170434,1.532349,0.47947,3.943498,0.126235,-0.003311,-0.005061,-0.010587,0.001133,0.001445,0.001077,0.204065,0.222241,0.210466,60.933614,1.777522,-3.665072,5.78986,60.421103,60.743059,61.554796,1.05363,6.670296,5.056623,0.018004,0.006108,0.001241,0.00129,0.434626,7.831346,0.052926,-54.674068,-26.527376,4.366844,1.493465,1.309661,0.307437,0.668518,-0.166358,0.289748,0.999963,0.999877,0.999711,0.999753,0.999803,1071.389349,213.802297,346.490902,465.302834,999.783972,1036.470703,1060.686565,1.536524,5.282182,5.003062,0.134629,0.469329,0.400759,0.628161,0.444702,2.23076,0.004219,-29.0,295.24,-650.0,239.19791,659.3692,437.144736,-0.007196,-0.124929,0.330938,6.435824,4.985476,4.590788,3.927177,4.447194,6.786613,3.351861,3.19478,1.451541,1.426341,5.488027,1.163674,0.932165,0.567588,1.167563,0.911258,0.747129,0.329486,0.356864,0.0,,,,,,,,,,3.0,0.0,0.0,,,,,12.03,,0.0,-6.907755,0.0,0.0,0.0,0.0,0.0,0.0,0.619226,1.488312,0.364232,-1.04888,0.61792,-1.001981,0.252054,-0.603248,0.086619,-0.280089,-0.14495,-0.174652,-0.140252,5.874537,0.713804,0.559991,0.403342,0.459737,0.48899,0.409052,0.333771,0.340857,0.235861,0.204475,0.257054,0.270217,9.928229,-9.741741,0.0,0.0,0.0,1.0,0.0,0.0,0.0,1.0,0.0,0.0,0.0,1.0,0.0,0.0,0.0,1.0,0.0,0.0,0.0,1.0,0.0,0.0,0.0,1.0,0.0,0.0,-11.512925,1004.197754,8.0,,,0.65,,,0.0,0.0,0.0,0.0,0.0,1.0,1.0,0.0,0,1,0,0,,0,,,0,0,1.0,0.0,0,0,0,0,1,0,0.0,0,0,0,0,0,0,,0,0,1,0,,,,0,1,0,1,0,0,0,,0,0,,0,0,0.0,,1.0,0,0,4
1464148971,1.009789,0.007382,-0.003514,0.009992,1.005396,1.009714,1.014209,2.4687,6.684585,5.04247,0.000598,0.00218,0.002642,0.023425,0.429838,5.281448,0.084498,-0.006357,-0.003262,1.009743,0.004658,0.004563,0.007382,-0.021508,0.013636,-0.012045,0.012443,0.001077,0.000563,0.001693,0.011766,0.012331,0.013133,1.897421,6.678347,5.039525,0.135002,0.260235,0.262428,1.38033,0.473584,0.557558,0.101917,-0.003269,-0.005232,-0.010667,0.001013,0.001356,0.001127,0.232916,0.164797,0.285742,60.897373,2.331487,-4.92551,7.624997,60.406963,60.812598,61.427636,0.659026,6.672447,5.033585,0.008272,0.007474,0.001991,0.001864,0.427526,4.084882,0.016349,-54.611985,-26.570215,4.372263,2.030723,1.450458,0.36923,0.716327,-0.545756,-0.285447,0.999961,0.999905,0.999775,0.999692,0.999377,1047.721802,122.962604,160.207173,245.200866,1026.567095,1040.922667,1052.630989,1.568732,5.851439,5.039634,1.038029,1.488051,0.273666,0.183949,0.486546,3.1936,0.24293,266.08,871.314286,-44.32,222.333943,277.029609,393.333926,-0.255878,0.057307,0.217298,5.834716,3.67908,2.268716,1.457347,1.252107,5.218059,1.540287,1.582065,0.193046,0.099678,6.313852,5.242935,5.134339,3.67534,3.514284,0.949982,0.847713,0.7752,0.704281,0.50642,,,,,,,,,,4.0,0.0,0.0,,,,,10.414,,0.0,-6.907755,0.0,0.0,0.0,0.0,0.0,0.0,4.858473,1.09292,0.37435,-0.890191,0.556262,-1.168912,0.122268,-0.725093,-0.230179,-0.255238,-0.283744,-0.35683,-0.128641,5.658458,0.968833,0.66224,0.433317,0.47793,0.366866,0.406128,0.290504,0.32799,0.278806,0.256909,0.262429,0.25554,9.762673,-9.602486,0.0,0.0,0.0,1.0,0.0,0.0,0.0,1.0,0.0,0.0,0.0,1.0,0.0,0.0,0.0,1.0,0.0,0.0,0.0,1.0,0.0,0.0,0.0,1.0,0.0,0.0,-11.512925,1004.179932,8.0,,,0.65,,,0.0,0.0,0.0,0.0,0.0,0.0,1.0,1.0,0,1,0,0,,0,,,0,0,1.0,0.0,0,0,0,0,1,0,0.0,0,0,0,0,0,0,,0,0,1,0,,,,0,1,0,1,0,0,0,,0,0,,0,0,0.0,,1.0,0,0,4
1464149457,1.009899,0.070209,-0.052734,0.122668,0.978546,1.006809,1.034958,1.807891,6.68215,5.043183,0.133908,0.979679,0.26472,0.901962,0.469981,0.597742,0.173268,0.008152,0.286904,0.950821,0.071176,0.162863,0.08242,-0.385441,0.122771,-0.436388,0.559927,0.473036,0.546059,0.76081,0.188924,0.411925,0.865699,2.144004,6.355446,5.85876,2.261377,2.639469,2.083097,2.744509,1.332549,7.888742,0.136835,0.028089,0.075572,0.203574,0.342651,0.351409,0.498439,0.095568,0.014339,0.490863,,,,,,,,,,,,,,,,,,,,,,,,,,,,,,,,1035.97535,140.273982,132.399476,217.244891,990.75728,1004.342571,1063.095977,2.020775,5.607804,5.061157,0.787918,2.005061,0.310787,0.180965,0.506414,1.462073,0.519637,892.654545,258.792727,-62.341818,378.69945,266.718559,103.331204,-0.896565,-0.181222,0.282817,5.182327,0.788017,2.142469,0.35913,0.18167,4.594767,4.847637,3.578465,1.342152,0.84468,4.767362,5.764827,4.654057,4.022481,3.388916,0.971449,0.93027,0.850914,0.725764,0.23966,,,,,,,,,,2.0,0.0,0.0,,,,,14.52,,0.0,-6.907755,0.000743,0.000848,0.001487,0.001697,7.9e-05,9.2e-05,-0.139589,1.837131,1.075484,-0.933843,0.846409,-0.228645,0.452694,-0.210653,0.381037,-0.237554,-0.080626,-0.23719,0.098163,5.493052,0.702928,0.319732,0.264442,0.26849,0.373966,0.216349,0.167417,0.125562,0.131978,0.163691,0.121956,0.111065,8.611776,-8.558273,0.0,0.0,0.0,1.0,0.0,0.0,0.0,1.0,0.0,0.0,0.0,1.0,0.0,0.0,0.0,1.0,0.0,0.0,0.0,1.0,0.0,0.0,1.0,0.0,0.0,0.0,-11.512925,1004.151855,8.0,,,0.64,,,0.0,0.0,0.0,0.0,0.0,0.0,1.0,1.0,0,1,0,0,,0,,,0,0,1.0,0.0,0,0,0,0,1,0,0.0,0,0,0,0,0,0,,0,0,1,0,,,,0,1,0,1,0,0,0,,0,0,,0,0,0.0,,1.0,0,0,4
1464149571,1.007041,0.007103,0.003722,0.009475,1.002407,1.006662,1.011767,2.494511,6.684587,5.043951,0.000237,0.003302,0.001668,0.025469,0.430254,2.391553,0.069518,0.053882,0.242667,0.975853,0.004742,0.005031,0.007337,-0.005302,-0.065781,-0.0793,0.011949,0.001251,0.00063,0.001769,0.011122,0.011958,0.012694,2.191933,6.669064,5.029642,0.241284,0.414154,0.284995,1.755863,0.494577,1.215009,0.106916,-0.003048,-0.005932,-0.009637,0.001738,0.001615,0.001172,-0.561193,0.049315,0.116523,72.313054,2.07053,-4.53466,7.110326,71.921203,72.206253,72.795456,0.500506,6.663948,5.044091,0.006429,0.005069,0.001449,0.001466,0.430146,7.473171,0.030965,-65.414005,-30.724592,2.349107,1.787012,1.297725,0.276611,0.757474,-0.378612,0.001472,0.999972,0.999929,0.99989,0.999871,0.999784,1044.772096,36.054224,62.555491,97.28336,1029.710637,1045.416658,1056.999527,1.420201,5.857368,5.045455,0.01133,0.095825,0.058642,0.070713,0.433615,0.878114,0.164133,-529.965714,773.097143,415.748571,85.501004,96.982512,157.298714,0.20649,0.258711,-0.795893,5.023484,0.113559,0.199145,0.065765,0.077909,5.194457,0.105636,0.084736,0.05259,0.060933,4.856031,0.761834,1.263444,0.741311,1.145133,0.994924,0.987013,0.968858,0.953588,0.938437,,,,,,,,,,11.0,0.117872,0.255495,,,0.19,0.63,15.0,,27.304665,3.307058,4.3e-05,8.1e-05,0.000113,0.00012,1.3e-05,5.1e-05,-1.49502,2.501905,0.93497,-0.854032,1.123583,-0.625896,0.306026,-0.318085,0.265922,-0.278214,-0.036005,-0.284074,0.226284,5.785723,0.578473,0.334968,0.290404,0.39957,0.328265,0.292174,0.284985,0.220449,0.15625,0.15551,0.132163,0.173512,9.875654,-9.697918,0.0,0.0,0.0,1.0,0.0,0.0,0.0,1.0,0.0,0.0,0.0,1.0,0.0,0.0,0.0,1.0,0.0,0.0,0.0,1.0,0.0,0.0,0.0,1.0,0.0,0.0,1e-05,1004.406982,8.0,,,0.64,,,0.0,0.0,0.0,0.0,0.0,0.0,1.0,1.0,0,1,0,0,,0,,,0,0,1.0,0.0,0,0,0,0,1,0,0.0,0,0,0,0,0,0,,0,0,1,0,,,,0,1,0,0,0,0,0,,0,0,,0,0,0.0,,1.0,0,0,1
1464149871,1.006017,0.006886,0.003587,0.009166,1.000899,1.005931,1.01062,2.470893,6.684588,5.042774,0.000753,0.002387,0.003306,0.020192,0.429876,3.463223,0.087397,0.069532,0.2781,0.964287,0.004685,0.004689,0.006996,0.002398,-0.002699,0.037699,0.01144,0.001129,-0.0005,0.001601,0.010706,0.011424,0.012193,2.210466,6.674683,5.047394,0.052838,0.45125,0.270489,1.685617,0.492765,5.49519,0.09877,-0.002806,-0.005424,-0.009476,0.001399,0.001393,0.001071,-0.362482,-0.025071,0.10479,72.708242,2.182742,-4.940628,7.725253,72.60977,72.809647,73.10721,0.66063,6.670249,5.045066,0.002539,0.004406,0.001629,0.001505,0.430223,7.29347,0.01137,-65.581445,-31.284867,2.533156,2.00811,1.037111,0.243033,0.79019,-0.426863,-0.259847,0.999981,0.999957,0.999943,0.99992,0.999667,1029.210542,17.577771,-11.880426,24.546824,1020.086271,1030.665804,1040.461425,2.449959,5.92678,5.049636,0.010938,0.035102,0.038619,0.080648,0.433772,1.756597,0.138034,428.8,476.928,-804.693333,10.883137,13.580874,20.477222,-0.007621,-0.069689,0.082554,5.050631,0.037548,0.107415,0.062134,0.100265,5.053102,0.027411,0.157429,0.112583,0.11339,5.047901,0.027427,0.071343,0.065153,0.193121,0.999624,0.999601,0.999606,0.999608,0.999633,,,,,,,,,,12.0,0.132606,0.084984,,,,,10.0,,16.764999,2.819293,5e-05,3e-05,0.000142,-6.1e-05,1.5e-05,1.1e-05,5.561721,2.131057,1.26992,-0.918783,0.731042,-0.211324,0.368754,-0.098119,0.377439,-0.22016,-0.258069,-0.420207,0.065112,5.035129,0.443515,0.396649,0.216002,0.188092,0.247276,0.170013,0.186197,0.17487,0.183738,0.133457,0.112445,0.124954,6.634633,-6.627052,0.0,0.0,0.0,1.0,0.0,0.0,0.0,1.0,0.0,0.0,0.0,1.0,0.0,0.0,0.0,1.0,0.0,0.0,0.0,1.0,0.0,0.0,0.0,1.0,0.0,0.0,1e-05,1004.327881,8.0,,,0.64,,,0.0,0.0,0.0,0.0,0.0,0.0,1.0,1.0,0,1,0,0,,0,,,0,0,1.0,0.0,0,0,0,0,1,0,0.0,0,0,0,0,0,0,,0,0,1,0,,,,0,1,0,0,0,0,0,,0,0,,0,0,0.0,,1.0,0,0,1
1464150171,1.00865,0.007567,-0.004233,0.009876,1.003829,1.008697,1.014069,2.608785,6.684584,5.044337,0.001163,0.002288,0.00187,0.027142,0.430383,1.795299,0.089697,0.16676,0.1224,0.987189,0.004604,0.004607,0.007602,0.014019,0.038025,0.069376,0.012856,0.001225,-0.000611,0.001657,0.012099,0.012827,0.013684,2.430053,6.672504,5.05205,0.098519,0.278972,0.318498,1.693285,0.493552,4.082703,0.100105,-0.003805,-0.005799,-0.010681,0.001045,0.001538,0.001071,-0.049125,0.139164,0.091686,84.37099,2.289628,-4.773733,7.579329,83.745193,84.125929,85.006142,0.902089,6.667823,5.049778,0.003861,0.004505,0.001207,0.00117,0.43201,5.002124,0.060506,-74.345185,-39.828107,1.918933,1.917678,1.669837,0.271445,0.658813,-0.224657,0.045966,0.999971,0.999929,0.999835,0.999782,0.99955,1043.318718,73.290468,45.018651,103.031428,1006.021753,1038.121373,1084.169651,2.491943,5.855471,5.051853,0.217842,0.696745,0.285001,0.520535,0.457195,2.11576,0.23932,492.845714,648.48,553.074286,257.21625,175.030963,166.658419,-0.851163,-0.757293,0.676865,5.180345,1.009453,1.470085,0.347286,0.390325,5.166274,0.314265,0.854011,0.163071,0.199705,5.329554,0.99185,1.203433,0.727271,1.412559,0.992112,0.981103,0.942278,0.822266,0.590005,,,,,,,,,,8.0,0.13523,0.090389,,,,,14.933,,18.248693,2.904093,6.2e-05,3.8e-05,0.000145,-7.6e-05,6e-06,7e-06,2.604335,2.391976,1.393334,-0.548477,0.688978,-0.293367,0.508269,-0.074383,0.146952,-0.385132,-0.161205,-0.234617,0.155454,5.264181,0.566778,0.355176,0.209554,0.224828,0.156985,0.216286,0.116507,0.101556,0.098706,0.095049,0.089515,0.090091,7.639642,-7.619065,0.0,0.0,0.0,1.0,0.0,0.0,0.0,1.0,0.0,0.0,0.0,1.0,0.0,0.0,0.0,1.0,0.0,0.0,0.0,1.0,0.0,0.0,0.0,1.0,0.0,0.0,2.94444,1004.332764,8.0,,,0.63,,,0.0,0.0,0.0,0.0,0.0,0.0,1.0,1.0,0,1,0,0,,0,,,0,0,1.0,0.0,0,0,0,0,1,0,0.0,0,0,0,0,0,0,,0,0,1,0,,,,0,1,0,0,0,0,0,,0,0,,0,0,0.0,,1.0,0,0,1
1464150471,1.007442,0.008089,0.002133,0.011789,1.002421,1.007266,1.012561,2.111472,6.684579,5.043108,0.00034,0.002315,0.001904,0.029839,0.430093,0.039859,0.145107,0.165685,0.137198,0.984179,0.005051,0.00519,0.008285,0.050442,-0.053304,-0.056027,0.012518,0.001565,0.002368,0.003635,0.011766,0.012331,0.013133,1.731175,6.673784,5.061065,0.602619,1.200499,0.539329,1.688853,0.528956,0.61771,0.091135,-0.003615,-0.006051,-0.010078,0.001014,0.002368,0.001121,-0.153306,0.090721,-0.042166,83.550115,2.617459,-6.034431,9.363784,83.584934,83.771369,83.983238,0.07747,6.67399,5.046371,0.002985,0.005918,0.001688,0.001623,0.430597,1.793584,0.019942,-73.833334,-39.044621,2.146742,2.3629,1.172416,0.250602,0.953421,-0.579203,-0.489047,0.99999,0.999975,0.999979,0.999972,0.999913,1053.045085,124.166534,86.276358,190.266733,1001.550752,1046.411009,1105.31791,2.192274,5.919978,5.038388,0.919335,1.912652,0.515496,0.293192,0.510702,1.756597,0.159068,543.36,729.237333,-72.384,326.935404,290.059313,317.857665,-0.807182,0.023207,0.08898,5.516372,2.537187,3.104522,0.859538,0.502307,5.483056,0.913197,1.76852,0.548109,0.386662,6.331098,4.374847,4.440755,2.331843,3.221588,0.953434,0.911697,0.793948,0.657834,0.590784,,,,,,,,,,11.0,0.418118,0.196553,,,0.6,0.7,14.0,,57.731984,4.055811,0.00018,6.3e-05,0.000474,-9e-06,7.2e-05,7e-05,5.529618,1.444179,0.51603,-0.104548,0.448204,-0.431234,-0.103699,-0.193208,-0.123004,-0.520064,0.021393,-0.20302,0.080136,5.36566,0.955207,0.637113,0.378744,0.318982,0.252264,0.284081,0.221046,0.212187,0.232966,0.231835,0.2426,0.182942,9.213735,-9.118115,0.0,0.0,0.0,1.0,0.0,0.0,0.0,1.0,0.0,0.0,0.0,1.0,0.0,0.0,0.0,1.0,0.0,0.0,0.0,1.0,0.0,0.0,0.0,1.0,0.0,0.0,2.890372,1004.412354,8.0,,,0.62,,,0.0,0.0,0.0,0.0,0.0,0.0,1.0,1.0,0,1,0,0,,0,,,0,0,1.0,0.0,0,0,0,0,1,0,0.0,0,0,0,0,0,0,,0,0,1,0,,,,0,1,0,0,0,0,0,,0,0,,0,0,0.0,,1.0,0,0,1
1464150771,1.006842,0.007028,-0.002302,0.009334,1.002032,1.007115,1.011159,2.481701,6.684587,5.043503,0.000307,0.003269,0.002089,0.021536,0.430074,4.404313,0.08026,0.165267,0.136728,0.983707,0.004566,0.004712,0.007113,0.015314,0.032602,-0.024704,0.01265,0.001064,-0.000444,0.001401,0.01191,0.012649,0.01339,2.532165,6.67604,5.046718,0.051243,0.194803,0.244863,1.363944,0.472687,2.708864,0.099182,-0.003545,-0.005757,-0.010576,0.000949,0.001281,0.001014,-0.134361,0.066238,-0.014203,84.448184,2.539974,-5.292528,8.317584,83.76055,84.169667,85.019258,1.025137,6.668994,5.048245,0.013265,0.004721,0.001297,0.001354,0.431788,4.783201,0.093095,-74.204924,-40.243477,2.091777,2.066273,1.823671,0.261265,0.753194,-0.190646,0.262443,0.999972,0.999911,0.999862,0.999806,0.999743,1021.100114,52.540364,43.142685,99.192013,995.670628,1016.251937,1042.642796,1.701187,5.782506,5.044472,0.063083,0.198465,0.079724,0.07349,0.436182,0.558794,0.296886,621.44,453.686154,-408.590769,339.733896,346.468655,225.789872,-0.651701,0.718239,-0.103917,5.517346,0.705459,0.653923,0.08793,0.062093,5.579608,0.597114,0.468468,0.171728,0.08995,5.364635,0.53305,0.667417,0.377269,0.852891,0.981222,0.944706,0.817087,0.517937,0.505032,,,,,,,,,,11.0,0.293714,0.342738,,,0.72,1.52,14.941,,48.238528,3.876158,9.8e-05,0.000128,0.000274,-0.000102,5.2e-05,6.3e-05,8.757819,0.952284,1.533363,-1.102242,0.833628,-0.8246,0.233456,-0.465036,0.054924,-0.651582,0.012833,-0.213394,0.105353,5.206658,0.529048,0.394706,0.286451,0.246225,0.195075,0.20487,0.190979,0.164183,0.173552,0.185445,0.144474,0.125866,8.409608,-8.365687,0.0,0.0,0.0,1.0,0.0,0.0,0.0,1.0,0.0,0.0,0.0,1.0,0.0,0.0,0.0,1.0,0.0,0.0,0.0,1.0,0.0,0.0,0.0,1.0,0.0,0.0,2.772589,1004.730713,8.0,,,0.62,,,0.0,0.0,0.0,0.0,0.0,0.0,1.0,1.0,0,1,0,0,,0,,,0,0,1.0,0.0,0,0,0,0,1,0,0.0,0,0,0,0,0,0,,0,0,1,0,,,,0,1,0,0,0,0,0,,0,0,,0,0,0.0,,1.0,0,0,1
1464151071,1.00718,0.007377,0.002878,0.009899,1.002555,1.007,1.012026,2.489098,6.684585,5.044493,0.000292,0.002292,0.001835,0.025803,0.430394,1.273592,0.081095,0.165572,0.137228,0.983933,0.004369,0.004538,0.007558,-0.00463,-0.06013,-0.038409,0.012411,0.001156,-0.001163,0.002181,0.011718,0.012331,0.013133,1.837184,6.674948,5.04592,0.116149,0.353341,0.331844,1.512592,0.484046,0.29862,0.1157,-0.003328,-0.005678,-0.010409,0.000956,0.001253,0.001108,-0.067488,0.119382,0.085372,83.919473,2.129327,-4.914422,7.739995,83.789349,83.967532,84.232413,0.316971,6.670403,5.041958,0.003064,0.004564,0.001257,0.001269,0.429399,5.100943,0.016198,-74.025323,-39.468517,2.151483,1.903115,1.091899,0.238073,0.843672,6.4e-05,0.155205,0.999985,0.999969,0.999961,0.99995,0.999834,1052.91934,33.50478,-18.017208,46.550031,1033.440854,1051.961976,1073.4915,2.375754,5.926419,5.045865,0.026194,0.067601,0.176935,0.198744,0.437058,0.19964,0.187955,364.544,290.773333,940.8,26.082179,69.682322,40.98416,-0.02994,0.081617,-0.480171,5.002134,0.464584,0.668314,0.256235,0.19051,5.218152,0.633344,0.764536,0.336995,0.388868,5.046749,0.046154,0.08921,0.253861,0.293767,0.998697,0.997178,0.993571,0.994181,0.993917,,,,,,,,,,11.0,0.125575,0.391163,,,1.34,3.33,14.905,,47.116236,3.852618,5e-05,0.000153,-0.000106,-0.000368,5.9e-05,8.3e-05,11.59469,-0.367116,0.892068,-0.508468,0.769397,-0.725874,0.275512,-0.347175,0.075626,-0.63671,-0.159034,-0.233176,0.293651,5.38702,0.378069,0.344439,0.189803,0.267545,0.195513,0.263947,0.199503,0.167941,0.14505,0.154296,0.146719,0.141795,8.397959,-8.354536,0.0,0.0,0.0,1.0,0.0,0.0,0.0,1.0,0.0,0.0,0.0,1.0,0.0,0.0,0.0,1.0,0.0,0.0,0.0,1.0,0.0,0.0,0.0,1.0,0.0,0.0,2.772589,1004.716064,8.0,,,0.62,,,0.0,0.0,0.0,0.0,0.0,0.0,1.0,1.0,0,1,0,0,,0,,,0,0,1.0,0.0,0,0,0,0,1,0,0.0,0,0,0,0,0,0,,0,0,1,0,,,,0,1,0,0,0,0,0,,0,0,,0,0,0.0,,1.0,0,0,1
1464151371,1.006087,0.007102,-0.001747,0.009397,1.001382,1.006017,1.010888,2.494927,6.684587,5.043061,0.000574,0.002051,0.002207,0.021333,0.429946,1.335157,0.112457,-0.095401,0.322168,0.948298,0.004739,0.004841,0.007321,0.031534,-0.016069,0.007722,0.01243,0.001298,0.000757,0.001695,0.011559,0.012331,0.013348,2.610773,6.679167,5.026448,0.100714,0.344103,0.32614,1.73545,0.489986,0.099639,0.133927,-0.003583,-0.00583,-0.010184,0.001513,0.001464,0.001104,0.251372,0.039109,-0.01025,66.69,2.45738,-5.360603,8.295972,66.484848,66.674254,66.99874,0.414977,6.677548,5.049192,0.007972,0.014674,0.002053,0.001848,0.432261,7.114057,0.017542,-61.714717,-25.252,0.616981,2.265395,1.295641,0.183591,0.679697,-0.239334,0.048887,0.999955,0.999901,0.999771,0.999807,0.999803,1043.878727,13.089131,-5.559955,17.450814,1035.714246,1043.379126,1051.977183,2.587252,5.926847,5.048613,0.003305,0.022256,0.024039,0.03211,0.432281,0.638891,0.161341,-287.744,936.725333,-358.762667,11.174187,12.48217,24.735501,-0.028251,-0.079564,0.177294,5.051475,0.068885,0.248578,0.137204,0.235499,5.045973,0.003204,0.034965,0.022175,0.025312,5.064626,0.068461,0.233075,0.39488,0.921856,0.999403,0.999343,0.99934,0.99932,0.999379,,,,,,,,,,8.0,0.605026,0.404198,,,0.16,0.69,20.952999,,102.850892,4.63328,0.000386,0.000232,-0.000776,0.000465,0.000112,6.7e-05,10.890819,0.427662,0.433531,-0.198602,0.894235,-0.619261,0.244278,-0.267381,0.265338,-0.205313,0.048722,-0.364997,-0.074348,5.265537,0.676903,0.503219,0.312785,0.267678,0.172301,0.219441,0.194986,0.18088,0.145782,0.140871,0.182482,0.144481,8.298291,-8.258906,0.0,0.0,0.0,1.0,0.0,0.0,0.0,1.0,0.0,0.0,0.0,1.0,0.0,0.0,0.0,1.0,0.0,0.0,0.0,1.0,0.0,0.0,0.0,1.0,0.0,0.0,2.94444,1004.419922,8.0,,,0.61,,,0.0,0.0,0.0,0.0,0.0,0.0,1.0,1.0,0,1,0,0,,0,,,0,0,1.0,0.0,0,0,0,0,1,0,0.0,0,0,0,0,0,0,,0,0,1,0,,,,0,1,0,0,0,0,0,,0,0,,0,0,0.0,,1.0,0,0,1
1464151671,1.003907,0.006832,0.00247,0.008919,0.999274,1.003741,1.008744,2.501172,6.684589,5.044137,0.000645,0.002114,0.002382,0.021601,0.430237,4.91598,0.10032,0.236577,0.455708,0.862627,0.005076,0.005478,0.007436,0.075752,-0.027228,-0.056721,0.012992,0.0026,0.003972,0.005778,0.011572,0.012604,0.013684,1.689603,6.662506,5.060699,1.008699,1.298308,1.222545,2.686347,0.65262,0.13937,0.222019,-0.003411,-0.005653,-0.010406,0.002581,0.003738,0.001739,-0.66776,-0.595472,0.664505,,,,,,,,,,,,,,,,,,,,,,,,,,,,,,,,1004.711087,31.347954,30.244584,52.652299,991.411093,1003.465993,1015.984222,2.048301,5.85745,5.04766,0.015312,0.099257,0.187473,0.220912,0.438252,0.6417,0.192196,-372.777143,-693.257143,-595.977143,15.047033,119.863432,145.177092,-0.048395,-0.049714,-0.921423,5.045126,0.160083,0.230705,0.144817,0.158619,5.023851,1.337999,0.613073,0.356013,0.239356,5.251403,1.356886,0.371012,0.377611,0.592123,0.99731,0.992921,0.982081,0.943316,0.923851,,,,,,,,,,4.0,0.0,0.0,,,,,10.544,,0.0,-6.907755,0.0,0.0,0.0,0.0,0.0,0.0,9.105318,-0.538713,1.386027,-1.0711,0.866571,-0.83292,0.163263,-0.290287,0.115004,0.053852,-0.206221,-0.212523,-0.185479,5.143614,0.703455,0.480241,0.227115,0.217941,0.177492,0.210315,0.184132,0.15544,0.170491,0.113196,0.124782,0.121727,8.567316,-8.516081,0.0,0.0,0.0,1.0,0.0,0.0,0.0,1.0,0.0,0.0,0.0,1.0,0.0,0.0,0.0,1.0,0.0,0.0,0.0,1.0,0.0,0.0,0.0,1.0,0.0,0.0,2.94444,1004.479004,8.0,,,0.61,,,0.0,0.0,0.0,0.0,0.0,0.0,1.0,1.0,0,0,0,0,,0,,,0,0,1.0,0.0,0,0,0,0,1,0,0.0,0,0,0,0,0,0,,0,1,0,0,,,,0,0,0,0,0,0,0,,0,0,,1,0,0.0,,1.0,0,0,2
1464151971,1.002234,0.006858,-0.00344,0.009249,0.997803,1.00204,1.006875,2.403638,6.684588,5.043653,0.000163,0.001436,0.002397,0.02466,0.430138,4.264729,0.101236,0.193684,0.503934,0.844364,0.004661,0.005115,0.007669,0.032726,-0.035118,-0.056479,0.012608,0.003048,0.005871,0.009098,0.011424,0.012285,0.013133,1.030891,6.660828,5.094609,1.909638,2.021005,2.031354,2.611081,0.782488,0.736741,0.099912,-0.00309,-0.006097,-0.010033,0.002206,0.003643,0.001652,-0.768353,-0.444362,0.636229,80.400262,2.157791,-4.613419,7.325048,80.017623,80.25354,80.502452,0.728578,6.672899,5.050857,0.008118,0.01375,0.001254,0.001239,0.432619,5.538703,0.084577,-69.57421,-40.257193,1.469886,1.792289,1.491313,0.22125,0.725502,-0.090823,0.252691,0.999973,0.999925,0.999852,0.999876,0.999765,1001.042858,13.761485,-7.65014,19.540058,992.564345,1001.694564,1008.840913,2.462789,5.926831,5.046131,0.007662,0.03582,0.031075,0.042801,0.43211,6.228352,0.146901,-269.952,-941.610667,-192.0,11.096082,18.142191,73.859254,0.068101,-0.063098,-0.62524,5.050833,0.079568,0.28632,0.193257,0.227648,5.035161,0.009497,0.038279,0.031017,0.043496,5.435838,0.760724,0.912802,1.093813,1.605111,0.999201,0.998581,0.996318,0.991448,0.988251,,,,,,,,,,3.0,0.0,0.0,,,,,12.081,,0.0,-6.907755,0.0,0.0,0.0,0.0,0.0,0.0,3.596087,1.898825,1.440348,-0.198361,0.879135,-0.698366,0.301355,-0.561773,0.373327,-0.157851,-0.034772,-0.085856,0.147884,5.577766,1.023984,0.344415,0.45167,0.365315,0.307034,0.238678,0.307248,0.202688,0.213454,0.19922,0.196501,0.199891,8.963416,-8.888198,0.0,0.0,0.0,1.0,0.0,0.0,0.0,1.0,0.0,0.0,0.0,1.0,0.0,0.0,0.0,1.0,0.0,0.0,0.0,1.0,0.0,0.0,0.0,1.0,0.0,0.0,3.091043,1004.538086,8.0,,,0.61,,,0.0,0.0,0.0,0.0,0.0,0.0,1.0,1.0,0,0,0,0,,0,,,0,0,1.0,0.0,0,0,0,0,1,0,0.0,0,0,0,0,0,0,,0,1,0,0,,,,0,0,0,0,0,0,0,,0,0,,1,0,0.0,,1.0,0,0,2
1464152270,1.008074,0.007345,0.000924,0.009507,1.003002,1.007812,1.013147,2.582273,6.684585,5.044149,0.000339,0.002134,0.002584,0.02442,0.430287,3.879336,0.085801,-0.101355,0.302142,0.956345,0.005021,0.005021,0.007636,-0.005282,0.032273,-0.037311,0.012879,0.001735,0.001319,0.002483,0.011718,0.012827,0.01393,2.310001,6.661763,5.060354,0.54944,1.006331,0.816003,1.93817,0.542584,2.391271,0.090382,-0.003157,-0.006828,-0.010015,0.002357,0.002185,0.001286,-0.438854,-0.114067,0.247902,66.687609,1.793701,-3.80749,6.038312,66.318052,66.512429,66.979916,0.975461,6.665284,5.05177,0.016021,0.003599,0.001295,0.001218,0.432742,7.811957,0.045255,-62.153503,-24.110293,0.920943,1.622109,1.519045,0.550902,0.367247,-0.002924,-0.423602,0.999955,0.999824,0.999604,0.999612,0.998553,1002.992793,35.601888,24.532039,51.364316,980.122302,1001.31114,1022.999509,2.414759,5.926298,5.04711,0.036555,0.253462,0.110992,0.263797,0.440168,4.830643,0.131327,-583.082667,-452.074667,-670.144,21.664376,83.849483,79.44857,0.106531,-0.404651,-0.672875,5.034673,0.147747,0.140046,0.066352,0.077479,5.162984,1.958856,1.364407,0.407384,0.367263,5.026361,1.034736,0.782214,0.455609,0.802768,0.995084,0.989804,0.987238,0.984615,0.990195,,,,,,,,,,12.0,0.332894,0.130941,,,0.52,1.99,10.0,,45.285611,3.812989,0.000103,5.1e-05,0.000274,-1.5e-05,4.5e-05,2.2e-05,10.458113,1.329123,-0.946416,0.249889,0.385272,-0.201822,0.111567,-0.364088,0.339656,0.073105,0.111665,-0.442785,0.005104,5.313546,1.100819,0.623847,0.628002,0.372505,0.271684,0.159575,0.14724,0.159926,0.143646,0.171669,0.143241,0.128751,7.978996,-7.950224,0.0,0.0,0.0,1.0,0.0,0.0,0.0,1.0,0.0,0.0,0.0,1.0,0.0,0.0,0.0,1.0,0.0,0.0,0.0,1.0,0.0,0.0,0.0,1.0,0.0,0.0,2.890372,1004.558838,8.0,,,0.6,,,0.0,0.0,0.0,0.0,0.0,0.0,1.0,1.0,0,1,0,0,,0,,,0,0,1.0,0.0,0,0,0,0,1,0,0.0,0,0,0,0,0,0,,0,0,0,1,,,,0,0,0,0,0,0,0,,0,0,,0,0,0.0,,1.0,0,0,2
1464152571,1.007629,0.009343,0.005883,0.021045,1.00202,1.007858,1.012733,1.397871,6.684569,5.043347,0.00061,0.001478,0.003183,0.027067,0.430118,3.802084,0.099429,-0.105524,0.262016,0.96714,0.008727,0.009615,0.00939,0.113351,-0.010806,-0.014915,0.015763,0.025347,0.05688,0.08681,0.011718,0.012827,0.014011,0.230939,6.349689,4.872593,2.203413,3.21239,2.617722,2.778901,0.94333,5.454298,0.016805,-0.001699,-0.007791,-0.010157,0.019319,0.018302,0.004003,-0.721575,-0.362439,0.456864,,,,,,,,,,,,,,,,,,,,,,,,,,,,,,,,1032.331164,71.481807,-49.892756,147.20724,1015.054678,1035.343421,1054.802338,1.538144,5.924476,5.046818,0.075184,0.366712,0.153258,0.411982,0.445306,0.878475,0.205311,-249.92,250.965333,-906.858667,106.333132,303.835879,139.133236,0.668177,-0.099337,-0.601631,5.196496,1.090548,1.742203,0.97446,0.586176,5.249798,1.918904,2.829834,1.172457,1.079032,5.103677,0.09821,0.395763,0.220037,0.525024,0.981574,0.946888,0.909133,0.873081,0.633848,,,,,,,,,,12.0,0.234123,0.052118,,,,,13.0,,29.389119,3.380625,9.4e-05,1.6e-05,0.00024,-5.4e-05,2.4e-05,6e-06,3.237491,0.413147,1.836214,-0.386738,0.656793,-0.445321,0.038046,-0.411896,0.142465,-0.17263,0.029451,-0.19728,-0.033074,5.224503,0.591635,0.562159,0.400528,0.354269,0.359726,0.278009,0.332542,0.282172,0.191488,0.179829,0.185642,0.147953,10.220595,-9.977939,0.0,0.0,0.0,1.0,0.0,0.0,0.0,1.0,0.0,0.0,0.0,1.0,0.0,0.0,0.0,1.0,0.0,0.0,0.0,1.0,0.0,0.0,0.0,1.0,0.0,0.0,2.890372,1004.575195,8.0,,,0.59,,,0.0,0.0,0.0,0.0,0.0,0.0,1.0,1.0,0,1,0,0,,0,,,0,0,1.0,0.0,0,0,0,0,1,0,0.0,0,0,0,0,0,0,,0,0,0,1,,,,0,0,0,0,0,0,0,,0,0,,0,0,0.0,,1.0,0,0,2
1464152871,1.008128,0.007546,0.002671,0.010129,1.003215,1.007975,1.012965,2.425347,6.684584,5.043035,0.000473,0.002697,0.00261,0.024815,0.430004,6.277591,0.107999,-0.091829,0.219489,0.979613,0.005293,0.006489,0.007701,-0.124743,-0.015261,-0.073334,0.012758,0.002072,0.001766,0.003213,0.011523,0.012649,0.013848,2.146559,6.666557,5.008889,0.211047,1.049843,1.210983,1.96457,0.53629,0.617545,0.129802,-0.003319,-0.005763,-0.010325,0.002723,0.002077,0.002124,0.10493,-0.290476,0.321569,,,,,,,,,,,,,,,,,,,,,,,,,,,,,,,,1011.943455,49.699371,75.881155,120.104277,993.450519,1006.284254,1024.359298,1.258981,5.925776,5.048239,0.044263,0.394085,0.201266,0.214398,0.444039,1.916416,0.075005,-729.258667,-24.512,-611.221333,127.589821,268.962003,178.519755,-0.133854,-0.751882,-0.111267,5.052438,0.744089,0.720245,0.108646,0.085441,6.752488,3.255132,3.949233,1.378903,1.2159,5.215649,1.553586,2.464391,0.723707,1.163425,0.974873,0.943188,0.886174,0.858569,0.867876,,,,,,,,,,11.0,0.222743,0.061095,,,,,8.0,,28.24921,3.341065,9.3e-05,2.3e-05,0.000235,-6.2e-05,2.5e-05,6e-06,5.183583,1.063758,1.203985,-0.314692,0.622001,-0.737134,0.410148,-0.51775,0.278925,-0.19685,-0.090306,-0.350335,0.007945,5.096117,0.660145,0.396728,0.353768,0.329978,0.277887,0.303382,0.221937,0.226085,0.180149,0.167296,0.185618,0.145421,9.591854,-9.455184,0.0,0.0,0.0,1.0,0.0,0.0,0.0,1.0,0.0,0.0,0.0,1.0,0.0,0.0,0.0,1.0,0.0,0.0,0.0,1.0,0.0,0.0,0.0,1.0,0.0,0.0,2.890372,1004.581787,8.0,,,0.59,,,0.0,0.0,0.0,0.0,0.0,0.0,1.0,1.0,0,1,0,0,,0,,,0,0,1.0,0.0,0,0,0,0,1,0,0.0,0,0,0,0,0,0,,0,0,0,1,,,,0,0,0,0,0,0,0,,0,0,,0,0,0.0,,1.0,0,0,2
1464153171,1.006899,0.006963,-0.000953,0.009123,1.002517,1.006692,1.011469,2.54406,6.684588,5.043885,0.000317,0.001903,0.002365,0.020585,0.430143,6.336828,0.077933,-0.088297,0.300973,0.956772,0.005016,0.004719,0.007243,0.018978,-0.032476,-0.063382,0.011992,0.00127,0.000914,0.0024,0.011324,0.011958,0.012649,1.59282,6.676418,5.04871,0.117694,0.36433,0.339209,1.64526,0.491835,0.637156,0.085739,-0.003117,-0.005762,-0.009709,0.001764,0.001619,0.001589,-0.305182,0.062781,0.197868,67.700886,2.2893,-5.037026,7.803366,67.544252,67.96329,68.390401,0.667011,6.671372,5.052345,0.008784,0.007548,0.001655,0.001619,0.432353,4.225108,0.015162,-62.041975,-26.97524,2.417165,2.028775,1.322207,0.27153,0.761944,-0.400555,-0.066082,0.999975,0.999932,0.999888,0.999831,0.999636,1036.96451,17.454175,-12.063935,25.039133,1027.602994,1037.566383,1047.175248,2.301138,5.926784,5.046994,0.008543,0.034877,0.032509,0.076085,0.432901,0.51896,0.100935,-369.706667,617.28,-746.432,12.036803,12.655181,20.412154,-0.010308,-0.04954,-0.096301,5.050402,0.035038,0.15437,0.071621,0.151008,5.044624,0.020727,0.096947,0.031156,0.054292,5.04753,0.024706,0.070397,0.07726,0.241018,0.999643,0.999605,0.999609,0.999607,0.999545,,,,,,,,,,7.0,0.194497,0.057891,,,,,12.262,,24.474131,3.197617,0.000104,2.9e-05,0.000207,-5.9e-05,0.000264,7.1e-05,9.299184,0.437643,1.206422,-0.799757,1.370248,-1.07643,1.096593,-0.592333,0.203502,0.012845,-0.182007,-0.259517,0.152336,5.408591,0.665865,0.316257,0.274643,0.251726,0.206777,0.277209,0.173757,0.218528,0.200509,0.138269,0.16469,0.142557,8.142645,-8.108843,0.0,0.0,0.0,1.0,0.0,0.0,0.0,1.0,0.0,0.0,0.0,1.0,0.0,0.0,0.0,1.0,0.0,0.0,0.0,1.0,0.0,0.0,0.0,1.0,0.0,0.0,2.94444,1004.540283,8.0,,,0.59,,,0.0,0.0,0.0,0.0,0.0,0.0,1.0,1.0,0,1,0,0,,0,,,0,0,1.0,0.0,0,0,0,0,1,0,0.0,0,0,0,0,0,0,,0,0,0,1,,,,0,0,0,0,0,0,0,,0,0,,0,0,0.0,,1.0,0,0,2
1464153471,1.008766,0.006852,0.001251,0.00878,1.003788,1.008843,1.013439,2.669797,6.684589,5.043854,0.000416,0.002458,0.001836,0.021139,0.430152,0.637737,0.076331,-0.145059,0.183263,0.981293,0.004683,0.004741,0.007025,-0.047496,0.014844,-0.072146,0.011812,0.001173,-0.000464,0.001576,0.011019,0.011766,0.012604,2.504933,6.677138,5.035719,0.074987,0.371162,0.730966,1.543353,0.489156,0.856054,0.133648,-0.003136,-0.005733,-0.009647,0.001475,0.001242,0.001187,-0.061943,-0.19287,0.064456,63.425519,1.9736,-4.271191,6.705832,63.185257,63.441226,63.68759,0.731655,6.672749,5.048953,0.026698,0.011071,0.001609,0.00147,0.431927,4.861921,0.064665,-60.3267,-19.400329,2.472288,1.863889,1.157366,0.286734,0.482951,-0.505523,0.121151,0.999928,0.999813,0.999765,0.999738,0.999215,1001.135477,35.808265,59.798535,98.498546,981.932777,999.391815,1017.542136,1.515794,5.926316,5.041038,0.008153,0.088328,0.108376,0.199741,0.434765,4.471637,0.141505,250.773333,-770.56,-579.733333,36.947954,80.11043,55.053848,-0.754264,0.058116,-0.269483,5.022518,0.115463,0.799979,0.253642,0.386242,5.055121,0.048488,0.220276,0.134505,0.208388,5.036911,0.173459,0.356756,0.55943,0.77137,0.995189,0.994455,0.993477,0.989688,0.942723,,,,,,,,,,11.0,0.510666,0.258974,,,0.3,1.34,14.966,,78.617275,4.364591,0.000233,7.6e-05,0.000144,4.4e-05,0.000118,6e-05,7.198498,2.663516,0.643605,-0.607561,0.973696,-0.416659,0.573489,-0.277908,0.426495,-0.264898,-0.024104,-0.297316,0.113941,5.072219,0.459305,0.354385,0.163558,0.15731,0.144934,0.131673,0.120384,0.112405,0.138535,0.104221,0.132312,0.135692,7.6029,-7.583059,0.0,0.0,0.0,1.0,0.0,0.0,0.0,1.0,0.0,0.0,0.0,1.0,0.0,0.0,0.0,1.0,0.0,0.0,0.0,1.0,0.0,0.0,0.0,1.0,0.0,0.0,2.772589,1004.57373,8.0,,,0.58,,,0.0,0.0,0.0,0.0,0.0,0.0,1.0,1.0,0,1,0,0,,0,,,0,0,1.0,0.0,0,0,0,0,1,0,0.0,0,0,0,0,0,0,,0,0,0,1,,,,0,0,0,0,0,0,0,,0,0,,0,0,0.0,,1.0,0,0,2
1464153771,1.010961,0.110332,0.172348,0.280746,0.990564,1.005785,1.016658,0.998582,6.679158,5.058717,0.24428,1.084664,1.225382,1.22643,0.513484,0.65761,0.157129,0.023744,0.51295,0.73515,0.169473,0.356327,0.272763,0.622751,-0.755044,-0.872065,0.552572,0.963142,1.338463,1.750962,0.012331,0.151069,0.557267,1.380174,5.666643,6.284878,4.629025,3.670393,2.782515,3.514645,2.72316,7.922478,0.285073,0.009634,0.023544,-0.024305,0.719539,0.662361,0.524673,-0.123354,0.119745,0.35979,,,,,,,,,,,,,,,,,,,,,,,,,,,,,,,,1048.309175,88.492567,83.473829,170.049387,1026.839812,1047.755697,1063.398322,1.574643,5.923392,5.054818,0.261623,1.550087,0.407642,0.359571,0.482651,1.676864,0.334107,-238.997333,744.597333,-95.68,255.566002,380.615733,525.26295,0.217467,-0.535831,0.436154,5.72333,2.813582,2.907728,0.676801,0.522474,5.632072,2.826552,2.086486,0.635691,0.498097,6.687497,4.791886,4.053523,2.749498,2.139759,0.952041,0.859852,0.655778,0.381985,0.133367,,,,,,,,,,9.0,0.288407,0.335615,,,0.25,2.48,14.506,,52.620263,3.963101,0.00011,0.000151,-0.000228,-0.0003,5.7e-05,4.2e-05,2.758356,0.74209,0.966001,-0.831487,1.102376,-0.698845,0.416493,-0.563277,0.148548,-0.156267,-0.119691,-0.191329,0.111016,5.581977,1.331004,0.774019,0.423993,0.370264,0.390451,0.243609,0.265885,0.222207,0.169835,0.186078,0.16031,0.174004,10.336633,-10.067812,0.0,0.0,0.0,1.0,0.0,0.0,0.0,1.0,0.0,0.0,0.0,1.0,0.0,0.0,0.0,1.0,0.0,0.0,0.0,1.0,0.0,0.0,0.0,1.0,0.0,0.0,2.772589,1004.536377,8.0,,,0.58,,,0.0,0.0,0.0,0.0,0.0,0.0,1.0,1.0,0,1,0,0,,0,,,0,0,1.0,0.0,0,0,0,0,1,0,0.0,0,0,0,0,0,0,,0,0,0,1,,,,0,0,0,0,0,0,0,,0,0,,0,0,0.0,,1.0,0,0,2
1464154071,1.008751,0.007172,0.001624,0.009503,1.003498,1.009057,1.013419,2.514834,6.684586,5.043827,0.001261,0.001779,0.002788,0.023764,0.4302,3.583206,0.097689,-0.087788,0.140254,0.995061,0.004846,0.00537,0.007238,-0.04266,-0.060748,-0.060197,0.013164,0.003508,0.00627,0.01024,0.011374,0.012423,0.014052,1.271694,6.649318,5.056497,0.877972,1.169202,0.915384,2.891999,0.68585,1.771427,0.125521,-0.003177,-0.005529,-0.009759,0.006146,0.002721,0.002126,0.731818,-0.052917,0.361186,,,,,,,,,,,,,,,,,,,,,,,,,,,,,,,,1008.783628,18.781183,15.321199,30.388576,998.494859,1008.253936,1018.642233,2.141852,5.926753,5.043146,0.025505,0.066691,0.025765,0.050001,0.431984,0.998667,0.15403,-885.632,-25.92,-442.837333,73.409776,125.404621,125.542971,0.12222,-0.624358,-0.682279,5.077721,0.037826,0.054914,0.024202,0.048508,6.694536,3.921007,3.572304,1.770481,1.612517,5.15689,1.342487,1.216872,0.518654,0.756046,0.992946,0.986434,0.96749,0.951291,0.941791,,,,,,,,,,10.0,0.18648,0.358932,,,0.25,5.57,15.0,,43.911335,3.782172,7.6e-05,0.000134,9.5e-05,0.000208,5.1e-05,0.000102,4.472978,1.111567,1.297765,-0.904031,0.867483,-0.968476,0.242299,-0.484617,0.115681,-0.176521,-0.206915,-0.162373,-0.044558,5.336231,0.874077,0.653009,0.439655,0.410693,0.392293,0.456973,0.30901,0.308031,0.273673,0.268554,0.254142,0.221117,10.169346,-9.937512,0.0,0.0,0.0,1.0,0.0,0.0,0.0,1.0,0.0,0.0,0.0,1.0,0.0,0.0,0.0,1.0,0.0,0.0,0.0,1.0,0.0,0.0,0.0,1.0,0.0,0.0,3.091043,1004.685059,8.0,,,0.58,,,0.0,0.0,0.0,0.0,0.0,0.0,1.0,1.0,0,1,0,0,,0,,,0,0,1.0,0.0,0,0,0,0,1,0,0.0,0,0,0,0,0,0,,0,0,0,1,,,,0,0,0,0,0,0,0,,0,0,,0,0,0.0,,1.0,0,0,2
1464154370,1.009349,0.007395,0.002814,0.00974,1.004553,1.009343,1.013914,2.650961,6.684585,5.042323,0.001512,0.002081,0.003436,0.02365,0.42982,0.159414,0.087741,-0.084706,0.023213,1.005497,0.004844,0.004899,0.007411,0.02334,0.006442,0.027817,0.011993,0.001672,0.001441,0.002411,0.010864,0.01191,0.013003,2.27893,6.672564,5.058765,0.351894,0.563481,0.378285,2.202628,0.538775,0.079646,0.370328,-0.002855,-0.005461,-0.009653,0.003122,0.001949,0.001389,0.408056,-0.009297,0.244174,64.66067,1.949422,-4.473391,6.965626,64.569089,64.772911,64.992023,0.546207,6.672773,5.041103,0.005642,0.005117,0.001652,0.001541,0.429249,6.975185,0.025332,-63.604551,-11.282351,2.809987,1.934603,0.520843,0.249192,0.458102,-0.504177,0.009251,0.999967,0.999936,0.999946,0.999926,0.999794,1033.956185,16.431359,10.346052,23.732463,1024.187483,1032.217031,1043.440463,2.340592,5.9268,5.042996,0.005287,0.030676,0.022084,0.070803,0.431505,6.111024,0.087185,-465.301333,582.208,-716.352,10.378047,12.221487,21.13383,-0.007621,-0.042162,0.037864,5.036366,0.032547,0.094258,0.04652,0.091978,5.04063,0.038247,0.073942,0.048145,0.083382,5.047076,0.010606,0.083687,0.080307,0.2334,0.999626,0.999595,0.999589,0.999585,0.999577,,,,,,,,,,10.0,0.260671,0.130414,,,1.27,6.53,15.124,,33.518482,3.512097,9.9e-05,3.8e-05,-6.8e-05,-9.8e-05,6.3e-05,4.7e-05,7.257109,1.219511,1.17189,-0.706805,0.687693,-0.776959,0.508337,-0.646376,0.314079,-0.221061,-0.262586,-0.268498,0.158239,5.180734,1.071167,0.525251,0.449244,0.427466,0.264254,0.266841,0.237314,0.197751,0.160944,0.180773,0.130902,0.158016,8.905037,-8.833936,0.0,0.0,0.0,1.0,0.0,0.0,0.0,1.0,0.0,0.0,0.0,1.0,0.0,0.0,0.0,1.0,0.0,0.0,0.0,1.0,0.0,0.0,0.0,1.0,0.0,0.0,-11.512925,1004.9729,8.0,,,0.58,,,0.0,0.0,0.0,0.0,0.0,0.0,1.0,1.0,0,1,0,0,,0,,,0,0,1.0,0.0,0,0,0,0,1,0,0.0,0,0,0,0,0,0,,0,0,0,1,,,,0,0,0,0,0,0,0,,0,0,,0,0,0.0,,1.0,0,0,2
1464154671,1.009566,0.007216,-0.004,0.009662,1.004603,1.010075,1.014464,2.527903,6.684586,5.043941,0.000359,0.002575,0.002372,0.023796,0.430222,1.15523,0.107408,-0.086073,0.013062,1.005783,0.004753,0.004861,0.007244,-0.069721,0.026072,-0.051283,0.012626,0.00179,0.001833,0.003002,0.011473,0.012469,0.013517,1.89044,6.674833,5.104395,0.249951,1.135884,0.756547,2.254213,0.59222,0.159342,0.287556,-0.003064,-0.005796,-0.010147,0.003514,0.00166,0.001256,0.562309,-0.214763,-0.086635,64.952107,1.754717,-3.828966,6.044443,64.63061,64.932684,65.177566,0.67585,6.674154,5.039487,0.004086,0.006577,0.001293,0.001321,0.428809,2.052672,0.070647,-63.825,-11.639848,2.907652,1.688243,1.162435,0.287503,0.379061,-0.274701,0.523198,0.999957,0.999859,0.99982,0.999684,0.999109,1047.764705,36.422318,49.738583,82.073461,1039.669178,1047.877855,1056.363572,1.371866,5.857344,5.045642,0.014892,0.537214,0.188631,0.461288,0.448106,0.998357,0.322748,-242.857143,987.474286,-52.32,36.230013,58.13716,240.04683,0.528027,0.743937,0.457143,5.206628,0.906102,1.425092,1.389254,1.309423,5.008093,0.190345,1.189826,0.341698,0.506502,6.549164,3.769065,3.909392,2.644739,3.251751,0.992248,0.984013,0.954319,0.917331,0.911163,,,,,,,,,,12.0,0.499502,0.549565,,,0.64,2.99,14.879,,99.347276,4.598622,0.000216,0.000227,-4.8e-05,-1e-06,0.000244,0.000337,4.602579,2.126881,1.112427,-0.532799,0.802145,-0.693529,0.447971,-0.698416,0.274452,-0.179663,-0.264227,-0.220581,0.179631,5.594421,1.016796,0.558229,0.504269,0.374883,0.349443,0.289087,0.300823,0.256255,0.188032,0.203761,0.196885,0.173394,9.594378,-9.457385,0.0,0.0,0.0,1.0,0.0,0.0,0.0,1.0,0.0,0.0,0.0,1.0,0.0,0.0,0.0,1.0,0.0,0.0,0.0,1.0,0.0,0.0,0.0,1.0,0.0,0.0,-11.512925,1004.70459,8.0,,,0.57,,,0.0,0.0,0.0,0.0,0.0,0.0,1.0,1.0,0,1,0,0,,0,,,0,0,1.0,0.0,0,0,0,0,1,0,0.0,0,0,0,0,0,0,,0,0,0,1,,,,0,0,0,0,0,0,0,,0,0,,0,0,0.0,,1.0,0,0,2
1464154971,1.009383,0.007484,0.003425,0.009832,1.004404,1.009292,1.014464,2.547638,6.684584,5.043408,0.000829,0.00185,0.002166,0.023469,0.430069,0.31887,0.077648,-0.083358,0.001227,1.00591,0.004662,0.005123,0.007486,0.029311,-0.036791,-0.062948,0.011958,0.001527,0.001242,0.002332,0.011019,0.01191,0.012694,2.110864,6.671518,5.057656,0.034642,0.348434,0.264186,1.927879,0.508581,0.079668,0.36854,-0.003128,-0.005467,-0.009756,0.002631,0.001494,0.001153,0.35691,-0.07378,0.043367,64.814248,1.663185,-3.878384,6.086123,64.72921,64.923853,65.115235,0.427384,6.669125,5.044001,0.006514,0.004485,0.001288,0.001314,0.430006,5.779784,0.017776,-63.819898,-10.881396,3.018122,1.648025,0.589603,0.309962,0.333641,-0.480205,0.013246,0.99995,0.999897,0.999913,0.999901,0.999811,1006.171774,39.771794,58.879381,98.309167,985.592208,1004.374432,1025.810898,1.641563,5.926172,5.047885,0.049452,0.190277,0.083189,0.280467,0.439614,1.397947,0.114516,158.570667,-708.544,-634.112,93.480748,145.381237,234.119191,-0.250406,0.437243,-0.909766,5.163959,2.641137,2.070476,1.039636,0.851696,5.002147,0.876388,0.488843,0.204343,0.212781,5.463777,1.384253,0.518176,0.242981,0.689259,0.992094,0.974898,0.926697,0.883398,0.912393,,,,,,,,,,11.0,0.146522,0.187972,,,0.2,1.17,15.0,,25.174664,3.225838,5.4e-05,7.4e-05,-0.000123,-0.000204,2.4e-05,4e-05,6.558606,2.001725,1.469049,-0.87286,0.679995,-0.343346,0.285716,-0.516659,0.330152,-0.16309,-0.422856,-0.27866,0.316044,5.318679,1.312317,0.563876,0.380734,0.434595,0.389123,0.335227,0.234139,0.199395,0.193796,0.192836,0.181745,0.188078,8.816557,-8.751284,0.0,0.0,0.0,1.0,0.0,0.0,0.0,1.0,0.0,0.0,0.0,1.0,0.0,0.0,0.0,1.0,0.0,0.0,0.0,1.0,0.0,0.0,0.0,1.0,0.0,0.0,-11.512925,1004.682129,8.0,,,0.57,,,0.0,0.0,0.0,0.0,0.0,0.0,1.0,1.0,0,1,0,0,,0,,,0,0,1.0,0.0,0,0,0,0,1,0,0.0,0,0,0,0,0,0,,0,0,0,1,,,,0,0,0,0,0,0,0,,0,0,,0,0,0.0,,1.0,0,0,2
1464155271,1.010266,0.084142,0.077645,0.170098,0.998698,1.009365,1.018209,1.191669,6.681153,5.044383,0.386747,0.912506,1.028913,1.376473,0.503521,1.235559,0.194677,0.008666,0.272684,0.888117,0.144553,0.333947,0.179217,0.511319,-0.559834,-0.794503,0.408239,0.847873,1.234714,1.630196,0.011958,0.023043,0.360181,1.2277,5.392527,6.224548,3.126906,4.934764,3.899483,3.580123,2.888032,2.411347,0.011348,0.020468,-0.058171,-0.049847,0.506479,0.577579,0.537719,-0.278447,-0.161106,0.07962,,,,,,,,,,,,,,,,,,,,,,,,,,,,,,,,1050.208951,168.953093,288.574822,412.013065,997.260247,1036.115824,1060.580955,1.370218,5.916235,5.045658,0.548348,1.538162,0.520065,0.681332,0.495986,4.114781,0.185724,-58.922667,288.512,-151.573333,396.350918,772.769685,517.234399,-0.610709,-0.490337,0.121877,6.684919,3.997872,3.213738,2.108377,1.022205,6.26433,2.833711,2.135129,1.043635,0.967498,6.642181,2.967635,3.341229,1.58206,2.185816,0.945507,0.864891,0.368004,-0.315532,-0.807545,,,,,,,,,,8.0,0.213093,0.4585,,,1.15,2.37,14.874,,60.403583,4.101048,7.2e-05,0.00018,-0.000121,-0.000227,3.7e-05,9.3e-05,-0.259497,1.681315,0.784782,-0.316432,0.815431,-0.470338,0.603322,-0.473424,0.106195,-0.333054,-0.275815,-0.244183,0.229029,6.950397,1.159135,0.543402,0.595631,0.470027,0.294248,0.337628,0.248584,0.220343,0.243353,0.274688,0.155583,0.239689,10.259237,-10.008128,0.0,0.0,0.0,1.0,0.0,0.0,0.0,1.0,0.0,0.0,0.0,1.0,0.0,0.0,0.0,1.0,0.0,0.0,0.0,1.0,0.0,0.0,0.0,1.0,0.0,0.0,-11.512925,1004.614258,8.0,,,0.57,,,0.0,0.0,0.0,0.0,0.0,0.0,1.0,1.0,0,1,0,0,,0,,,0,0,1.0,0.0,0,0,0,0,1,0,0.0,0,0,0,0,0,0,,0,0,0,1,,,,0,0,0,0,0,0,0,,0,0,,0,0,0.0,,1.0,0,0,4
1464155571,1.004998,0.006804,-0.003537,0.008823,1.000406,1.005127,1.009623,2.627361,6.684589,5.043163,0.000159,0.002307,0.00191,0.023367,0.429994,5.996081,0.073147,0.102267,0.331584,0.943167,0.004688,0.00486,0.007113,-0.022796,-0.054379,-0.031565,0.011907,0.002013,0.004907,0.008567,0.010968,0.011766,0.012649,0.859339,6.672223,5.022888,0.191175,0.279293,0.262759,1.778227,0.490793,0.179143,0.079633,-0.002935,-0.005589,-0.009686,0.001612,0.001903,0.002437,-0.094043,0.498918,0.452904,74.415623,2.299952,-5.129452,8.001984,74.207797,74.401574,74.774109,0.534998,6.671486,5.056495,0.029163,0.013915,0.001648,0.001539,0.434058,1.414924,0.039249,-66.836202,-32.680481,1.452456,2.050315,1.234467,0.213491,0.799985,-0.401436,-0.112569,0.99997,0.999934,0.999897,0.999909,0.999898,1001.30648,23.078057,-21.163527,40.976636,990.773435,1001.566773,1012.466296,1.932003,5.926659,5.05022,0.015123,0.051758,0.043019,0.184966,0.435947,6.350248,0.121556,658.538667,-305.045333,-688.128,27.068663,31.878696,33.945912,0.117194,0.403771,-0.093488,5.031323,0.045314,0.209455,0.073024,0.077658,5.041317,1.020769,1.082371,0.558786,0.867078,5.071204,0.055871,0.11437,0.137084,0.4859,0.998599,0.998094,0.9979,0.99733,0.996155,,,,,,,,,,13.0,0.236178,0.367417,,,0.16,0.96,11.0,,50.958976,3.931021,7.8e-05,0.000103,3.7e-05,0.000252,9.6e-05,0.000107,1.342831,2.54607,1.476277,-0.808547,0.71817,-0.615239,0.286888,-0.475553,0.059483,-0.312052,-0.068669,-0.346879,-0.104895,5.396154,0.71554,0.366843,0.339848,0.247375,0.366705,0.224614,0.292726,0.170596,0.14132,0.131318,0.160532,0.122527,8.66613,-8.609722,0.0,0.0,0.0,1.0,0.0,0.0,0.0,1.0,0.0,0.0,0.0,1.0,0.0,0.0,0.0,1.0,0.0,0.0,0.0,1.0,0.0,0.0,0.0,1.0,0.0,0.0,1e-05,1004.555664,8.0,,,0.56,,,0.0,0.0,0.0,0.0,0.0,0.0,1.0,1.0,0,1,0,0,,0,,,0,0,1.0,0.0,0,0,0,0,1,0,0.0,0,0,0,0,0,0,,0,0,0,1,,,,0,0,0,0,0,0,0,,0,0,,0,0,0.0,,1.0,0,0,4
1464155871,1.017506,0.1134,0.171121,0.259312,0.996806,1.005853,1.015693,1.142048,6.678944,5.027941,0.381488,0.999091,0.43832,0.577663,0.469952,0.81587,0.230188,0.126918,0.290848,0.929425,0.21052,0.136517,0.143844,-0.628975,-0.396833,-0.069789,0.533564,1.140589,1.610188,2.081249,0.0124,0.017358,0.457186,1.245833,5.268714,6.414537,3.80255,4.391145,2.3652,3.091056,2.618563,0.0,0.0,-0.070298,-0.070451,-0.178155,0.673906,0.800164,0.670506,0.175114,0.003782,0.400147,,,,,,,,,,,,,,,,,,,,,,,,,,,,,,,,1041.214547,126.674512,51.204961,201.679214,989.383633,1038.152205,1089.998037,2.109401,5.91942,5.059887,0.651322,1.931621,0.660756,0.582722,0.517304,1.636829,0.203183,42.453333,322.581333,-475.008,700.746145,395.999614,347.591296,-0.012928,0.602736,0.351657,6.815071,3.193528,3.78378,1.294297,0.627638,5.918879,3.329587,3.921498,1.490044,1.116795,5.547307,3.391833,3.639507,1.980904,1.735423,0.928401,0.838182,0.564202,-0.061914,-0.330222,,,,,,,,,,8.0,0.098215,0.263594,,,,,18.0,,30.414164,3.414908,3.1e-05,9.8e-05,0.000103,0.000302,7e-06,2e-05,1.351417,1.509387,1.289081,-0.868134,1.038499,-0.765877,0.407918,-0.616287,0.161135,-0.147701,0.053073,-0.220293,0.053076,5.56327,0.992614,0.437886,0.273319,0.285195,0.228915,0.277846,0.192881,0.208428,0.146083,0.161741,0.135972,0.130129,10.295935,-10.03656,0.0,0.0,0.0,1.0,0.0,0.0,0.0,1.0,0.0,0.0,0.0,1.0,0.0,0.0,0.0,1.0,0.0,0.0,0.0,1.0,0.0,0.0,0.0,1.0,0.0,0.0,-11.512925,1004.468994,8.0,,,0.56,,,0.0,0.0,0.0,0.0,0.0,0.0,1.0,1.0,0,1,0,0,,0,,,0,0,1.0,0.0,0,0,0,0,1,0,0.0,0,0,0,0,0,0,,0,0,0,1,,,,0,0,0,0,0,0,0,,0,0,,0,0,0.0,,1.0,0,0,4
1464156171,1.005431,0.008966,0.002035,0.011734,0.999036,1.005642,1.011482,2.530324,6.684572,5.044166,0.000381,0.001709,0.003118,0.036214,0.430476,5.49283,0.118193,-0.133235,0.290659,0.953111,0.008238,0.012263,0.009925,-0.054703,0.031336,-0.325831,0.027752,0.019276,0.027757,0.038893,0.016156,0.023939,0.033708,1.897119,6.495627,5.062192,2.898921,4.23082,2.903216,4.056597,1.750531,5.356237,0.056261,-0.00622,-0.007522,-0.012608,0.009921,0.019803,0.019923,-0.127283,0.340909,-0.00473,75.962591,1.996423,-4.635522,7.265881,75.821722,76.065768,76.367473,0.18616,6.669106,5.045835,0.003067,0.004528,0.001297,0.001328,0.430464,7.154814,0.028099,-59.87231,-42.603274,19.244239,1.580436,1.154975,0.629302,0.921814,-0.827432,-0.839773,0.999988,0.999978,0.999969,0.999949,0.999916,1022.334133,20.188509,12.895851,28.716982,1010.26729,1022.154587,1033.936154,2.408499,5.926731,5.044044,0.016435,0.036714,0.031147,0.081098,0.432354,2.355437,0.118398,-882.197333,296.554667,419.370667,16.226184,39.590862,40.68623,0.422713,0.063956,-0.057527,5.044226,0.032037,0.036677,0.013051,0.029496,4.968716,0.9394,0.95938,0.496689,0.640072,5.092327,0.425255,0.586071,0.49069,0.96314,0.998107,0.997664,0.997098,0.996851,0.995956,,,,,,,,,,3.0,0.0,0.0,,,,,20.804001,,0.0,-6.907755,0.0,0.0,0.0,0.0,0.0,0.0,12.274006,-3.059464,1.241534,-0.796778,1.171597,-0.370241,0.483049,-0.407513,0.336795,0.0026,-0.033396,-0.315944,0.018323,5.200126,0.196242,0.209025,0.105692,0.143013,0.091813,0.106084,0.087896,0.084252,0.084297,0.079758,0.081751,0.080502,9.154616,-9.064245,0.0,0.0,0.0,1.0,0.0,0.0,0.0,1.0,0.0,0.0,0.0,1.0,0.0,0.0,0.0,1.0,0.0,0.0,0.0,1.0,0.0,0.0,0.0,1.0,0.0,0.0,5.075174,1004.443848,8.0,,,0.56,,,0.0,0.0,0.0,0.0,0.0,0.0,1.0,1.0,0,1,0,0,,0,,,0,0,1.0,0.0,0,0,0,0,1,0,0.0,0,0,0,0,0,0,,0,0,0,0,,,,0,0,0,0,1,0,0,,0,0,,0,0,0.0,,1.0,0,0,1
1464156471,1.00733,0.062431,0.150455,0.247739,0.999169,1.00457,1.009233,0.230785,6.683058,5.042006,0.001966,0.010934,0.009471,0.041516,0.430293,0.318903,0.116315,0.180075,0.429604,0.880282,0.104602,0.060124,0.110326,-0.769613,0.700644,-0.767807,0.114815,0.553103,1.01795,1.430069,0.011596,0.012872,0.014212,0.278049,4.074611,5.833044,5.548971,4.847329,3.6533,3.902569,3.489832,0.0,0.0,-0.054718,-0.005163,0.005782,0.420445,0.323137,0.186707,0.258504,-0.444397,-0.702686,,,,,,,,,,,,,,,,,,,,,,,,,,,,,,,,1000.92638,26.116319,-31.345975,53.609069,991.774168,1000.079996,1010.465239,1.664341,5.857587,5.049216,0.014103,0.043252,0.020328,0.081899,0.433707,0.518923,0.136032,-710.902857,-437.371429,-534.125714,39.681975,113.452793,78.246834,0.11861,-0.566137,-0.244644,5.044577,0.050578,0.071456,0.03277,0.061016,5.043416,0.349652,0.649174,0.304759,0.243735,5.094941,0.215256,0.287556,0.192095,0.644903,0.989419,0.987901,0.986405,0.977142,0.90312,,,,,,,,,,3.0,0.0,0.0,,,,,21.059999,,0.0,-6.907755,0.0,0.0,0.0,0.0,0.0,0.0,-5.89076,1.858496,1.223862,-0.539282,0.7265,-0.336692,0.310289,-0.20401,0.124397,-0.233185,-0.031443,-0.23435,-0.066166,5.020036,0.725019,0.453962,0.31226,0.295237,0.214453,0.211025,0.244461,0.140176,0.159619,0.11415,0.119843,0.122484,10.019313,-9.816732,0.0,0.0,0.0,1.0,0.0,0.0,0.0,1.0,0.0,0.0,0.0,1.0,0.0,0.0,0.0,1.0,0.0,0.0,0.0,1.0,0.0,0.0,0.0,1.0,0.0,0.0,-11.512925,1004.499512,8.0,,,0.55,,,0.0,0.0,0.0,0.0,0.0,0.0,1.0,1.0,0,1,0,0,,0,,,0,0,1.0,0.0,0,0,0,0,1,0,0.0,0,0,0,0,0,0,,0,0,0,1,,,,0,0,0,0,0,0,0,,0,0,,0,0,1.0,,0.0,0,0,1
1464156771,1.001818,0.143776,0.210159,0.422024,1.00124,1.009756,1.016628,0.579214,6.673802,5.052699,0.052105,0.108111,0.10914,1.742848,0.490299,0.159601,0.255465,-0.027546,0.06209,0.955025,0.099896,0.23624,0.20454,-0.395844,0.201677,-0.559048,0.276352,0.964513,1.883304,2.910801,0.011523,0.01322,0.037009,0.47084,4.730507,5.958763,5.187329,4.988779,3.550963,4.783986,3.82529,3.224397,0.248287,-0.044555,-0.02227,0.042631,0.644894,0.654936,0.396897,-0.512132,-0.332381,0.070778,,,,,,,,,,,,,,,,,,,,,,,,,,,,,,,,1043.460231,79.155299,54.216119,125.803677,1007.110701,1040.399923,1078.635784,2.050151,5.924055,5.051358,0.403538,0.982064,0.747557,0.858909,0.483122,1.237437,0.167355,297.6,696.661333,-336.725333,271.947917,290.570583,499.4008,-0.320759,0.010747,0.740387,5.425498,2.525401,2.323064,1.148476,0.6932,5.437846,0.532439,1.454248,1.023428,0.614111,6.471578,2.932769,3.221514,2.491909,3.016404,0.974629,0.938598,0.762587,0.404192,0.409431,,,,,,,,,,11.0,0.040374,0.192932,,,,,20.65,,20.394478,3.015264,1.5e-05,8.2e-05,4.1e-05,0.000213,2e-06,1.1e-05,-4.026593,1.750254,1.737959,-0.460103,0.580397,-0.551942,0.231811,-0.40766,-0.057646,-0.359236,0.058737,-0.172314,0.076096,6.953558,1.223339,0.762575,0.430012,0.436111,0.411149,0.293236,0.240427,0.311145,0.217751,0.202395,0.193237,0.178932,10.313177,-10.049836,0.0,0.0,0.0,1.0,0.0,0.0,0.0,1.0,0.0,0.0,0.0,1.0,0.0,0.0,0.0,1.0,0.0,0.0,0.0,1.0,0.0,0.0,0.0,1.0,0.0,0.0,1e-05,1004.465576,8.0,,,0.55,,,0.0,0.0,0.0,0.0,0.0,0.0,1.0,1.0,0,1,0,0,,0,,,0,0,1.0,0.0,0,0,0,0,1,0,0.0,0,0,0,0,0,0,,0,0,0,1,,,,0,0,0,0,0,0,0,,0,0,,0,0,1.0,,0.0,0,0,1
1464157071,0.996338,0.009022,-0.011097,0.020604,0.991607,0.996644,1.001445,1.542442,6.68457,5.042999,0.000878,0.002918,0.010484,0.030582,0.43021,0.279006,0.155029,0.773417,0.502334,0.369333,0.041753,0.02186,0.060247,-0.68277,-0.845571,0.306507,0.068783,0.110194,0.172165,0.232401,0.019671,0.03316,0.059579,1.335143,5.996299,5.812325,5.082393,4.728046,3.393657,2.703576,2.670199,0.0,0.0,0.00085,-0.011969,-0.004583,0.048254,0.111519,0.04409,0.175133,-0.24933,-0.578432,113.149842,5.160347,-10.821486,16.475861,113.453678,114.235745,114.598136,0.505305,6.677099,5.04968,0.009489,0.010044,0.002489,0.002467,0.432852,4.82286,0.092257,-109.305585,-28.401887,6.58083,5.051395,1.558685,1.970906,0.572849,-0.535993,0.117367,0.999956,0.999831,0.999552,0.999449,0.999658,1033.362402,86.836011,-37.588313,239.56749,1018.296617,1030.417391,1042.888297,0.776801,5.923057,5.04138,0.016759,0.098756,0.095082,0.164743,0.434527,0.439061,0.164806,-82.368,343.957333,-965.397333,38.03862,102.213154,80.004596,-0.082725,0.18765,-0.039327,5.081679,0.642898,1.04234,0.796829,1.4103,5.093584,0.232415,0.648038,0.219681,0.236129,5.039551,0.021903,0.118752,0.096901,0.209251,0.990605,0.993214,0.992393,0.987633,0.955355,,,,,,,,,,4.0,0.0,0.0,,,,,21.152,,0.0,-6.907755,0.0,0.0,0.0,0.0,0.0,0.0,3.261657,0.510261,2.042302,-0.268196,0.86323,-0.020534,0.449367,-0.108182,0.302279,-0.214566,-0.041946,-0.147574,0.101647,4.809513,0.506052,0.447882,0.230454,0.244724,0.21007,0.213231,0.147994,0.132171,0.106464,0.128663,0.118856,0.086432,6.338594,-6.33295,0.0,0.0,0.0,1.0,0.0,0.0,0.0,1.0,0.0,0.0,0.0,1.0,0.0,0.0,0.0,1.0,0.0,0.0,0.0,1.0,0.0,0.0,0.0,1.0,0.0,0.0,-11.512925,1004.618164,8.0,,,0.54,,,0.0,0.0,0.0,0.0,0.0,0.0,1.0,1.0,0,1,0,0,,0,,,0,0,1.0,0.0,0,0,0,0,1,0,0.0,0,0,0,0,0,0,,0,0,0,1,,,,0,0,0,0,0,0,0,,0,0,,0,0,1.0,,0.0,0,0,1
1464157371,1.011118,0.007434,0.004174,0.010217,1.006682,1.010971,1.015733,2.366704,6.684585,5.044104,0.000419,0.001658,0.003188,0.026535,0.430315,1.076113,0.105802,-0.054615,-0.015525,1.009498,0.004991,0.004928,0.007427,0.007401,-0.04843,-0.00366,0.010832,0.001317,0.001234,0.002123,0.009993,0.010706,0.011718,2.13063,6.673614,5.055279,0.298081,0.685923,0.460025,2.028386,0.52759,0.039853,0.229053,-0.005116,-0.006355,-0.006842,0.001224,0.00179,0.000989,-0.021655,0.05458,-0.023803,,,,,,,,,,,,,,,,,,,,,,,,,,,,,,,,1041.665519,19.978398,7.491417,29.318375,1031.62784,1042.15162,1049.586585,2.303367,5.783641,5.048134,0.004233,0.044527,0.032266,0.125718,0.433922,3.832025,0.152573,3.224615,425.230769,-950.670769,13.40271,14.73329,21.516775,0.024778,-0.056517,0.09485,5.145368,4.557163,5.21364,5.065431,5.483762,5.032653,0.055368,0.097284,0.078086,0.131052,5.051302,0.003975,0.054152,0.041007,0.166392,0.999704,0.999653,0.999626,0.999486,0.999234,,,,,,,,,,8.0,0.007571,0.156491,,,,,20.900999,,15.82524,2.761606,2e-06,8.1e-05,-3e-06,0.000167,2e-06,2.6e-05,-2.598343,-0.545426,2.097558,0.378937,1.022518,0.138769,0.501575,-0.058999,0.193002,-0.185703,0.107384,-0.118277,0.064858,4.895709,1.078549,0.400503,0.256047,0.216811,0.239066,0.186333,0.174728,0.162691,0.133459,0.114268,0.100205,0.087399,7.235619,-7.221835,0.0,0.0,0.0,1.0,0.0,0.0,0.0,1.0,0.0,0.0,0.0,1.0,0.0,0.0,0.0,1.0,0.0,0.0,0.0,1.0,0.0,0.0,0.0,1.0,0.0,0.0,-11.512925,1004.674561,8.0,,,0.52,,,0.0,0.0,0.0,0.0,0.0,0.0,1.0,1.0,0,0,0,0,,0,,,0,0,1.0,0.0,0,0,0,0,1,0,0.0,0,0,0,0,0,0,,0,0,0,0,,,,0,0,0,0,0,0,1,,0,0,,1,0,0.0,,1.0,0,0,5
1464157671,1.009901,0.006956,-0.00217,0.009387,1.005353,1.009759,1.014503,2.49344,6.684588,5.042989,0.00015,0.002691,0.002038,0.022468,0.429939,3.263951,0.085331,0.143686,-0.144766,0.989067,0.004657,0.00452,0.007092,0.0105,-0.001393,0.078166,0.010827,0.001371,0.002144,0.003798,0.01005,0.010811,0.011523,1.363085,6.672228,5.047081,0.027729,0.507376,0.341119,1.721881,0.498189,0.696647,0.093331,-0.002865,-0.007635,-0.006814,0.001091,0.001475,0.001671,-0.051149,0.265233,0.223914,65.006846,1.991103,-4.520441,7.037192,64.843367,65.071265,65.331539,0.667834,6.668957,5.041562,0.003572,0.004279,0.001636,0.001549,0.429385,0.518142,0.041755,-64.011777,-3.218376,-10.805939,1.976768,1.09193,0.3475,0.034587,0.758453,0.233372,0.999932,0.999819,0.999738,0.999672,0.999286,1048.675351,102.824268,90.007906,162.88197,1000.831654,1048.366348,1083.962983,2.159864,5.92218,5.041669,0.329116,1.241117,0.566746,0.473587,0.474647,0.678821,0.178666,355.882667,751.210667,126.997333,338.506377,246.729252,477.213442,-0.744391,-0.562487,0.316556,5.697626,2.688338,2.435982,0.74794,0.421534,5.245155,1.38835,1.515568,0.739648,0.388221,6.650241,4.366818,4.363179,2.229816,2.102225,0.945607,0.860603,0.728058,0.532069,0.359551,,,,,,,,,,9.0,0.098396,0.166616,,,0.31,1.3,7.0,,18.442092,2.914636,2.9e-05,7.2e-05,0.000103,0.000154,1.1e-05,1.1e-05,-1.330036,0.203104,2.197658,0.037109,0.712453,-0.380663,0.119151,-0.388809,0.06204,-0.138587,0.155705,-0.078247,0.083199,7.33762,1.327226,0.592493,0.552646,0.288508,0.335139,0.221428,0.212421,0.170144,0.123684,0.189925,0.152219,0.113831,8.048788,-8.017968,0.0,0.0,0.0,1.0,0.0,0.0,0.0,1.0,0.0,0.0,0.0,1.0,0.0,0.0,0.0,1.0,0.0,0.0,0.0,1.0,0.0,0.0,0.0,1.0,0.0,0.0,-11.512925,1004.622803,8.0,,,0.51,,,0.0,0.0,0.0,0.0,0.0,0.0,1.0,1.0,0,0,0,0,,0,,,0,0,1.0,0.0,0,0,0,0,1,0,0.0,0,0,0,0,0,0,,0,0,0,0,,,,0,0,0,0,0,0,1,,0,0,,1,0,0.0,,1.0,0,0,5
1464158271,1.008426,0.007468,-0.002852,0.009674,1.003,1.00861,1.013844,2.545904,6.684584,5.043808,0.000832,0.001691,0.002441,0.026145,0.43022,0.219231,0.090821,0.14796,-0.122285,0.989966,0.004851,0.004494,0.007523,-0.038697,-0.023808,-0.077295,0.010453,0.001113,-0.000436,0.001475,0.009879,0.010546,0.011248,2.461388,6.67263,5.049781,0.174531,0.653631,0.438091,1.805577,0.50987,5.220427,0.0687,-0.001896,-0.00733,-0.007045,0.000967,0.001252,0.001022,-0.127318,0.042494,-0.030877,,,,,,,,,,,,,,,,,,,,,,,,,,,,,,,,1024.641231,32.148507,-32.670402,60.794626,1010.077225,1025.124383,1039.55369,1.857618,5.926427,5.048214,0.010914,0.116383,0.419574,0.172049,0.441346,0.239536,0.238889,-850.432,298.218667,362.112,55.88765,299.228564,122.343596,0.795415,-0.724948,-0.750291,5.077408,0.074589,0.045737,0.290224,0.139303,6.032823,1.738751,1.667096,2.326534,1.341554,5.380216,0.316297,1.49498,1.879342,1.328898,0.994596,0.988792,0.943426,0.821825,0.853844,,,,,,,,,,8.0,0.333038,0.310641,,,0.34,1.78,18.0,,55.574928,4.017732,0.00015,0.00011,-6e-06,-0.000213,6.8e-05,5.6e-05,-4.735556,1.746601,2.095046,-0.033375,0.479887,-0.475914,0.054908,-0.493352,-0.172935,-0.386854,0.01826,-0.243771,-0.044232,6.671636,1.441621,0.702488,0.452461,0.411312,0.376202,0.33515,0.355007,0.334999,0.273436,0.209046,0.19166,0.201297,9.956934,-9.765504,0.0,0.0,0.0,1.0,0.0,0.0,0.0,1.0,0.0,0.0,0.0,1.0,0.0,0.0,0.0,1.0,0.0,0.0,0.0,1.0,0.0,0.0,0.0,1.0,0.0,0.0,-11.512925,1004.551758,8.0,,,0.51,,,0.0,0.0,0.0,0.0,0.0,0.0,1.0,1.0,1,0,0,0,,1,,,0,0,1.0,0.0,0,0,0,0,1,0,0.0,0,0,0,0,0,0,,0,0,0,0,,,,0,0,0,0,0,0,0,,0,0,,0,0,0.0,,1.0,0,0,1
1464158571,1.008838,0.007346,-0.002212,0.009584,1.004334,1.008821,1.013879,2.628365,6.684585,5.044437,0.000673,0.001642,0.001742,0.022399,0.430313,0.835855,0.091266,0.148646,-0.123304,0.990155,0.004617,0.004915,0.007477,0.023391,-0.073652,-0.004886,0.010125,0.001131,-0.000317,0.001491,0.009287,0.010106,0.010864,2.523477,6.672057,5.03545,0.231682,0.499368,0.516162,1.872264,0.508346,0.099581,0.099536,-0.002483,-0.006402,-0.007296,0.001004,0.001158,0.001032,0.0434,0.06573,0.080267,,,,,,,,,,,,,,,,,,,,,,,,,,,,,,,,1000.404695,24.605781,-18.036279,42.577404,989.561519,998.78326,1011.201266,1.953045,5.926622,5.048121,0.011426,0.067118,0.037132,0.059631,0.433521,0.678685,0.126602,-768.874667,-582.016,-4.842667,24.111801,171.331008,203.825845,0.177899,0.384775,0.744765,5.03654,0.054049,0.10084,0.037522,0.073937,5.1463,0.172875,0.458782,0.192817,0.228764,5.633942,5.162458,5.087035,3.786311,4.892689,0.988695,0.970506,0.952771,0.925434,0.707755,,,,,,,,,,3.0,0.0,0.0,,,,,21.084999,,0.0,-6.907755,0.0,0.0,0.0,0.0,0.0,0.0,-2.274482,-0.36414,1.751971,-0.019001,0.701861,-0.144894,0.327053,-0.157802,0.256527,-0.032604,0.185009,-0.122907,0.026582,5.607412,1.911294,0.495837,0.35554,0.399659,0.489947,0.417914,0.364397,0.19407,0.137883,0.130273,0.152518,0.150416,7.372746,-7.356952,0.0,0.0,0.0,1.0,0.0,0.0,0.0,1.0,0.0,0.0,0.0,1.0,0.0,0.0,0.0,1.0,0.0,0.0,0.0,1.0,0.0,0.0,0.0,1.0,0.0,0.0,-11.512925,1004.555908,8.0,,,0.5,,,0.0,0.0,0.0,0.0,0.0,0.0,1.0,1.0,1,0,0,0,,1,,,0,0,1.0,0.0,0,0,0,0,1,0,0.0,0,0,0,0,0,0,,0,0,0,0,,,,0,0,0,0,0,0,0,,0,0,,0,0,0.0,,1.0,0,0,1
1464158871,1.007643,0.007245,0.003407,0.009662,1.002517,1.007558,1.012671,2.494425,6.684586,5.043304,0.000223,0.001518,0.003093,0.024482,0.430057,3.92591,0.087413,0.148828,-0.122804,0.988973,0.004814,0.00458,0.007338,0.007397,-0.029562,-0.013314,0.009864,0.001105,-0.000543,0.001498,0.009225,0.009879,0.010692,2.385606,6.675758,5.058916,0.096606,0.551833,0.523475,1.865555,0.515168,0.915643,0.127712,-0.002236,-0.006229,-0.00715,0.001043,0.00122,0.001012,-0.023371,0.087279,0.055099,,,,,,,,,,,,,,,,,,,,,,,,,,,,,,,,1052.445172,20.85714,18.351154,31.785472,1042.120914,1050.226642,1060.987972,2.348574,5.92673,5.04222,0.002689,0.022179,0.036578,0.119809,0.432129,2.39536,0.11158,28.437333,261.376,1018.944,10.423599,11.762311,21.351523,-0.030312,0.003417,-0.007975,5.00167,2.079293,3.361465,2.804664,3.147932,5.038708,0.145856,0.405389,0.126997,0.254361,5.042402,0.003098,0.027879,0.036,0.13383,0.999765,0.99975,0.999757,0.999756,0.999777,,,,,,,,,,11.0,0.189132,0.217125,,,0.24,0.38,15.0,,26.531456,3.278331,7e-05,8.7e-05,0.000128,0.000211,3.8e-05,4.7e-05,7.787039,-1.753025,1.473092,0.124149,0.969876,0.218264,0.634852,0.121849,0.395455,0.007867,0.244755,-0.032004,0.117971,5.053254,0.250362,0.18171,0.148788,0.136422,0.120213,0.113761,0.08827,0.073483,0.06982,0.068887,0.061799,0.059905,3.850148,-3.849678,0.0,0.0,0.0,1.0,0.0,0.0,0.0,1.0,0.0,0.0,0.0,1.0,0.0,0.0,0.0,1.0,0.0,0.0,0.0,1.0,0.0,0.0,0.0,1.0,0.0,0.0,-11.512925,1004.62915,8.0,,,0.5,,,0.0,0.0,0.0,0.0,0.0,0.0,1.0,1.0,1,0,0,0,,1,,,0,0,1.0,0.0,0,0,0,0,1,0,0.0,0,0,0,0,0,0,,0,0,0,0,,,,0,0,0,0,0,0,0,,0,0,,0,0,0.0,,1.0,0,0,1
1464159171,1.00706,0.00739,-0.00399,0.009924,1.001877,1.007194,1.012165,2.432026,6.684585,5.043754,0.000929,0.001359,0.002001,0.02578,0.430192,0.856739,0.095079,0.148831,-0.123215,0.988329,0.004394,0.004611,0.007475,0.02614,0.025956,0.023231,0.009827,0.001083,0.000154,0.001466,0.009102,0.009879,0.010599,2.321217,6.674738,5.040405,0.087641,0.555397,0.465944,1.758488,0.501858,4.959768,0.098202,-0.002118,-0.006083,-0.007272,0.000979,0.001151,0.00104,-0.029843,0.084513,0.001192,,,,,,,,,,,,,,,,,,,,,,,,,,,,,,,,1048.869876,64.932408,148.925817,234.092549,1037.350471,1045.064591,1053.223604,0.401678,5.925349,5.046267,0.002771,0.024399,0.022316,0.039018,0.43187,0.239536,0.122747,-131.434667,982.101333,-307.072,59.218559,71.616016,140.06152,-0.767063,-0.70322,0.821917,5.114329,0.596212,1.784929,0.880479,0.856603,5.064873,0.010633,0.038459,0.017492,0.027252,4.943895,0.677488,1.060979,0.745195,1.287466,0.996103,0.993897,0.988901,0.979949,0.896379,,,,,,,,,,11.0,0.690895,0.960996,,,0.16,5.84,14.661,,187.032593,5.231283,0.000346,0.000506,0.000286,-0.000578,0.000169,0.000263,-2.033177,0.241002,2.07637,-0.021297,0.731814,-0.12071,0.321677,-0.279485,0.267786,-0.083849,0.175842,-0.121533,-0.013998,5.994095,1.128497,0.636042,0.641877,0.330138,0.240422,0.251862,0.287953,0.205006,0.164739,0.12679,0.141322,0.184434,7.946264,-7.918405,0.0,0.0,0.0,1.0,0.0,0.0,0.0,1.0,0.0,0.0,0.0,1.0,0.0,0.0,0.0,1.0,0.0,0.0,0.0,1.0,0.0,0.0,0.0,1.0,0.0,0.0,-11.512925,1004.503174,8.0,,,0.5,,,0.0,0.0,0.0,0.0,0.0,0.0,1.0,1.0,1,0,0,0,,1,,,0,0,1.0,0.0,0,0,0,0,1,0,0.0,0,0,0,0,0,0,,0,0,0,0,,,,0,0,0,0,0,0,0,,0,0,,0,0,0.0,,1.0,0,0,1
1464159471,1.008751,0.007507,-0.002924,0.010117,1.004226,1.008657,1.013544,2.457679,6.684584,5.043662,0.000922,0.00223,0.002847,0.025115,0.430178,1.514537,0.119761,0.148717,-0.123732,0.990004,0.004642,0.004698,0.00752,-0.021181,0.016345,-0.106135,0.009721,0.0011,0.000544,0.001444,0.009102,0.009705,0.010546,2.503422,6.6757,5.04578,0.152378,0.480077,0.514588,1.800741,0.506112,2.470689,0.121734,-0.002139,-0.005779,-0.007366,0.001015,0.0012,0.001002,0.011036,0.065048,0.036518,,,,,,,,,,,,,,,,,,,,,,,,,,,,,,,,1047.863006,33.997252,53.445547,83.413329,1038.028901,1044.32945,1053.876653,1.306631,5.415593,5.048593,0.010344,0.033046,0.020078,0.041828,0.432633,0.56728,0.179777,-142.577778,994.986667,-86.435556,37.783529,73.272003,273.090309,0.723839,0.710129,0.818335,4.98646,1.04967,1.394652,0.764312,0.675027,5.086829,0.066804,0.071945,0.022208,0.017091,6.74663,3.219147,2.079941,1.46484,1.996725,0.992703,0.974746,0.946715,0.889848,0.825444,,,,,,,,,,9.0,0.234202,0.526443,,,0.25,0.88,14.779,,68.61445,4.228503,0.0001,0.000235,0.000241,-0.00048,5e-05,5.6e-05,7.066092,-1.387455,1.721775,0.296958,1.065508,0.245898,0.610297,0.063046,0.321465,-0.077326,0.169008,-0.106487,0.04704,4.962418,0.538945,0.367468,0.25318,0.157757,0.119634,0.121004,0.118981,0.116712,0.11611,0.117657,0.116172,0.112282,4.204693,-4.204023,0.0,0.0,0.0,1.0,0.0,0.0,0.0,1.0,0.0,0.0,0.0,1.0,0.0,0.0,0.0,1.0,0.0,0.0,0.0,1.0,0.0,0.0,0.0,1.0,0.0,0.0,-11.512925,1004.498535,8.0,,,0.5,,,0.0,0.0,0.0,0.0,0.0,0.0,1.0,1.0,1,0,0,0,,1,,,0,0,1.0,0.0,0,0,0,0,1,0,0.0,0,0,0,0,0,0,,0,0,0,0,,,,0,0,0,0,0,0,0,,0,0,,0,0,0.0,,1.0,0,0,1
1464159771,1.008251,0.007413,0.003202,0.010022,1.003401,1.008207,1.012992,2.537354,6.684585,5.04426,0.000263,0.001502,0.002503,0.024628,0.430306,1.016185,0.080708,0.148585,-0.123532,0.989539,0.004676,0.004799,0.007435,-0.009891,0.078793,-0.010043,0.009683,0.001123,-0.000417,0.001495,0.009102,0.009705,0.010328,2.56637,6.675326,5.074087,0.091097,0.577448,0.320387,1.817349,0.51288,2.329132,0.106818,-0.001781,-0.005895,-0.007318,0.001029,0.001186,0.001039,0.001008,0.021106,0.068736,,,,,,,,,,,,,,,,,,,,,,,,,,,,,,,,1043.059747,10.443774,-5.459911,14.703163,1035.992278,1042.274436,1049.342651,2.35497,5.783775,5.045317,0.005187,0.023128,0.01473,0.017677,0.431022,1.716031,0.122869,-138.929231,1032.886154,35.175385,10.828363,10.538835,21.492825,0.143538,-0.0878,0.060605,5.046998,0.325876,0.695232,0.556164,0.688948,5.045261,0.006365,0.025171,0.014123,0.017905,4.888705,2.198238,3.271467,3.432944,4.684868,0.999468,0.999452,0.999463,0.999472,0.999455,,,,,,,,,,3.0,0.0,0.0,,,,,12.128,,0.0,-6.907755,0.0,0.0,0.0,0.0,0.0,0.0,10.733596,-1.756983,1.477568,0.124075,0.973332,0.225577,0.647892,0.132317,0.407253,0.018892,0.254395,-0.028915,0.117352,5.045864,0.21434,0.135467,0.128729,0.12465,0.108858,0.108597,0.084512,0.076587,0.070331,0.065712,0.063018,0.062731,3.044523,-3.044312,0.0,0.0,0.0,1.0,0.0,0.0,0.0,1.0,0.0,0.0,0.0,1.0,0.0,0.0,0.0,1.0,0.0,0.0,0.0,1.0,0.0,0.0,0.0,1.0,0.0,0.0,-11.512925,1004.504395,8.0,,,0.5,,,1.0,0.0,0.0,0.0,0.0,0.0,0.0,1.0,1,0,0,0,,1,,,0,0,1.0,0.0,0,0,0,0,1,0,0.0,0,0,0,0,0,0,,0,0,0,0,,,,0,0,0,0,0,0,0,,0,0,,0,0,0.0,,1.0,0,0,4
1464160071,1.007166,0.007381,0.002902,0.009502,1.002306,1.006795,1.012534,2.641453,6.684585,5.043515,0.000875,0.001582,0.002374,0.025725,0.430132,1.175752,0.092474,0.149044,-0.123686,0.988346,0.004575,0.004587,0.007465,0.009957,0.008683,0.004113,0.009404,0.001066,-0.000412,0.00139,0.008654,0.009408,0.010106,2.478877,6.673121,5.023813,0.065199,0.487254,0.495116,1.806062,0.498691,1.792965,0.097288,-0.001709,-0.005539,-0.007217,0.001095,0.001269,0.001039,0.062538,0.074192,0.070049,,,,,,,,,,,,,,,,,,,,,,,,,,,,,,,,1060.102656,194.616117,420.51675,642.319882,1037.173081,1043.103063,1049.95238,0.207114,5.846394,5.032443,0.042597,0.174028,0.068551,0.040949,0.431598,4.07184,0.007259,-140.731429,1037.417143,44.502857,146.885736,171.206685,113.074129,-0.651063,0.762042,-0.840499,5.027049,0.408739,0.942491,0.834908,2.436123,5.041967,0.011136,0.090616,0.074655,0.110893,5.074132,1.373864,2.919886,3.141681,4.420142,0.98907,0.991489,0.989735,0.982217,0.918024,,,,,,,,,,13.0,0.191942,0.307043,,,0.19,0.93,13.0,,34.64722,3.545218,6.8e-05,0.000112,0.000207,-3.8e-05,0.00015,0.00032,2.525293,-1.483277,1.686979,0.281088,1.064137,0.257103,0.628252,0.084218,0.345787,-0.050258,0.198325,-0.064853,0.09554,4.979018,0.403832,0.300545,0.221644,0.16321,0.125175,0.118556,0.103362,0.099271,0.100242,0.098597,0.099159,0.089999,5.375278,-5.373121,0.0,0.0,0.0,1.0,0.0,0.0,0.0,1.0,0.0,0.0,0.0,1.0,0.0,0.0,0.0,1.0,0.0,0.0,0.0,1.0,0.0,0.0,0.0,1.0,0.0,0.0,-11.512925,1004.505371,8.0,,,0.5,,,1.0,0.0,0.0,0.0,0.0,0.0,0.0,1.0,1,0,0,0,,1,,,0,0,1.0,0.0,0,0,0,0,1,0,0.0,0,0,0,0,0,0,,0,0,0,0,,,,0,0,0,0,0,0,0,,0,0,,0,0,0.0,,1.0,0,0,4
1464160371,1.007783,0.007392,-0.003022,0.009585,1.002866,1.007911,1.013267,2.662432,6.684585,5.044089,0.000444,0.002262,0.001804,0.024526,0.430261,0.81715,0.102708,0.14905,-0.123356,0.989014,0.004676,0.004684,0.007489,0.059144,-0.012108,0.001926,0.009349,0.001821,0.0045,0.007873,0.008588,0.009287,0.01005,0.765741,6.669445,5.048575,0.145867,0.446252,0.433654,1.953923,0.515074,1.513525,0.046587,-0.001701,-0.005468,-0.007092,0.001279,0.001259,0.002099,0.297541,0.573522,0.481266,,,,,,,,,,,,,,,,,,,,,,,,,,,,,,,,1054.435662,13.059647,6.444581,18.48639,1047.419687,1053.724822,1060.988219,2.39342,5.926849,5.046577,0.010679,0.023088,0.014673,0.033157,0.431708,3.752731,0.100517,6.336,967.573333,418.410667,10.498211,11.046053,21.612636,0.068936,-0.084618,-0.046448,4.681132,4.174245,5.189098,4.21339,5.524631,5.048095,0.011379,0.023889,0.012581,0.019143,5.037223,0.103173,0.17059,0.256311,0.614079,0.999529,0.999525,0.999533,0.99953,0.99946,,,,,,,,,,9.0,0.211152,0.150831,,,,,12.226,,30.241618,3.409219,9.5e-05,6.1e-05,0.000235,-0.000163,1.3e-05,3.2e-05,7.245429,-1.864501,1.372248,0.045118,0.915586,0.193763,0.637125,0.128925,0.414107,0.033962,0.267859,-0.007792,0.137466,5.135609,0.263267,0.125651,0.107033,0.10671,0.102159,0.103797,0.088934,0.077145,0.072772,0.068504,0.063225,0.06134,3.951244,-3.950724,0.0,0.0,0.0,1.0,0.0,0.0,0.0,1.0,0.0,0.0,0.0,1.0,0.0,0.0,0.0,1.0,0.0,0.0,0.0,1.0,0.0,0.0,0.0,1.0,0.0,0.0,-11.512925,1004.45459,8.0,,,0.5,,,1.0,0.0,0.0,0.0,0.0,0.0,0.0,1.0,1,0,0,0,,1,,,0,0,1.0,0.0,0,0,0,0,1,0,0.0,0,0,0,0,0,0,,0,0,0,0,,,,0,0,0,0,0,0,0,,0,0,,0,0,0.0,,1.0,0,0,4
1464160671,1.006446,0.007205,0.003657,0.009648,1.001927,1.006354,1.011328,2.535735,6.684586,5.043341,0.000577,0.001707,0.002379,0.024483,0.430069,3.144593,0.078885,0.148803,-0.12355,0.987664,0.004823,0.004601,0.007326,-0.079343,-0.005403,0.075537,0.009384,0.001037,0.000235,0.001362,0.008588,0.009408,0.01005,2.483742,6.673455,5.054856,0.080419,0.386465,0.525696,1.864685,0.510686,0.119467,0.106208,-0.001674,-0.005494,-0.007272,0.001015,0.001113,0.001002,-0.023274,0.081131,0.045593,,,,,,,,,,,,,,,,,,,,,,,,,,,,,,,,1087.001471,296.97638,611.426799,897.853331,1045.69209,1052.752583,1063.308046,0.191665,5.903531,5.021168,0.125463,0.339211,0.106342,0.073338,0.434061,1.79652,0.008152,16.490667,906.56,452.181333,163.70202,428.117188,181.916345,-0.883413,0.845061,-0.940603,4.775623,4.858529,6.104936,4.962599,4.879431,5.095779,0.349915,0.685537,0.104716,0.076482,5.01068,0.279461,0.729406,0.310288,0.693676,0.972663,0.972106,0.966644,0.945473,0.76575,,,,,,,,,,14.0,0.139849,0.166869,,,0.22,0.89,7.0,,20.936176,3.041479,5.6e-05,4.3e-05,-1.3e-05,-0.000116,3.2e-05,3.5e-05,2.424076,-1.30861,1.776395,0.330838,1.097835,0.270049,0.638379,0.089395,0.35377,-0.039363,0.204149,-0.067521,0.091486,4.693896,0.604134,0.358572,0.238264,0.153387,0.105058,0.099489,0.083272,0.080373,0.075299,0.081816,0.079782,0.08045,5.537334,-5.534797,0.0,0.0,0.0,1.0,0.0,0.0,0.0,1.0,0.0,0.0,0.0,1.0,0.0,0.0,0.0,1.0,0.0,0.0,0.0,1.0,0.0,0.0,0.0,1.0,0.0,0.0,-11.512925,1004.426514,8.0,,,0.49,,,1.0,0.0,0.0,0.0,0.0,0.0,0.0,1.0,1,0,0,0,,1,,,0,0,1.0,0.0,0,0,0,0,1,0,0.0,0,0,0,0,0,0,,0,0,0,0,,,,0,0,0,0,0,0,0,,0,0,,0,0,0.0,,1.0,0,0,4
1464160971,1.006582,0.006945,-0.001892,0.009141,1.002186,1.006403,1.011435,2.607643,6.684588,5.043186,0.000354,0.001613,0.002003,0.022912,0.429986,0.199274,0.106115,0.14902,-0.123539,0.987773,0.004545,0.004704,0.006989,0.009227,0.006457,-0.045339,0.00903,0.001008,-0.000296,0.001312,0.008388,0.009102,0.009763,2.604857,6.673324,5.02192,0.153497,0.484555,0.581124,1.879122,0.505789,1.055935,0.119754,-0.001686,-0.005167,-0.007059,0.000978,0.001103,0.001003,-0.057644,-0.018695,-0.014687,,,,,,,,,,,,,,,,,,,,,,,,,,,,,,,,1054.154582,12.338974,-5.022347,17.25121,1046.976506,1053.603341,1061.937504,2.387092,5.926857,5.050011,0.005126,0.020894,0.013493,0.034187,0.432603,5.66864,0.09873,0.256,960.341333,434.24,10.577892,9.926169,19.07336,0.091817,-0.00538,0.071683,4.435659,4.253163,5.696143,5.156098,5.905996,5.051208,0.005231,0.019973,0.012963,0.020945,5.043484,0.024943,0.160516,0.178915,0.533344,0.99962,0.999616,0.999616,0.999617,0.999642,,,,,,,,,,13.0,0.022153,0.117161,,,,,11.0,,11.731945,2.462315,8e-06,3.2e-05,2.2e-05,-0.000119,2e-06,5e-06,10.383599,-1.716052,1.509961,0.151236,0.983375,0.225237,0.634668,0.114234,0.377183,-0.012266,0.226464,-0.049946,0.1049,5.554019,0.212171,0.153972,0.135779,0.132432,0.113674,0.113435,0.087732,0.072221,0.067817,0.068995,0.066302,0.069414,3.091043,-3.090822,0.0,0.0,0.0,1.0,0.0,0.0,0.0,1.0,0.0,0.0,0.0,1.0,0.0,0.0,0.0,1.0,0.0,0.0,0.0,1.0,0.0,0.0,0.0,1.0,0.0,0.0,-11.512925,1004.393555,8.0,,,0.49,,,1.0,0.0,0.0,0.0,0.0,0.0,0.0,1.0,1,0,0,0,,1,,,0,0,1.0,0.0,0,0,0,0,1,0,0.0,0,0,0,0,0,0,,0,0,0,0,,,,0,0,0,0,0,0,0,,0,0,,0,0,0.0,,1.0,0,0,2
1464161271,1.006538,0.00738,0.003413,0.009746,1.00162,1.006258,1.011355,2.523767,6.684585,5.042729,0.001051,0.002784,0.002643,0.024561,0.429942,5.839598,0.083759,0.149219,-0.123425,0.987713,0.004543,0.00448,0.007407,0.00069,0.054933,-0.04127,0.009312,0.001027,0.000263,0.001346,0.008588,0.009225,0.01005,2.520042,6.670965,5.047578,0.068928,0.584663,0.343371,1.814514,0.504575,1.81313,0.121086,-0.001806,-0.005231,-0.007345,0.001015,0.001095,0.000982,-0.027843,0.078494,0.022045,,,,,,,,,,,,,,,,,,,,,,,,,,,,,,,,1100.911608,256.556761,492.449616,719.385821,1043.072385,1054.787182,1070.028037,1.119115,5.764563,5.0044,0.235942,1.238166,0.216487,0.483061,0.460057,0.558622,0.011255,82.781538,571.323077,553.501538,327.93957,661.31802,305.475142,0.099437,-0.246534,-0.690687,6.347118,5.208206,4.581947,3.23019,3.22789,5.930794,2.871008,1.581722,0.711393,0.546369,4.734662,2.708977,2.036533,1.758531,2.995561,0.941794,0.857794,0.647038,0.239851,0.078777,,,,,,,,,,13.0,0.023033,0.114845,,,,,7.0,,11.57616,2.448948,5e-06,3.2e-05,2.3e-05,-0.00012,1e-06,3e-06,3.88246,-1.546067,1.617456,0.204085,0.993365,0.189459,0.570708,0.035765,0.299478,-0.077022,0.179335,-0.084389,0.086424,5.60179,0.404463,0.255455,0.178247,0.130257,0.113639,0.119505,0.113296,0.10352,0.096481,0.09117,0.085274,0.080617,4.882802,-4.881483,0.0,0.0,0.0,1.0,0.0,0.0,0.0,1.0,0.0,0.0,0.0,1.0,0.0,0.0,0.0,1.0,0.0,0.0,0.0,1.0,0.0,0.0,0.0,1.0,0.0,0.0,-11.512925,1004.439453,8.0,,,0.49,,,1.0,0.0,0.0,0.0,0.0,0.0,0.0,1.0,1,0,0,0,,1,,,0,0,1.0,0.0,0,0,0,0,1,0,0.0,0,0,0,0,0,0,,0,0,0,0,,,,0,0,0,0,0,0,0,,0,0,,0,0,0.0,,1.0,0,0,2
1464161571,1.006417,0.007538,0.004001,0.009831,1.001327,1.006023,1.011661,2.650355,6.684584,5.04391,0.000356,0.001774,0.002067,0.02577,0.430228,2.092862,0.112048,0.149607,-0.123523,0.987518,0.004664,0.004543,0.007629,0.004019,-0.042806,-0.052029,0.009154,0.001062,0.000608,0.001399,0.008388,0.009225,0.009879,2.613077,6.67161,5.03172,0.21179,0.510024,0.40807,1.853333,0.50765,3.305709,0.102128,-0.001765,-0.005273,-0.007127,0.000969,0.001125,0.001008,-0.01669,0.034392,0.051151,,,,,,,,,,,,,,,,,,,,,,,,,,,,,,,,,,,,,,,,,,,,,,,,,,,,,,,,,,,,,,,,,,,,,,,,,,,,,,,,,,,,,,,12.0,0.054678,0.110826,,,,,14.0,,12.546853,2.52947,1.9e-05,4.3e-05,5.6e-05,-0.000117,6e-06,1e-05,7.684398,-1.502308,1.658682,0.233526,1.010683,0.202002,0.581879,0.048194,0.330705,-0.037917,0.233799,-0.015274,0.155317,4.903553,0.285659,0.23289,0.198557,0.164224,0.14067,0.123203,0.100678,0.083544,0.072941,0.075127,0.070423,0.069741,3.988984,-3.988444,0.0,0.0,0.0,1.0,0.0,0.0,0.0,1.0,0.0,0.0,0.0,1.0,0.0,0.0,0.0,1.0,0.0,0.0,0.0,1.0,0.0,0.0,0.0,1.0,0.0,0.0,-11.512925,1004.767578,8.0,,,0.49,,,1.0,0.0,0.0,0.0,0.0,0.0,0.0,1.0,1,0,0,0,,1,,,0,0,1.0,0.0,0,0,0,0,1,0,0.0,0,0,0,0,0,0,,0,0,0,0,,,,0,0,0,0,0,0,0,,0,0,,0,0,0.0,,1.0,0,0,2
1464165170,1.010816,0.007079,-0.001582,0.009215,1.005905,1.010883,1.01556,2.59793,6.684587,5.043925,0.000508,0.001886,0.002561,0.019246,0.430137,0.737364,0.096332,0.148146,-0.124484,0.992097,0.004865,0.004821,0.007147,0.058758,-0.001254,-0.014167,0.009775,0.001123,-0.000605,0.001499,0.009148,0.009763,0.010546,2.57235,6.677923,5.04786,0.216839,0.540746,0.304282,1.966847,0.5153,2.710309,0.117939,-0.001959,-0.005208,-0.00788,0.001049,0.001272,0.001019,0.064443,-0.014229,0.046381,73.353605,0.284831,0.035375,0.357734,73.145648,73.383397,73.560521,2.749311,6.684604,5.044196,0.000962,0.001469,1.9e-05,3.2e-05,0.429874,5.978624,0.21776,-72.55275,-3.572475,-10.18065,0.259269,0.63286,0.234545,0.702859,0.089602,0.302911,0.999984,0.999966,0.999952,0.999903,0.999766,,,,,,,,,,,,,,,,,,,,,,,,,,,,,,,,,,,,,,,,,,,,,,,,,,,,,,,,13.0,0.333253,0.239647,,,,,16.0,,50.684175,3.925614,0.000135,8.5e-05,-0.000372,0.000126,2.6e-05,2.9e-05,8.902865,-1.718564,1.464877,0.089879,0.926513,0.172873,0.60671,0.100181,0.382294,-4e-06,0.240191,-0.034654,0.112926,5.534788,0.390905,0.233903,0.150453,0.128432,0.100554,0.099512,0.091878,0.090882,0.089833,0.087562,0.078823,0.075699,3.555348,-3.554998,0.0,0.0,0.0,1.0,0.0,0.0,0.0,1.0,0.0,0.0,0.0,1.0,0.0,0.0,0.0,1.0,0.0,0.0,0.0,1.0,0.0,0.0,0.0,1.0,0.0,0.0,-11.512925,1004.360596,8.0,,,0.48,,,1.0,0.0,0.0,0.0,0.0,0.0,0.0,1.0,1,0,0,0,,1,,,0,0,1.0,0.0,0,0,0,0,1,0,0.0,0,0,0,0,0,0,,0,0,0,0,,,,0,0,0,0,0,0,0,,0,0,,0,0,0.0,,1.0,0,0,2
1464165471,1.00691,0.007189,0.003303,0.009608,1.002157,1.006735,1.011656,2.49909,6.684586,5.043203,0.000555,0.00222,0.002111,0.022911,0.430007,0.418446,0.081917,0.149042,-0.123265,0.988138,0.004606,0.004597,0.007262,0.044569,0.046291,0.039026,0.00906,0.00331,0.009577,0.01671,0.00832,0.009039,0.009587,0.498313,6.655639,5.052517,0.164705,0.636013,0.426425,2.016342,0.525041,0.995528,0.041223,-0.001619,-0.004999,-0.006892,0.001175,0.001426,0.00381,0.444181,0.571708,0.670429,,,,,,,,,,,,,,,,,,,,,,,,,,,,,,,,,,,,,,,,,,,,,,,,,,,,,,,,,,,,,,,,,,,,,,,,,,,,,,,,,,,,,,,1.0,,,,,,,20.952,,0.0,-6.907755,0.0,0.0,0.0,0.0,0.0,0.0,9.812104,-1.584189,1.60511,0.218179,1.025209,0.232664,0.612589,0.074847,0.335905,-0.058071,0.192266,-0.075808,0.092275,5.207371,0.236231,0.145236,0.124654,0.12628,0.118008,0.124528,0.101994,0.080789,0.073007,0.071473,0.063893,0.068035,3.332205,-3.331925,0.0,0.0,0.0,1.0,0.0,0.0,0.0,1.0,0.0,0.0,0.0,1.0,0.0,0.0,0.0,1.0,0.0,0.0,0.0,1.0,0.0,0.0,0.0,1.0,0.0,0.0,-11.512925,1004.318848,8.0,,,0.48,,,1.0,0.0,0.0,0.0,0.0,0.0,0.0,1.0,1,0,0,0,,1,,,0,0,1.0,0.0,0,0,0,0,1,0,0.0,0,0,0,0,0,0,,0,0,0,0,,,,0,0,0,0,0,0,0,,0,0,,0,0,0.0,,1.0,0,0,2
1464166777,1.01042,0.051615,0.094326,0.170684,1.003815,1.010183,1.016165,0.395402,6.68339,5.040977,0.002756,0.01728,0.029751,0.242497,0.433662,0.398076,0.213964,0.07147,-0.111547,0.978496,0.176199,0.121502,0.05291,-0.847279,0.294348,-0.330782,0.145337,0.432153,0.674463,0.898286,0.009879,0.010864,0.01339,0.571532,4.820686,6.254575,3.989899,4.349564,3.401084,4.843493,3.388193,0.0,0.0,-0.018448,-0.027017,-0.023386,0.17458,0.28581,0.306752,-0.159312,-0.078138,0.408316,68.446211,5.483712,-7.636159,10.146812,69.840981,70.370616,70.912894,1.07645,6.667271,5.093034,0.068092,0.010394,0.001916,0.002007,0.446189,0.0,0.0,-67.242738,-5.133232,-9.068137,5.772441,3.884565,6.031331,-0.631793,0.820878,-0.487791,0.998395,0.99445,0.990918,0.984316,0.963093,,,,,,,,,,,,,,,,,,,,,,,,,,,,,,,,,,,,,,,,,,,,,,,,,,,,,,,,8.0,0.380831,0.321794,,,,,20.989,,56.480731,4.0339,0.000497,0.000493,0.001632,0.001544,0.000139,9e-05,-10.294709,-0.749565,1.937766,0.302413,1.043903,0.130177,0.536452,-0.038149,0.279948,-0.101079,0.161993,-0.110613,0.060561,6.656242,1.013435,0.495471,0.370805,0.171157,0.238253,0.150156,0.175468,0.107713,0.108448,0.090248,0.094271,0.092864,9.645882,-9.502145,0.0,0.0,0.0,1.0,0.0,0.0,0.0,1.0,0.0,0.0,0.0,1.0,0.0,0.0,0.0,1.0,0.0,0.0,0.0,1.0,0.0,0.0,1.0,0.0,0.0,0.0,-11.512925,1003.885742,8.0,,,0.48,,,1.0,0.0,0.0,0.0,0.0,0.0,0.0,1.0,1,0,0,0,,1,,,0,0,1.0,0.0,0,0,0,0,1,0,0.0,0,0,0,0,0,0,,0,0,0,0,,,,0,0,0,0,0,0,0,,0,0,,0,0,0.0,,1.0,0,0,2
1464166971,1.006927,0.007151,-0.004208,0.009652,1.00263,1.006993,1.011805,2.497039,6.684586,5.043218,0.000757,0.002169,0.002991,0.023908,0.430042,2.311751,0.091483,0.148567,-0.155729,0.983633,0.004544,0.004657,0.007324,0.055499,-0.039101,0.060246,0.009435,0.001018,0.000372,0.001436,0.008703,0.009408,0.01005,2.175669,6.673742,5.049518,0.123104,0.298255,0.341958,1.80875,0.500823,0.318614,0.159417,-0.002193,-0.005345,-0.00733,0.000916,0.001052,0.001,0.120166,0.092785,0.080879,,,,,,,,,,,,,,,,,,,,,,,,,,,,,,,,,,,,,,,,,,,,,,,,,,,,,,,,,,,,,,,,,,,,,,,,,,,,,,,,,,,,,,,3.0,0.0,0.0,,,,,20.964001,,0.0,-6.907755,0.0,0.0,0.0,0.0,0.0,0.0,1.841952,-1.675507,1.512771,0.119716,0.944804,0.189534,0.609405,0.092757,0.360376,-0.030392,0.212566,-0.056548,0.10535,4.665533,0.590613,0.380283,0.205479,0.131478,0.111583,0.110204,0.104326,0.109263,0.121259,0.120919,0.101886,0.07046,5.56452,-5.561914,0.0,0.0,0.0,1.0,0.0,0.0,0.0,1.0,0.0,0.0,0.0,1.0,0.0,0.0,0.0,1.0,0.0,0.0,0.0,1.0,0.0,0.0,0.0,1.0,0.0,0.0,-11.512925,1003.873291,8.0,,,0.47,,,1.0,0.0,0.0,0.0,0.0,0.0,0.0,1.0,1,0,0,0,,1,,,0,0,1.0,0.0,0,0,0,0,1,0,0.0,0,0,0,0,0,0,,0,0,0,0,,,,0,0,0,0,0,0,0,,0,0,,0,0,0.0,,1.0,0,0,2
1464167271,1.007365,0.007003,-0.001808,0.009042,1.002629,1.007301,1.012397,2.616248,6.684588,5.043989,0.001171,0.0026,0.002714,0.022134,0.430228,6.032643,0.096239,0.148582,-0.155657,0.984091,0.004675,0.00444,0.007127,0.050197,-0.020895,0.015412,0.009595,0.001061,0.000215,0.001401,0.008849,0.009587,0.010273,2.567702,6.673446,5.033202,0.103405,0.33639,0.438632,1.91132,0.505376,3.486958,0.091249,-0.00224,-0.005372,-0.007493,0.000947,0.001089,0.001038,0.024169,0.081485,0.014932,,,,,,,,,,,,,,,,,,,,,,,,,,,,,,,,,,,,,,,,,,,,,,,,,,,,,,,,,,,,,,,,,,,,,,,,,,,,,,,,,,,,,,,12.0,0.098396,0.152206,,,,,14.0,,16.493738,2.802981,3.6e-05,5.1e-05,0.000102,6.6e-05,1.1e-05,2.3e-05,9.400823,-1.571642,1.526593,0.043738,0.801591,0.044464,0.523243,0.0774,0.397133,0.011352,0.213229,-0.103743,0.036438,5.008641,0.514172,0.296152,0.216824,0.275856,0.249946,0.149522,0.107882,0.143719,0.121896,0.097162,0.113469,0.118801,3.496508,-3.496178,0.0,0.0,0.0,1.0,0.0,0.0,0.0,1.0,0.0,0.0,0.0,1.0,0.0,0.0,0.0,1.0,0.0,0.0,0.0,1.0,0.0,0.0,0.0,1.0,0.0,0.0,-11.512925,1003.815186,8.0,,,0.47,,,1.0,0.0,0.0,0.0,0.0,0.0,0.0,1.0,1,0,0,0,,1,,,0,0,1.0,0.0,0,0,0,0,1,0,0.0,0,0,0,0,0,0,,0,0,0,0,,,,0,0,0,0,0,0,0,,0,0,,0,0,0.0,,1.0,0,0,2
1464167571,1.007475,0.007034,0.002099,0.009188,1.002747,1.007275,1.012281,2.536363,6.684587,5.044279,0.000433,0.002749,0.001499,0.022843,0.430289,0.378103,0.094056,0.147989,-0.156503,0.984158,0.004577,0.004599,0.007148,-0.021887,-0.040734,-0.013675,0.009727,0.001058,-0.000506,0.001383,0.009102,0.009705,0.010546,2.498359,6.673625,5.051442,0.105662,0.546915,0.537305,1.715259,0.501711,1.850703,0.133099,-0.002291,-0.005558,-0.007502,0.001,0.001152,0.000995,-0.056991,0.03849,0.050492,,,,,,,,,,,,,,,,,,,,,,,,,,,,,,,,,,,,,,,,,,,,,,,,,,,,,,,,,,,,,,,,,,,,,,,,,,,,,,,,,,,,,,,10.0,0.10418,0.094037,,,0.17,0.17,8.0,,13.504338,2.603011,4e-05,3.9e-05,0.00011,-1.3e-05,8e-06,1.7e-05,6.537483,1.040004,2.690995,0.111239,0.539285,-0.081518,0.502034,-0.04962,0.108982,-0.332545,-0.014865,-0.099368,0.257485,5.369162,0.221999,0.322946,0.151723,0.103104,0.092594,0.095514,0.079903,0.079225,0.086921,0.077415,0.072982,0.075279,5.225747,-5.223888,0.0,0.0,0.0,1.0,0.0,0.0,0.0,1.0,0.0,0.0,0.0,1.0,0.0,0.0,0.0,1.0,0.0,0.0,0.0,1.0,0.0,0.0,0.0,1.0,0.0,0.0,-11.512925,1003.796875,8.0,,,0.47,,,1.0,0.0,0.0,0.0,0.0,0.0,0.0,1.0,1,0,0,0,,1,,,0,0,1.0,0.0,0,0,0,0,1,0,0.0,0,0,0,0,0,0,,0,0,0,0,,,,0,0,0,0,0,0,0,,0,0,,0,0,0.0,,1.0,0,0,2
1464167871,1.007117,0.006779,-0.002826,0.009044,1.002601,1.007292,1.011636,2.376178,6.684589,5.04403,0.000209,0.001937,0.001812,0.02282,0.430213,0.7184,0.09616,0.14876,-0.156008,0.983754,0.004541,0.004887,0.006836,-0.006448,-0.030092,-0.060592,0.009852,0.002321,0.006302,0.010998,0.009164,0.009705,0.010546,0.706661,6.665735,5.050922,0.156778,0.377327,0.472009,1.816087,0.505595,0.378528,0.042323,-0.002262,-0.00559,-0.007456,0.001746,0.001948,0.001912,0.683068,0.72035,0.73847,,,,,,,,,,,,,,,,,,,,,,,,,,,,,,,,,,,,,,,,,,,,,,,,,,,,,,,,,,,,,,,,,,,,,,,,,,,,,,,,,,,,,,,13.0,0.177728,0.458374,,,0.26,1.58,10.0,,55.226406,4.011441,5.7e-05,0.00017,-9.1e-05,-0.000132,7.2e-05,0.000331,11.268161,-1.953329,1.306513,-0.017814,0.861282,0.143131,0.594557,0.108479,0.401253,0.025779,0.267605,-0.009199,0.130755,5.089573,0.212848,0.125193,0.100963,0.101306,0.099409,0.108672,0.090782,0.081328,0.07699,0.072486,0.064921,0.064172,2.833214,-2.833043,0.0,0.0,0.0,1.0,0.0,0.0,0.0,1.0,0.0,0.0,0.0,1.0,0.0,0.0,0.0,1.0,0.0,0.0,0.0,1.0,0.0,0.0,0.0,1.0,0.0,0.0,-11.512925,1003.59082,8.0,,,0.47,,,1.0,0.0,0.0,0.0,0.0,0.0,0.0,1.0,1,0,0,0,,1,,,0,0,1.0,0.0,0,0,0,0,1,0,0.0,0,0,0,0,0,0,,0,0,0,0,,,,0,0,0,0,0,0,0,,0,0,,0,0,0.0,,1.0,0,0,2
1464168171,1.006999,0.007149,0.00271,0.009835,1.002446,1.007052,1.01136,2.309202,6.684587,5.043939,0.000649,0.002132,0.002483,0.02287,0.430206,7.153935,0.080578,0.148364,-0.156058,0.983685,0.004667,0.004618,0.007307,-0.018304,-0.048716,0.037589,0.009598,0.001124,0.001183,0.00216,0.008913,0.009587,0.010273,1.815189,6.675416,5.052881,0.128968,0.504163,0.401286,1.860886,0.510235,1.035418,0.09533,-0.002151,-0.005579,-0.007326,0.00111,0.001274,0.001055,0.288896,0.241533,0.24147,,,,,,,,,,,,,,,,,,,,,,,,,,,,,,,,,,,,,,,,,,,,,,,,,,,,,,,,,,,,,,,,,,,,,,,,,,,,,,,,,,,,,,,10.0,0.111452,0.102827,,,,,10.0,,16.238203,2.787367,4.3e-05,4e-05,-9.4e-05,-9.8e-05,9e-06,8e-06,8.643638,-1.773586,1.44915,0.095868,0.935427,0.17671,0.594556,0.076838,0.345515,-0.047589,0.187739,-0.081027,0.070909,5.11185,0.287782,0.19247,0.153431,0.127931,0.1121,0.109128,0.090536,0.082404,0.086172,0.087015,0.080024,0.073663,3.610918,-3.610548,0.0,0.0,0.0,1.0,0.0,0.0,0.0,1.0,0.0,0.0,0.0,1.0,0.0,0.0,0.0,1.0,0.0,0.0,0.0,1.0,0.0,0.0,0.0,1.0,0.0,0.0,-11.512925,1003.605469,8.0,,,0.47,,,1.0,0.0,0.0,0.0,0.0,0.0,0.0,1.0,1,0,0,0,,1,,,0,0,1.0,0.0,0,0,0,0,1,0,0.0,0,0,0,0,0,0,,0,0,0,0,,,,0,0,0,0,0,0,0,,0,0,,0,0,0.0,,1.0,0,0,2
1464168471,1.008191,0.006829,0.002275,0.008856,1.003811,1.008096,1.012566,2.62259,6.684589,5.043844,0.000929,0.00157,0.001937,0.019925,0.43012,2.670046,0.081647,0.148098,-0.156241,0.984916,0.004668,0.004828,0.006927,0.017642,-0.050375,-0.029788,0.009499,0.002117,0.005552,0.009695,0.008654,0.009408,0.010106,0.744682,6.664925,5.062499,0.247741,0.497029,0.39225,1.783693,0.508484,3.664095,0.049763,-0.002164,-0.005354,-0.007219,0.001532,0.001521,0.002144,0.582113,0.703427,0.623786,,,,,,,,,,,,,,,,,,,,,,,,,,,,,,,,,,,,,,,,,,,,,,,,,,,,,,,,,,,,,,,,,,,,,,,,,,,,,,,,,,,,,,,5.0,0.351431,0.783262,,,0.21,0.79,12.221,,112.695548,4.72469,0.000134,0.00046,0.000246,0.000302,0.000119,0.000314,9.41663,-1.912556,1.32304,-0.01129,0.859706,0.13891,0.587549,0.095476,0.389881,0.019801,0.257654,-0.020183,0.123849,4.997108,0.30901,0.160961,0.103679,0.100402,0.099584,0.111243,0.097093,0.086369,0.07539,0.071464,0.077971,0.078532,3.367296,-3.367006,0.0,0.0,0.0,1.0,0.0,0.0,0.0,1.0,0.0,0.0,0.0,1.0,0.0,0.0,0.0,1.0,0.0,0.0,0.0,1.0,0.0,0.0,0.0,1.0,0.0,0.0,-11.512925,1003.665527,8.0,,,0.47,,,1.0,0.0,0.0,0.0,0.0,0.0,0.0,1.0,1,0,0,0,,1,,,0,0,1.0,0.0,0,0,0,0,1,0,0.0,0,0,0,0,0,0,,0,0,0,0,,,,0,0,0,0,0,0,0,,0,0,,0,0,0.0,,1.0,0,0,2
1464168770,1.007619,0.007307,0.001862,0.009669,1.002975,1.007679,1.012166,2.534762,6.684585,5.044071,0.000664,0.003032,0.003018,0.02352,0.430277,2.351797,0.076791,0.148129,-0.156046,0.984358,0.004613,0.004615,0.00736,-0.056788,0.029108,-0.038429,0.009792,0.002782,0.007799,0.013605,0.009102,0.009587,0.010328,0.479279,6.662876,5.032438,0.165475,0.48693,0.413074,1.890806,0.50625,7.506207,0.040037,-0.00209,-0.005362,-0.007517,0.002329,0.002492,0.001535,0.808619,0.71094,0.681615,,,,,,,,,,,,,,,,,,,,,,,,,,,,,,,,,,,,,,,,,,,,,,,,,,,,,,,,,,,,,,,,,,,,,,,,,,,,,,,,,,,,,,,10.0,0.168899,0.61172,,,0.17,2.73,14.929,,81.055955,4.39514,5.3e-05,0.000256,1.3e-05,0.000228,7.8e-05,0.00022,8.167075,-1.917833,1.322328,-0.005576,0.869946,0.147729,0.599387,0.112328,0.398576,0.022995,0.257939,-0.01688,0.134375,5.47734,0.244339,0.121925,0.096129,0.098658,0.103599,0.108212,0.088095,0.076685,0.078128,0.076949,0.065711,0.05962,3.637586,-3.637206,0.0,0.0,0.0,1.0,0.0,0.0,0.0,1.0,0.0,0.0,0.0,1.0,0.0,0.0,0.0,1.0,0.0,0.0,0.0,1.0,0.0,0.0,0.0,1.0,0.0,0.0,-11.512925,1003.68042,8.0,,,0.46,,,1.0,0.0,0.0,0.0,0.0,0.0,0.0,1.0,1,0,0,0,,1,,,0,0,1.0,0.0,0,0,0,0,1,0,0.0,0,0,0,0,0,0,,0,0,0,0,,,,0,0,0,0,0,0,0,,0,0,,0,0,0.0,,1.0,0,0,2
1464169071,1.006712,0.007092,-0.00297,0.009186,1.001812,1.007154,1.011497,2.519133,6.684587,5.043579,0.00038,0.002208,0.002124,0.022964,0.430107,1.337077,0.097306,0.148626,-0.156223,0.983326,0.00463,0.004478,0.007177,-0.00316,0.012756,-0.008398,0.009567,0.003383,0.009815,0.01713,0.008654,0.009408,0.01005,0.169962,6.655912,5.032663,0.136254,0.553617,0.438653,1.922017,0.510942,4.90127,0.03345,-0.002033,-0.005095,-0.007426,0.002614,0.002709,0.001888,0.858573,0.802053,0.757269,,,,,,,,,,,,,,,,,,,,,,,,,,,,,,,,,,,,,,,,,,,,,,,,,,,,,,,,,,,,,,,,,,,,,,,,,,,,,,,,,,,,,,,13.0,0.201634,0.368663,,,1.09,2.43,10.0,,42.785311,3.756195,6.9e-05,0.000136,0.000223,-0.000169,7.1e-05,0.000123,8.634612,-1.965271,1.278938,-0.047068,0.833063,0.122167,0.580278,0.094537,0.396807,0.029909,0.265137,-0.017519,0.12606,5.259761,0.284226,0.163589,0.125124,0.107818,0.103306,0.108087,0.091529,0.085021,0.076259,0.07186,0.068458,0.063134,3.526361,-3.526021,0.0,0.0,0.0,1.0,0.0,0.0,0.0,1.0,0.0,0.0,0.0,1.0,0.0,0.0,0.0,1.0,0.0,0.0,0.0,1.0,0.0,0.0,0.0,1.0,0.0,0.0,-11.512925,1003.678467,8.0,,,0.46,,,1.0,0.0,0.0,0.0,0.0,0.0,0.0,1.0,1,0,0,0,,1,,,0,0,1.0,0.0,0,0,0,0,1,0,0.0,0,0,0,0,0,0,,0,0,0,0,,,,0,0,0,0,0,0,0,,0,0,,0,0,0.0,,1.0,0,0,2
1464169370,1.007285,0.007322,0.003384,0.009555,1.002125,1.007211,1.012129,2.510402,6.684585,5.044282,0.000713,0.004254,0.00237,0.025987,0.430378,3.627105,0.097671,0.148334,-0.156057,0.983984,0.00442,0.004542,0.007405,-0.009395,0.01863,-0.01626,0.009358,0.001022,-0.000268,0.001332,0.008588,0.009348,0.01005,2.549864,6.673601,5.021159,0.127056,0.448568,0.319861,1.856242,0.498525,3.067645,0.073403,-0.002057,-0.005401,-0.007216,0.000969,0.001088,0.001006,-0.065067,0.015447,0.004774,,,,,,,,,,,,,,,,,,,,,,,,,,,,,,,,,,,,,,,,,,,,,,,,,,,,,,,,,,,,,,,,,,,,,,,,,,,,,,,,,,,,,,,13.0,0.205224,0.343944,,,,,14.985,,43.776754,3.779103,8.1e-05,0.000147,0.000178,-0.000312,3.6e-05,5.1e-05,7.667239,-1.712062,1.451378,0.051656,0.879965,0.140462,0.585643,0.087574,0.378263,0.014995,0.278438,0.017578,0.169613,5.586297,0.40734,0.209629,0.131517,0.15251,0.149151,0.131456,0.113354,0.100461,0.085394,0.077932,0.08496,0.083408,3.828642,-3.828182,0.0,0.0,0.0,1.0,0.0,0.0,0.0,1.0,0.0,0.0,0.0,1.0,0.0,0.0,0.0,1.0,0.0,0.0,0.0,1.0,0.0,0.0,0.0,1.0,0.0,0.0,-11.512925,1003.970215,8.0,,,0.46,,,1.0,0.0,0.0,0.0,0.0,0.0,0.0,1.0,1,0,0,0,,1,,,0,0,1.0,0.0,0,0,0,0,1,0,0.0,0,0,0,0,0,0,,0,0,0,0,,,,0,0,0,0,0,0,0,,0,0,,0,0,0.0,,1.0,0,0,2
1464169671,1.007496,0.00725,-0.003147,0.009531,1.002642,1.007395,1.012247,2.546839,6.684586,5.043552,0.000687,0.004086,0.002259,0.02178,0.430122,6.197382,0.10387,0.148177,-0.155848,0.984256,0.004617,0.004505,0.007358,-0.093229,0.01053,0.023565,0.009673,0.001067,0.000179,0.0014,0.008913,0.009705,0.010328,2.58998,6.674736,5.029322,0.055449,0.26944,0.505852,1.896124,0.503334,0.855921,0.152994,-0.002048,-0.005572,-0.007447,0.001037,0.001169,0.001245,0.077903,0.270674,0.176696,,,,,,,,,,,,,,,,,,,,,,,,,,,,,,,,,,,,,,,,,,,,,,,,,,,,,,,,,,,,,,,,,,,,,,,,,,,,,,,,,,,,,,,12.0,0.645531,0.682794,,,0.51,2.86,14.99,,128.799675,4.858258,0.000307,0.000338,0.00056,-0.000891,0.000202,0.000157,1.331991,-1.128031,1.863726,0.209092,0.920166,0.035207,0.458536,-0.064249,0.274924,-0.088894,0.204802,-0.050326,0.128488,4.960858,0.772182,0.48197,0.251107,0.180126,0.230184,0.187328,0.182945,0.136743,0.117156,0.086017,0.08371,0.076594,5.891644,-5.888031,0.0,0.0,0.0,1.0,0.0,0.0,0.0,1.0,0.0,0.0,0.0,1.0,0.0,0.0,0.0,1.0,0.0,0.0,0.0,1.0,0.0,0.0,0.0,1.0,0.0,0.0,-11.512925,1003.839111,8.0,,,0.46,,,1.0,0.0,0.0,0.0,0.0,0.0,0.0,1.0,1,0,0,0,,1,,,0,0,1.0,0.0,0,0,0,0,1,0,0.0,0,0,0,0,0,0,,0,0,0,0,,,,0,0,0,0,0,0,0,,0,0,,0,0,0.0,,1.0,0,0,2
1464169971,1.006848,0.007211,-0.003168,0.009516,1.002157,1.007311,1.011365,2.492424,6.684586,5.043505,0.000662,0.002291,0.003223,0.023821,0.43012,6.994283,0.091015,0.14827,-0.156018,0.983552,0.004629,0.004735,0.007261,0.016463,0.026087,-0.044645,0.009841,0.001054,0.000395,0.001385,0.009164,0.009879,0.010599,2.541725,6.673841,5.042376,0.178948,0.332513,0.431685,1.790488,0.50107,0.617682,0.122867,-0.002145,-0.005961,-0.007389,0.000975,0.001128,0.001002,-0.008494,-0.039845,0.021926,,,,,,,,,,,,,,,,,,,,,,,,,,,,,,,,,,,,,,,,,,,,,,,,,,,,,,,,,,,,,,,,,,,,,,,,,,,,,,,,,,,,,,,13.0,0.281035,0.288856,,,0.28,0.97,15.0,,46.454128,3.838465,0.000103,0.000112,0.000256,-0.000298,0.000105,8e-05,6.873045,-1.917022,1.324772,0.003097,0.884855,0.168576,0.619993,0.132575,0.430007,0.06264,0.302247,0.020519,0.165534,4.842527,0.260254,0.127482,0.10337,0.103913,0.107103,0.115016,0.096138,0.08206,0.067927,0.06666,0.061681,0.057806,4.077538,-4.076948,0.0,0.0,0.0,1.0,0.0,0.0,0.0,1.0,0.0,0.0,0.0,1.0,0.0,0.0,0.0,1.0,0.0,0.0,0.0,1.0,0.0,0.0,0.0,1.0,0.0,0.0,-11.512925,1003.594482,8.0,,,0.45,,,1.0,0.0,0.0,0.0,0.0,0.0,0.0,1.0,1,0,0,0,,1,,,0,0,1.0,0.0,0,0,0,0,1,0,0.0,0,0,0,0,0,0,,0,0,0,0,,,,0,0,0,0,0,0,0,,0,0,,0,0,0.0,,1.0,0,0,2
1464170271,1.00626,0.0071,-0.002671,0.009402,1.00182,1.006253,1.010852,2.588532,6.684587,5.043356,0.000874,0.00206,0.002184,0.022415,0.430042,1.594054,0.094949,0.148951,-0.155666,0.982902,0.004492,0.004717,0.007225,-0.023196,-0.022308,0.017593,0.009478,0.000996,0.000484,0.001322,0.008703,0.009408,0.01005,2.510643,6.674071,5.051693,0.117943,0.497448,0.536987,1.721794,0.50305,0.597737,0.089857,-0.00194,-0.005543,-0.0073,0.000954,0.001079,0.000986,-0.098427,0.066873,-0.033748,,,,,,,,,,,,,,,,,,,,,,,,,,,,,,,,,,,,,,,,,,,,,,,,,,,,,,,,,,,,,,,,,,,,,,,,,,,,,,,,,,,,,,,11.0,0.172944,0.288482,,,0.2,2.46,14.973,,37.629879,3.627798,6.7e-05,0.000137,0.000151,-2.4e-05,6.9e-05,0.000129,7.979625,-1.750843,1.417499,0.015635,0.856441,0.143168,0.601283,0.108072,0.38529,0.003916,0.261779,0.007513,0.168001,5.123762,0.477284,0.220438,0.151531,0.183936,0.135866,0.122426,0.114062,0.107848,0.115696,0.089562,0.069147,0.0833,3.806663,-3.806213,0.0,0.0,0.0,1.0,0.0,0.0,0.0,1.0,0.0,0.0,0.0,1.0,0.0,0.0,0.0,1.0,0.0,0.0,0.0,1.0,0.0,0.0,0.0,1.0,0.0,0.0,-11.512925,1003.739746,8.0,,,0.45,,,1.0,0.0,0.0,0.0,0.0,0.0,0.0,1.0,1,0,0,0,,1,,,0,0,1.0,0.0,0,0,0,0,1,0,0.0,0,0,0,0,0,0,,0,0,0,0,,,,0,0,0,0,0,0,0,,0,0,,0,0,0.0,,1.0,0,0,2
1464173777,1.009392,0.007113,0.001278,0.00952,1.005016,1.009235,1.014071,2.548399,6.684587,5.044596,0.001062,0.001288,0.003587,0.021858,0.430373,1.952791,0.104011,0.147416,-0.15739,0.986066,0.00467,0.004557,0.007244,0.012442,-0.011863,0.030886,0.010089,0.001139,0.000624,0.001506,0.009287,0.01005,0.010864,2.554347,6.674475,5.068316,0.102538,0.371502,0.469858,1.805468,0.508908,2.530765,0.104294,-0.002332,-0.00544,-0.00803,0.000997,0.001243,0.001014,0.04696,0.096772,0.072554,70.481274,3.146647,-6.966631,10.591486,70.504719,70.769308,71.070297,0.096398,6.678376,5.047881,0.005521,0.010226,0.002435,0.002438,0.431152,6.137643,0.014146,-69.304146,-4.815377,-11.869899,3.085108,0.705718,0.59034,0.48584,0.900604,0.371484,0.99997,0.999935,0.99991,0.999884,0.999892,,,,,,,,,,,,,,,,,,,,,,,,,,,,,,,,,,,,,,,,,,,,,,,,,,,,,,,,9.0,0.179902,0.539296,,,,,23.0,,70.260392,4.252208,0.000475,0.001356,0.001602,0.004269,4.8e-05,0.000135,5.672866,-1.80531,1.384333,0.029758,0.884405,0.156178,0.596686,0.099454,0.391391,0.01512,0.25704,-0.021294,0.132338,5.553958,0.395038,0.206974,0.140384,0.125915,0.104511,0.109156,0.100886,0.087247,0.076002,0.070993,0.064773,0.061329,4.430817,-4.429977,0.0,0.0,0.0,1.0,0.0,0.0,0.0,1.0,0.0,0.0,0.0,1.0,0.0,0.0,0.0,1.0,0.0,0.0,0.0,1.0,0.0,0.0,1.0,0.0,0.0,0.0,-11.512925,1003.574463,8.0,,,0.44,,,1.0,1.0,0.0,0.0,0.0,0.0,0.0,1.0,1,0,0,0,,1,,,0,0,1.0,0.0,0,0,0,0,1,0,0.0,0,0,0,0,0,0,,0,0,0,0,,,,0,0,0,0,0,0,0,,0,0,,0,0,0.0,,1.0,0,0,2
1464173870,1.00787,0.00719,-0.003377,0.009453,1.003124,1.007878,1.012568,2.635949,6.684586,5.042922,0.000964,0.001509,0.002753,0.020867,0.42991,0.537944,0.086923,0.147681,-0.156972,0.984536,0.004487,0.004546,0.007298,0.016829,-0.02286,-0.017105,0.009498,0.001029,0.000456,0.00134,0.008654,0.009408,0.010106,2.649913,6.671204,5.034945,0.077602,0.479108,0.484741,1.809442,0.50138,1.49456,0.103312,-0.001992,-0.005603,-0.007256,0.000984,0.001151,0.000983,-0.048306,0.02888,-0.01148,,,,,,,,,,,,,,,,,,,,,,,,,,,,,,,,,,,,,,,,,,,,,,,,,,,,,,,,,,,,,,,,,,,,,,,,,,,,,,,,,,,,,,,14.0,0.232539,0.464174,,,,,9.0,,57.683161,4.054965,9.3e-05,0.000181,0.000258,-0.000116,9.3e-05,0.000402,9.075878,-1.619753,1.5783,0.181994,0.981761,0.19984,0.601285,0.078326,0.345986,-0.051083,0.192864,-0.078218,0.082991,4.951324,0.301509,0.24975,0.198823,0.170568,0.133217,0.11324,0.091118,0.091133,0.084428,0.085978,0.085598,0.078842,3.555348,-3.554998,0.0,0.0,0.0,1.0,0.0,0.0,0.0,1.0,0.0,0.0,0.0,1.0,0.0,0.0,0.0,1.0,0.0,0.0,0.0,1.0,0.0,0.0,0.0,1.0,0.0,0.0,-11.512925,1003.745117,8.0,,,0.43,,,1.0,1.0,0.0,0.0,0.0,0.0,0.0,1.0,1,0,0,0,,1,,,0,0,1.0,0.0,0,0,0,0,1,0,0.0,0,0,0,0,0,0,,0,0,0,0,,,,0,0,0,0,0,0,0,,0,0,,0,0,0.0,,1.0,0,0,2
1464180859,1.010251,0.007344,0.002291,0.009967,1.005545,1.010298,1.015324,2.446284,6.684585,5.043736,0.000576,0.002894,0.001659,0.024553,0.430178,0.797004,0.128134,0.147635,-0.157749,0.986854,0.004587,0.004816,0.007473,0.003643,-0.062387,-0.021655,0.010239,0.001116,0.000255,0.001443,0.009408,0.010273,0.011019,2.574277,6.67363,5.039296,0.169085,0.409731,0.445143,1.793454,0.501167,3.447687,0.10105,-0.002414,-0.005682,-0.008015,0.001062,0.00126,0.001008,0.167427,0.039866,-0.007129,70.268951,5.504587,-11.491316,16.947026,70.692505,70.949056,71.105038,0.144066,6.678916,5.055536,0.01342,0.025302,0.003462,0.005541,0.43366,2.929219,0.005632,-69.04776,-5.32761,-11.890513,5.416798,0.679084,0.928554,0.606409,0.956934,0.493966,0.999975,0.999947,0.999923,0.999915,0.9999,,,,,,,,,,,,,,,,,,,,,,,,,,,,,,,,,,,,,,,,,,,,,,,,,,,,,,,,6.0,0.329735,0.32505,,,,,16.0,,46.438795,3.838135,0.000119,0.00013,0.000213,-0.000185,7.6e-05,9.6e-05,5.054538,-0.860511,2.013001,0.424696,1.101127,0.224094,0.561112,0.009136,0.270722,-0.119527,0.126669,-0.136119,0.03763,8.053521,0.357707,0.258987,0.226609,0.196834,0.153898,0.129894,0.090281,0.081278,0.08001,0.070977,0.070167,0.06631,4.543295,-4.542355,0.0,0.0,0.0,1.0,0.0,0.0,0.0,1.0,0.0,0.0,0.0,1.0,0.0,0.0,0.0,1.0,0.0,0.0,0.0,1.0,0.0,0.0,0.0,1.0,0.0,0.0,1e-05,1004.068848,8.0,,,0.4,,,1.0,1.0,0.0,0.0,0.0,0.0,0.0,0.0,1,0,0,0,,1,,,0,0,1.0,0.0,0,0,0,0,1,0,0.0,0,0,0,0,0,0,,0,0,0,0,,,,0,0,0,0,0,0,0,,0,0,,0,0,0.0,,1.0,0,0,2
1464181071,1.00695,0.006787,-0.001149,0.008839,1.002359,1.007101,1.011436,2.55135,6.684589,5.043034,0.000518,0.003312,0.002272,0.021329,0.429955,4.343613,0.094331,0.14761,-0.156003,0.983758,0.004572,0.004443,0.006877,0.046949,0.02336,0.020403,0.009825,0.001095,-0.000769,0.001596,0.009164,0.009879,0.010599,2.272343,6.67574,5.050993,0.134409,0.50223,0.407019,1.774168,0.504029,1.572687,0.09572,-0.002098,-0.00586,-0.007464,0.000959,0.001125,0.001043,-0.055312,0.054217,0.068487,,,,,,,,,,,,,,,,,,,,,,,,,,,,,,,,,,,,,,,,,,,,,,,,,,,,,,,,,,,,,,,,,,,,,,,,,,,,,,,,,,,,,,,14.0,0.356415,0.199834,,,,,8.0,,50.893858,3.929742,0.000101,5e-05,0.000262,-0.000171,2.4e-05,1.3e-05,4.154474,-0.817846,2.189787,0.606967,1.230429,0.296192,0.588527,0.018354,0.269675,-0.122509,0.136489,-0.119046,0.049396,5.234055,0.406698,0.314274,0.216985,0.151724,0.119842,0.109381,0.085384,0.074575,0.072068,0.069863,0.072949,0.073217,5.129899,-5.12821,0.0,0.0,0.0,1.0,0.0,0.0,0.0,1.0,0.0,0.0,0.0,1.0,0.0,0.0,0.0,1.0,0.0,0.0,0.0,1.0,0.0,0.0,0.0,1.0,0.0,0.0,0.693152,1004.125977,8.0,,,0.4,,,1.0,1.0,0.0,0.0,0.0,0.0,0.0,0.0,1,0,0,0,,1,,,0,0,1.0,0.0,0,0,0,0,1,0,0.0,0,0,0,0,0,0,,0,0,0,0,,,,0,0,0,0,0,0,0,,0,0,,0,0,0.0,,1.0,0,0,2
1464181371,1.00714,0.007149,-0.001147,0.009304,1.002326,1.007121,1.01159,2.678623,6.684587,5.042647,0.000441,0.001073,0.001805,0.024454,0.429857,0.179595,0.078272,0.147803,-0.156712,0.983809,0.004596,0.00489,0.007257,-0.017206,0.014562,0.030986,0.009762,0.001175,0.001548,0.002755,0.009102,0.009879,0.010328,1.581541,6.675223,5.034951,0.10676,0.525005,0.425849,1.867851,0.505398,3.447642,0.091201,-0.001982,-0.00581,-0.007385,0.001137,0.001351,0.001159,0.292759,0.296171,0.31106,,,,,,,,,,,,,,,,,,,,,,,,,,,,,,,,,,,,,,,,,,,,,,,,,,,,,,,,,,,,,,,,,,,,,,,,,,,,,,,,,,,,,,,11.0,0.253324,0.165769,,,,,12.0,,35.925391,3.581444,0.000108,6.8e-05,0.000284,-0.000179,1.6e-05,9e-06,4.024198,-1.113871,1.911656,0.369742,1.062788,0.222596,0.612403,0.0899,0.345852,-0.072641,0.148554,-0.142597,0.017789,5.202812,0.527459,0.375314,0.281548,0.236743,0.172091,0.121436,0.114815,0.115548,0.084523,0.074189,0.07872,0.075772,5.075174,-5.073575,0.0,0.0,0.0,1.0,0.0,0.0,0.0,1.0,0.0,0.0,0.0,1.0,0.0,0.0,0.0,1.0,0.0,0.0,0.0,1.0,0.0,0.0,0.0,1.0,0.0,0.0,1.386297,1004.119141,8.0,,,0.39,,,0.0,1.0,1.0,0.0,0.0,0.0,0.0,0.0,1,0,0,0,,1,,,0,0,1.0,0.0,0,0,0,0,1,0,0.0,0,0,0,0,0,0,,0,0,0,0,,,,0,0,0,0,0,0,0,,0,0,,0,0,0.0,,1.0,0,0,2
1464181995,1.002805,0.009696,0.007992,0.015227,0.996782,1.002597,1.008425,2.141785,6.684565,5.043705,0.00064,0.003959,0.006731,0.020877,0.430205,0.597896,0.098261,-0.934702,0.220411,0.264781,0.038667,0.075828,0.078166,0.699418,0.750864,0.15273,0.093801,0.089603,0.126082,0.182089,0.037633,0.062534,0.125769,1.641844,6.329764,5.225065,3.68092,3.950254,3.134301,3.622734,1.805878,4.223841,0.225666,-0.013475,-0.012771,-0.021874,0.054272,0.108178,0.03683,0.485445,0.152716,-0.359268,53.855969,2.528312,-3.470504,5.285403,51.701098,54.625741,55.551252,1.67901,6.66961,5.085695,0.030068,0.004148,0.000926,0.000889,0.443268,0.0,0.0,-38.929734,-13.221597,34.379848,1.293794,4.564035,3.470546,0.525614,-0.215434,0.474907,0.999763,0.999036,0.994832,0.986529,0.9717,,,,,,,,,,,,,,,,,,,,,,,,,,,,,,,,,,,,,,,,,,,,,,,,,,,,,,,,2.0,0.0,0.0,,,,,15.118,,0.0,-6.907755,0.000662,0.002264,0.001405,0.004802,0.000121,0.000412,-2.87708,-0.479598,2.108238,0.491931,1.211372,0.302075,0.613675,0.008264,0.263913,-0.118024,0.141655,-0.114454,0.063268,4.9418,1.086982,0.477408,0.362736,0.210476,0.194396,0.163088,0.169036,0.124674,0.097389,0.119168,0.087079,0.087199,7.408531,-7.392165,0.0,0.0,0.0,1.0,0.0,0.0,0.0,1.0,0.0,0.0,0.0,1.0,0.0,0.0,0.0,1.0,0.0,0.0,0.0,1.0,0.0,0.0,1.0,0.0,0.0,0.0,-11.512925,1004.177002,8.0,,,0.39,,,0.0,1.0,1.0,0.0,0.0,0.0,0.0,0.0,1,0,0,0,,1,,,0,0,1.0,0.0,0,0,0,0,1,0,0.0,0,0,0,0,0,0,,0,0,0,0,,,,0,0,0,0,0,0,0,,0,0,,0,0,0.0,,1.0,0,0,2
