timestamp,UTC time,accuracy,x,y,z
1647870345465,2022-03-21T13:45:45.465,unknown,0.866363525390625,-0.3868560791015625,0.0201263427734375
1647870345564,2022-03-21T13:45:45.564,unknown,0.810089111328125,-0.3535003662109375,-0.0621490478515625
1647870345664,2022-03-21T13:45:45.664,unknown,0.825286865234375,-0.398773193359375,-0.093536376953125
1647870345763,2022-03-21T13:45:45.763,unknown,0.9178619384765625,-0.4013671875,-0.1168975830078125
1647870345863,2022-03-21T13:45:45.863,unknown,0.885528564453125,-0.4446563720703125,-0.2597198486328125
1647870345963,2022-03-21T13:45:45.963,unknown,0.815032958984375,-0.3856048583984375,-0.2074432373046875
1647870346062,2022-03-21T13:45:46.062,unknown,0.7769317626953125,-0.11724853515625,-0.144256591796875
1647870346162,2022-03-21T13:45:46.162,unknown,1.189483642578125,-0.0729522705078125,-0.33746337890625
1647870346261,2022-03-21T13:45:46.261,unknown,0.8704986572265625,-0.470306396484375,-0.1564178466796875
1647870346361,2022-03-21T13:45:46.361,unknown,0.8507080078125,-0.3267669677734375,-0.0913543701171875
1647870346460,2022-03-21T13:45:46.460,unknown,0.9196014404296875,-0.2031402587890625,-0.0794525146484375
1647870346560,2022-03-21T13:45:46.560,unknown,1.006744384765625,-0.1110076904296875,-0.0287322998046875
1647870346660,2022-03-21T13:45:46.660,unknown,0.9997100830078125,-0.0834808349609375,-0.1182403564453125
1647870346759,2022-03-21T13:45:46.759,unknown,1.06280517578125,0.0074005126953125,-0.1348724365234375
1647870346859,2022-03-21T13:45:46.859,unknown,1.0691986083984375,0.14483642578125,-0.2046356201171875
1647870346958,2022-03-21T13:45:46.958,unknown,0.9666595458984375,0.3084716796875,-0.13330078125
1647870347058,2022-03-21T13:45:47.058,unknown,1.0582733154296875,0.30328369140625,-0.14642333984375
1647870347158,2022-03-21T13:45:47.158,unknown,0.980316162109375,0.4041900634765625,-0.113739013671875
1647870347257,2022-03-21T13:45:47.257,unknown,0.837310791015625,0.5130157470703125,-0.415740966796875
1647870347357,2022-03-21T13:45:47.357,unknown,0.7042999267578125,0.5009307861328125,-0.49578857421875
1647870347456,2022-03-21T13:45:47.456,unknown,0.8854522705078125,0.47882080078125,-0.281402587890625
1647870347556,2022-03-21T13:45:47.556,unknown,0.8501434326171875,0.454437255859375,-0.1948394775390625
1647870347656,2022-03-21T13:45:47.656,unknown,0.87017822265625,0.51153564453125,-0.1055450439453125
1647870347755,2022-03-21T13:45:47.755,unknown,0.8531646728515625,0.556243896484375,-0.2223968505859375
1647870347855,2022-03-21T13:45:47.855,unknown,0.839935302734375,0.476837158203125,-0.4155731201171875
1647870347954,2022-03-21T13:45:47.954,unknown,0.8269195556640625,0.43505859375,-0.2461700439453125
1647870348054,2022-03-21T13:45:48.054,unknown,0.8373870849609375,0.3210601806640625,-0.2599029541015625
1647870348153,2022-03-21T13:45:48.153,unknown,0.96484375,0.2942352294921875,-0.2122650146484375
1647870348253,2022-03-21T13:45:48.253,unknown,0.86285400390625,0.2513885498046875,-0.305572509765625
1647870348353,2022-03-21T13:45:48.353,unknown,0.92242431640625,0.339080810546875,-0.2999420166015625
1647870348452,2022-03-21T13:45:48.452,unknown,0.9051361083984375,0.365264892578125,-0.286651611328125
1647870348552,2022-03-21T13:45:48.552,unknown,0.9039764404296875,0.2582244873046875,-0.28668212890625
1647870348651,2022-03-21T13:45:48.651,unknown,0.9097900390625,0.32672119140625,-0.206146240234375
1647870348751,2022-03-21T13:45:48.751,unknown,0.985260009765625,0.270263671875,-0.26483154296875
1647870348851,2022-03-21T13:45:48.851,unknown,0.954071044921875,0.210052490234375,-0.3309783935546875
1647870348950,2022-03-21T13:45:48.950,unknown,0.9437713623046875,0.190704345703125,-0.163848876953125
1647870349050,2022-03-21T13:45:49.050,unknown,1.008331298828125,0.120635986328125,-0.1629486083984375
1647870349149,2022-03-21T13:45:49.149,unknown,0.9666748046875,0.181121826171875,-0.2044830322265625
1647870349249,2022-03-21T13:45:49.249,unknown,0.835693359375,0.2148895263671875,-0.3146209716796875
1647870349348,2022-03-21T13:45:49.348,unknown,0.8163299560546875,0.308013916015625,-0.3215484619140625
1647870349448,2022-03-21T13:45:49.448,unknown,0.6488494873046875,0.3340301513671875,-0.4392547607421875
1647870349548,2022-03-21T13:45:49.548,unknown,0.8587493896484375,0.7384796142578125,-0.458740234375
1647870349647,2022-03-21T13:45:49.647,unknown,1.1004486083984375,0.37469482421875,-0.450164794921875
1647870349747,2022-03-21T13:45:49.747,unknown,0.7593841552734375,0.6400604248046875,-0.2936553955078125
1647870349846,2022-03-21T13:45:49.846,unknown,0.7200927734375,0.6663360595703125,0.0433349609375
1647870349946,2022-03-21T13:45:49.946,unknown,0.6652679443359375,0.6595916748046875,-0.170166015625
1647870350046,2022-03-21T13:45:50.046,unknown,0.7943267822265625,0.594512939453125,-0.293731689453125
1647870350145,2022-03-21T13:45:50.145,unknown,1.1253204345703125,0.5631103515625,-0.34796142578125
1647870350245,2022-03-21T13:45:50.245,unknown,0.795166015625,0.5012664794921875,-0.0341644287109375
1647870350344,2022-03-21T13:45:50.344,unknown,0.965667724609375,0.547576904296875,-0.0498046875
1647870350444,2022-03-21T13:45:50.444,unknown,0.824371337890625,0.3414306640625,0.031951904296875
1647870350544,2022-03-21T13:45:50.544,unknown,0.787872314453125,0.2216339111328125,0.15838623046875
1647870350643,2022-03-21T13:45:50.643,unknown,0.958740234375,0.26312255859375,-0.093414306640625
1647870350743,2022-03-21T13:45:50.743,unknown,0.981414794921875,0.4004364013671875,-0.3650665283203125
1647870350842,2022-03-21T13:45:50.842,unknown,1.0879669189453125,0.65716552734375,-0.478302001953125
1647870350942,2022-03-21T13:45:50.942,unknown,0.9697723388671875,0.1216583251953125,-0.1149444580078125
1647870351041,2022-03-21T13:45:51.041,unknown,1.2847442626953125,0.3365020751953125,-0.5041046142578125
1647870351141,2022-03-21T13:45:51.141,unknown,0.5716094970703125,0.4303436279296875,0.5345458984375
1647870351241,2022-03-21T13:45:51.241,unknown,0.7761383056640625,0.2696685791015625,0.152618408203125
1647870351340,2022-03-21T13:45:51.340,unknown,1.02044677734375,0.3104095458984375,0.0913848876953125
1647870351440,2022-03-21T13:45:51.440,unknown,1.1461029052734375,0.401214599609375,0.20867919921875
1647870351539,2022-03-21T13:45:51.539,unknown,1.116729736328125,0.3564453125,0.383819580078125
1647870351639,2022-03-21T13:45:51.639,unknown,1.0684814453125,0.329986572265625,0.120086669921875
1647870351739,2022-03-21T13:45:51.739,unknown,1.016998291015625,0.093292236328125,0.17333984375
1647870351838,2022-03-21T13:45:51.838,unknown,0.8537139892578125,0.0717010498046875,0.233001708984375
1647870351938,2022-03-21T13:45:51.938,unknown,0.6093902587890625,0.0154876708984375,-0.4667205810546875
1647870352037,2022-03-21T13:45:52.037,unknown,0.817596435546875,-0.116302490234375,-1.175506591796875
1647870352137,2022-03-21T13:45:52.137,unknown,1.0239105224609375,-0.783660888671875,-0.07025146484375
1647870352236,2022-03-21T13:45:52.236,unknown,0.98895263671875,-0.22906494140625,0.1978912353515625
1647870352336,2022-03-21T13:45:52.336,unknown,0.83575439453125,-0.2381439208984375,0.053924560546875
1647870352436,2022-03-21T13:45:52.436,unknown,0.8221588134765625,-0.2776336669921875,-0.027374267578125
1647870352535,2022-03-21T13:45:52.535,unknown,0.6632537841796875,-0.2175445556640625,0.1118011474609375
1647870352635,2022-03-21T13:45:52.635,unknown,1.1614837646484375,0.083831787109375,0.4730072021484375
1647870352734,2022-03-21T13:45:52.734,unknown,1.1750946044921875,0.188720703125,0.474273681640625
1647870352834,2022-03-21T13:45:52.834,unknown,0.966827392578125,0.0675048828125,0.3024139404296875
1647870352934,2022-03-21T13:45:52.934,unknown,0.8729400634765625,0.2047271728515625,0.2054595947265625
1647870353033,2022-03-21T13:45:53.033,unknown,0.9168701171875,0.2601165771484375,-0.1186676025390625
1647870353133,2022-03-21T13:45:53.133,unknown,0.9156646728515625,0.172576904296875,0.1954498291015625
1647870353232,2022-03-21T13:45:53.232,unknown,1.2296600341796875,0.18096923828125,0.287353515625
1647870353332,2022-03-21T13:45:53.332,unknown,1.0962677001953125,0.5364837646484375,0.26861572265625
1647870353432,2022-03-21T13:45:53.432,unknown,1.0466766357421875,0.20184326171875,0.062591552734375
1647870353531,2022-03-21T13:45:53.531,unknown,0.8977813720703125,0.5203399658203125,0.227294921875
1647870353631,2022-03-21T13:45:53.631,unknown,0.9397125244140625,0.3146514892578125,-0.0668487548828125
1647870353730,2022-03-21T13:45:53.730,unknown,0.7860260009765625,0.385772705078125,-0.0435333251953125
1647870353830,2022-03-21T13:45:53.830,unknown,0.9011688232421875,0.45953369140625,-0.007965087890625
1647870353929,2022-03-21T13:45:53.929,unknown,1.005126953125,0.3912353515625,0.1916961669921875
1647870354029,2022-03-21T13:45:54.029,unknown,1.102752685546875,0.53607177734375,0.21044921875
1647870354129,2022-03-21T13:45:54.129,unknown,0.927642822265625,0.0282745361328125,0.5298004150390625
1647870354228,2022-03-21T13:45:54.228,unknown,0.91998291015625,0.2941436767578125,-0.25677490234375
1647870354328,2022-03-21T13:45:54.328,unknown,0.8158416748046875,0.299407958984375,-0.2898712158203125
1647870354427,2022-03-21T13:45:54.427,unknown,0.8955841064453125,0.2434844970703125,0.0122833251953125
1647870354527,2022-03-21T13:45:54.527,unknown,0.9901123046875,0.3000335693359375,0.1588592529296875
1647870354618,2022-03-21T13:45:54.618,unknown,1.0788116455078125,0.322601318359375,-0.351593017578125
1647870354717,2022-03-21T13:45:54.717,unknown,1.151763916015625,0.287109375,0.5197906494140625
1647870354817,2022-03-21T13:45:54.817,unknown,1.2006378173828125,0.159271240234375,-0.092498779296875
1647870354917,2022-03-21T13:45:54.917,unknown,1.12835693359375,0.250244140625,0.1494293212890625
1647870355016,2022-03-21T13:45:55.016,unknown,0.860626220703125,0.3851776123046875,0.119415283203125
1647870355116,2022-03-21T13:45:55.116,unknown,0.6253204345703125,0.346923828125,-0.07073974609375
1647870355215,2022-03-21T13:45:55.215,unknown,0.8224639892578125,0.3438262939453125,-0.0463409423828125
1647870355315,2022-03-21T13:45:55.315,unknown,1.23614501953125,0.34124755859375,0.1454315185546875
1647870355415,2022-03-21T13:45:55.415,unknown,1.1035919189453125,0.0207672119140625,0.136322021484375
1647870355514,2022-03-21T13:45:55.514,unknown,0.89935302734375,0.13677978515625,0.511474609375
1647870355614,2022-03-21T13:45:55.614,unknown,0.9144439697265625,0.366943359375,-0.18011474609375
1647870355713,2022-03-21T13:45:55.713,unknown,0.82269287109375,0.309600830078125,-0.0101470947265625
1647870355813,2022-03-21T13:45:55.813,unknown,0.86444091796875,0.1977081298828125,0.100555419921875
1647870355912,2022-03-21T13:45:55.912,unknown,1.1115264892578125,0.0689697265625,0.2797393798828125
1647870356012,2022-03-21T13:45:56.012,unknown,1.2071990966796875,0.18157958984375,0.03802490234375
1647870356112,2022-03-21T13:45:56.112,unknown,1.148651123046875,0.12408447265625,0.122344970703125
1647870356211,2022-03-21T13:45:56.211,unknown,1.0211944580078125,0.319610595703125,0.1974029541015625
1647870356311,2022-03-21T13:45:56.311,unknown,0.93646240234375,0.2748565673828125,0.1072845458984375
1647870356410,2022-03-21T13:45:56.410,unknown,0.704559326171875,0.3611602783203125,0.034210205078125
1647870356510,2022-03-21T13:45:56.510,unknown,0.9947052001953125,0.283233642578125,-0.0269622802734375
1647870356610,2022-03-21T13:45:56.610,unknown,1.2672576904296875,-0.0512542724609375,0.1424407958984375
1647870356709,2022-03-21T13:45:56.709,unknown,1.0602264404296875,-0.1142120361328125,0.4348297119140625
1647870356809,2022-03-21T13:45:56.809,unknown,1.0744171142578125,-0.43768310546875,0.234527587890625
1647870356908,2022-03-21T13:45:56.908,unknown,0.6888885498046875,-0.0760955810546875,0.2337646484375
1647870357008,2022-03-21T13:45:57.008,unknown,0.491729736328125,-0.1757354736328125,0.1699676513671875
1647870357108,2022-03-21T13:45:57.108,unknown,0.5464324951171875,-0.088348388671875,0.22900390625
1647870357207,2022-03-21T13:45:57.207,unknown,0.9007415771484375,-0.3221282958984375,-0.0879058837890625
1647870357307,2022-03-21T13:45:57.307,unknown,1.3659820556640625,0.0644683837890625,0.0253753662109375
1647870357406,2022-03-21T13:45:57.406,unknown,1.2584686279296875,0.3544921875,-0.0587158203125
1647870357506,2022-03-21T13:45:57.506,unknown,0.94000244140625,0.1233367919921875,0.2898712158203125
1647870357605,2022-03-21T13:45:57.605,unknown,0.9928131103515625,0.1665191650390625,0.197845458984375
1647870357705,2022-03-21T13:45:57.705,unknown,1.0539703369140625,0.3058624267578125,-0.0904693603515625
1647870357805,2022-03-21T13:45:57.805,unknown,1.035980224609375,0.4825897216796875,-0.1126251220703125
1647870357904,2022-03-21T13:45:57.904,unknown,0.898468017578125,0.498779296875,-0.0195465087890625
1647870358004,2022-03-21T13:45:58.004,unknown,0.7889556884765625,0.4666748046875,0.111053466796875
1647870358103,2022-03-21T13:45:58.103,unknown,0.7969207763671875,0.3950347900390625,-0.0167083740234375
1647870358203,2022-03-21T13:45:58.203,unknown,0.9273529052734375,0.164398193359375,0.37506103515625
1647870358303,2022-03-21T13:45:58.303,unknown,0.8944091796875,0.1831512451171875,0.4567413330078125
1647870358402,2022-03-21T13:45:58.402,unknown,0.942596435546875,0.2825927734375,0.1231689453125
1647870358502,2022-03-21T13:45:58.502,unknown,1.200653076171875,0.4541015625,0.61663818359375
1647870358601,2022-03-21T13:45:58.601,unknown,1.052581787109375,0.3603515625,-0.0014801025390625
1647870358701,2022-03-21T13:45:58.701,unknown,0.8508758544921875,0.2984619140625,-0.067901611328125
1647870358800,2022-03-21T13:45:58.800,unknown,0.819671630859375,0.2801666259765625,-0.2625885009765625
1647870358900,2022-03-21T13:45:58.900,unknown,1.056793212890625,0.1945037841796875,-0.221771240234375
1647870359000,2022-03-21T13:45:59.000,unknown,1.0596466064453125,0.2459716796875,-0.1221923828125
1647870359099,2022-03-21T13:45:59.099,unknown,0.9556732177734375,0.30780029296875,0.113983154296875
1647870359199,2022-03-21T13:45:59.199,unknown,1.34967041015625,0.59075927734375,0.47607421875
1647870359298,2022-03-21T13:45:59.298,unknown,0.70849609375,0.5220489501953125,0.1674652099609375
1647870359398,2022-03-21T13:45:59.398,unknown,0.7776947021484375,0.50238037109375,-0.0251617431640625
1647870359498,2022-03-21T13:45:59.498,unknown,0.928314208984375,0.4204559326171875,-0.1580810546875
1647870359597,2022-03-21T13:45:59.597,unknown,0.6817169189453125,0.42431640625,-0.0576324462890625
1647870359697,2022-03-21T13:45:59.697,unknown,0.8343353271484375,0.1343536376953125,1.07293701171875
1647870359796,2022-03-21T13:45:59.796,unknown,0.9561004638671875,0.504974365234375,-0.2796478271484375
1647870359896,2022-03-21T13:45:59.896,unknown,1.14971923828125,0.5309600830078125,-0.0449371337890625
1647870359996,2022-03-21T13:45:59.996,unknown,0.87152099609375,0.3953857421875,0.1767120361328125
1647870360095,2022-03-21T13:46:00.095,unknown,0.794158935546875,0.3878173828125,-0.0223541259765625
1647870360195,2022-03-21T13:46:00.195,unknown,0.9664764404296875,0.386199951171875,-0.13934326171875
1647870360294,2022-03-21T13:46:00.294,unknown,0.881439208984375,0.3263092041015625,-0.1537017822265625
1647870360394,2022-03-21T13:46:00.394,unknown,0.878631591796875,0.2586517333984375,0.1906890869140625
1647870360493,2022-03-21T13:46:00.493,unknown,0.93707275390625,0.38653564453125,0.216461181640625
1647870360593,2022-03-21T13:46:00.593,unknown,0.8978271484375,0.360015869140625,0.7216949462890625
1647870360693,2022-03-21T13:46:00.693,unknown,0.8112945556640625,0.434417724609375,0.202880859375
1647870360792,2022-03-21T13:46:00.792,unknown,0.8777923583984375,0.3368682861328125,0.0835418701171875
1647870360892,2022-03-21T13:46:00.892,unknown,0.904266357421875,0.317718505859375,0.011962890625
1647870360991,2022-03-21T13:46:00.991,unknown,0.9592437744140625,0.3771209716796875,-0.0552825927734375
1647870361091,2022-03-21T13:46:01.091,unknown,0.9501953125,0.404571533203125,-0.127532958984375
1647870361191,2022-03-21T13:46:01.191,unknown,1.0870513916015625,0.4097747802734375,-0.05462646484375
1647870361290,2022-03-21T13:46:01.290,unknown,1.0364837646484375,0.0794525146484375,0.0435791015625
1647870361390,2022-03-21T13:46:01.390,unknown,0.8983001708984375,0.13421630859375,-0.0459442138671875
1647870361489,2022-03-21T13:46:01.489,unknown,0.915191650390625,0.18731689453125,-0.1670074462890625
1647870361589,2022-03-21T13:46:01.589,unknown,0.9173736572265625,0.3049163818359375,-0.01336669921875
1647870361688,2022-03-21T13:46:01.688,unknown,0.969635009765625,0.416748046875,-0.0653839111328125
1647870361788,2022-03-21T13:46:01.788,unknown,1.1240386962890625,0.423675537109375,-0.11297607421875
1647870361888,2022-03-21T13:46:01.888,unknown,1.086578369140625,0.4821624755859375,0.1351318359375
1647870361987,2022-03-21T13:46:01.987,unknown,0.6185302734375,0.1153106689453125,0.39910888671875
1647870362087,2022-03-21T13:46:02.087,unknown,1.1196136474609375,0.2109527587890625,0.310455322265625
1647870362186,2022-03-21T13:46:02.186,unknown,1.314361572265625,-0.00262451171875,0.5937042236328125
1647870362286,2022-03-21T13:46:02.286,unknown,0.9127044677734375,-0.0557403564453125,0.333587646484375
1647870362386,2022-03-21T13:46:02.386,unknown,1.1383056640625,0.0557708740234375,-0.1060333251953125
1647870362485,2022-03-21T13:46:02.485,unknown,0.750946044921875,-0.1090545654296875,-0.14227294921875
1647870362585,2022-03-21T13:46:02.585,unknown,1.0908355712890625,-0.4029388427734375,-0.0082244873046875
1647870362684,2022-03-21T13:46:02.684,unknown,0.6062164306640625,-0.4864501953125,-0.392669677734375
1647870362784,2022-03-21T13:46:02.784,unknown,0.56341552734375,-0.2852325439453125,-0.323516845703125
1647870362884,2022-03-21T13:46:02.884,unknown,1.0121002197265625,-0.1460113525390625,-0.682403564453125
1647870362983,2022-03-21T13:46:02.983,unknown,0.80780029296875,-0.1390838623046875,-0.630340576171875
1647870363083,2022-03-21T13:46:03.083,unknown,0.938201904296875,-0.0806884765625,-0.6042022705078125
1647870363182,2022-03-21T13:46:03.182,unknown,0.8185577392578125,0.054473876953125,-0.3437957763671875
1647870363282,2022-03-21T13:46:03.282,unknown,0.8480377197265625,0.1516265869140625,-0.254669189453125
1647870363381,2022-03-21T13:46:03.381,unknown,1.1025390625,0.2175445556640625,-0.3331451416015625
1647870363481,2022-03-21T13:46:03.481,unknown,1.034332275390625,0.10302734375,-0.3466644287109375
1647870363581,2022-03-21T13:46:03.581,unknown,0.94293212890625,0.1263275146484375,-0.0880584716796875
1647870363680,2022-03-21T13:46:03.680,unknown,1.14544677734375,0.1316375732421875,0.1817779541015625
1647870363780,2022-03-21T13:46:03.780,unknown,0.800567626953125,0.1251373291015625,0.37353515625
1647870363879,2022-03-21T13:46:03.879,unknown,1.082916259765625,0.143096923828125,0.17431640625
1647870363979,2022-03-21T13:46:03.979,unknown,0.9720306396484375,0.19775390625,0.1761932373046875
1647870364079,2022-03-21T13:46:04.079,unknown,1.017547607421875,0.15447998046875,0.1297760009765625
1647870364178,2022-03-21T13:46:04.178,unknown,0.9765777587890625,0.1515045166015625,-0.0185394287109375
1647870364278,2022-03-21T13:46:04.278,unknown,1.0009918212890625,0.0524444580078125,-0.0872344970703125
1647870364377,2022-03-21T13:46:04.377,unknown,0.9505767822265625,0.144744873046875,-0.2017974853515625
1647870364477,2022-03-21T13:46:04.477,unknown,0.9388885498046875,0.5668182373046875,-0.097259521484375
1647870364576,2022-03-21T13:46:04.576,unknown,0.78076171875,0.165008544921875,-0.4240875244140625
1647870364676,2022-03-21T13:46:04.676,unknown,0.956298828125,0.2455596923828125,-0.4581146240234375
1647870364776,2022-03-21T13:46:04.776,unknown,0.89605712890625,0.182708740234375,-0.187652587890625
1647870364875,2022-03-21T13:46:04.875,unknown,0.9572906494140625,0.10687255859375,-0.1685791015625
1647870364975,2022-03-21T13:46:04.975,unknown,0.933013916015625,0.0771331787109375,-0.202056884765625
1647870365074,2022-03-21T13:46:05.074,unknown,0.9686737060546875,0.010467529296875,-0.5087432861328125
1647870365174,2022-03-21T13:46:05.174,unknown,1.04571533203125,0.18743896484375,-0.6772918701171875
1647870365274,2022-03-21T13:46:05.274,unknown,0.7987823486328125,0.2458343505859375,-0.0294189453125
1647870365373,2022-03-21T13:46:05.373,unknown,1.04449462890625,0.01318359375,0.1334686279296875
1647870365473,2022-03-21T13:46:05.473,unknown,0.9766845703125,-0.0265045166015625,-0.17193603515625
1647870365572,2022-03-21T13:46:05.572,unknown,0.9668426513671875,0.1858062744140625,-0.14697265625
1647870365672,2022-03-21T13:46:05.672,unknown,0.951934814453125,0.0149993896484375,-0.5344696044921875
1647870365772,2022-03-21T13:46:05.772,unknown,1.219635009765625,0.0548858642578125,-0.4532318115234375
1647870365871,2022-03-21T13:46:05.871,unknown,1.160675048828125,0.253387451171875,-0.145050048828125
1647870365971,2022-03-21T13:46:05.971,unknown,0.608489990234375,0.302947998046875,-0.0792083740234375
1647870366070,2022-03-21T13:46:06.070,unknown,1.0933837890625,0.16900634765625,-0.1205902099609375
1647870366170,2022-03-21T13:46:06.170,unknown,0.711212158203125,-0.01898193359375,-0.368743896484375
1647870366269,2022-03-21T13:46:06.269,unknown,0.8477935791015625,0.0828094482421875,-0.3465423583984375
1647870366369,2022-03-21T13:46:06.369,unknown,1.349029541015625,-0.0092926025390625,-0.445404052734375
1647870366469,2022-03-21T13:46:06.469,unknown,1.099334716796875,0.238433837890625,-0.3650665283203125
1647870366568,2022-03-21T13:46:06.568,unknown,0.5617523193359375,0.217529296875,0.0339202880859375
1647870366668,2022-03-21T13:46:06.668,unknown,1.1541900634765625,0.24420166015625,0.1740875244140625
1647870366767,2022-03-21T13:46:06.767,unknown,0.9198760986328125,0.02008056640625,-0.3307037353515625
1647870366867,2022-03-21T13:46:06.867,unknown,1.05535888671875,0.093597412109375,-0.212554931640625
1647870366967,2022-03-21T13:46:06.967,unknown,0.8664703369140625,0.3309326171875,-0.09759521484375
1647870367066,2022-03-21T13:46:07.066,unknown,0.97332763671875,0.3320465087890625,-0.18768310546875
1647870367166,2022-03-21T13:46:07.166,unknown,0.7352294921875,0.467681884765625,-0.25262451171875
1647870367265,2022-03-21T13:46:07.265,unknown,0.9211883544921875,0.220306396484375,-0.3673248291015625
1647870367365,2022-03-21T13:46:07.365,unknown,1.098602294921875,0.2872772216796875,-0.249176025390625
1647870367464,2022-03-21T13:46:07.464,unknown,0.8801727294921875,0.2255401611328125,-0.332977294921875
1647870367564,2022-03-21T13:46:07.564,unknown,1.011199951171875,0.2530975341796875,-0.074310302734375
1647870367664,2022-03-21T13:46:07.664,unknown,0.917236328125,0.100921630859375,-0.1564483642578125
1647870367763,2022-03-21T13:46:07.763,unknown,0.9304046630859375,0.0999755859375,-0.35064697265625
1647870367863,2022-03-21T13:46:07.863,unknown,1.267913818359375,-0.0890960693359375,-0.75360107421875
1647870367962,2022-03-21T13:46:07.962,unknown,1.3269195556640625,-0.35760498046875,-0.10235595703125
1647870368062,2022-03-21T13:46:08.062,unknown,0.5408935546875,-0.3292999267578125,-0.4191741943359375
1647870368162,2022-03-21T13:46:08.162,unknown,1.251953125,0.141937255859375,2.0192413330078125
1647870368261,2022-03-21T13:46:08.261,unknown,0.8590240478515625,0.6319732666015625,-1.5965576171875
1647870368361,2022-03-21T13:46:08.361,unknown,0.212005615234375,0.41265869140625,-0.40753173828125
1647870368460,2022-03-21T13:46:08.460,unknown,-0.035247802734375,0.122589111328125,-0.0985565185546875
1647870368560,2022-03-21T13:46:08.560,unknown,0.2291259765625,-0.1167755126953125,-0.6795196533203125
1647870368660,2022-03-21T13:46:08.660,unknown,-0.4027099609375,-0.0196380615234375,-1.78369140625
1647870368759,2022-03-21T13:46:08.759,unknown,-0.2838134765625,-0.43133544921875,-1.041748046875
1647870368859,2022-03-21T13:46:08.859,unknown,0.47357177734375,-0.257110595703125,-0.46038818359375
1647870368958,2022-03-21T13:46:08.958,unknown,0.9869232177734375,-0.349029541015625,0.06646728515625
1647870369058,2022-03-21T13:46:09.058,unknown,0.480926513671875,-0.535369873046875,-0.9510040283203125
1647870369157,2022-03-21T13:46:09.157,unknown,0.4187469482421875,-0.3112640380859375,-0.5783538818359375
1647870369257,2022-03-21T13:46:09.257,unknown,0.452239990234375,-0.417236328125,-0.816802978515625
1647870369357,2022-03-21T13:46:09.357,unknown,0.24609375,-0.2964935302734375,-1.023956298828125
1647870369456,2022-03-21T13:46:09.456,unknown,0.017578125,-0.4098968505859375,0.33935546875
1647870369556,2022-03-21T13:46:09.556,unknown,0.223907470703125,0.0496978759765625,-0.8728790283203125
1647870369655,2022-03-21T13:46:09.655,unknown,0.690185546875,-0.5308685302734375,-0.5581512451171875
1647870369755,2022-03-21T13:46:09.755,unknown,0.6526947021484375,0.6805267333984375,-1.0330657958984375
1647870369855,2022-03-21T13:46:09.855,unknown,0.8647308349609375,0.0930938720703125,-0.1335601806640625
1647870369954,2022-03-21T13:46:09.954,unknown,1.1569976806640625,-0.1879119873046875,-0.218505859375
1647870370054,2022-03-21T13:46:10.054,unknown,0.704315185546875,-0.145233154296875,-0.4495086669921875
1647870370153,2022-03-21T13:46:10.153,unknown,0.8131256103515625,0.082366943359375,-0.34307861328125
1647870370253,2022-03-21T13:46:10.253,unknown,0.7675628662109375,-0.126373291015625,-0.2347259521484375
1647870370352,2022-03-21T13:46:10.352,unknown,0.8901824951171875,0.2569732666015625,-0.5727081298828125
1647870370452,2022-03-21T13:46:10.452,unknown,0.9616241455078125,-0.2352447509765625,-0.31982421875
1647870370552,2022-03-21T13:46:10.552,unknown,0.85693359375,-0.4245758056640625,-0.6862640380859375
1647870370651,2022-03-21T13:46:10.651,unknown,0.2289886474609375,0.43756103515625,-1.0375518798828125
1647870370751,2022-03-21T13:46:10.751,unknown,-0.123870849609375,-0.02490234375,-0.7566375732421875
1647870370850,2022-03-21T13:46:10.850,unknown,-0.073944091796875,0.00830078125,-0.811126708984375
1647870370950,2022-03-21T13:46:10.950,unknown,-0.0243988037109375,-0.001800537109375,-0.9924774169921875
1647870371050,2022-03-21T13:46:11.050,unknown,-0.01202392578125,-0.002166748046875,-1.02545166015625
1647870371149,2022-03-21T13:46:11.149,unknown,-0.0055389404296875,0.0036773681640625,-1.007537841796875
1647870371249,2022-03-21T13:46:11.249,unknown,-0.0088653564453125,-0.0057220458984375,-1.0045166015625
1647870371348,2022-03-21T13:46:11.348,unknown,-0.008697509765625,0.0002593994140625,-1.005828857421875
1647870371448,2022-03-21T13:46:11.448,unknown,-0.0055389404296875,0.00103759765625,-1.0130462646484375
1647870371547,2022-03-21T13:46:11.547,unknown,-0.0079345703125,-0.0022125244140625,-1.0070648193359375
1647870371647,2022-03-21T13:46:11.647,unknown,-0.0079345703125,0.0022735595703125,-1.0108184814453125
1647870371747,2022-03-21T13:46:11.747,unknown,-0.007049560546875,-0.001495361328125,-1.0064544677734375
1647870371846,2022-03-21T13:46:11.846,unknown,-0.007415771484375,0.00054931640625,-1.0065765380859375
1647870371946,2022-03-21T13:46:11.946,unknown,-0.0067901611328125,-0.0001220703125,-1.010833740234375
1647870372045,2022-03-21T13:46:12.045,unknown,-0.00750732421875,-0.0011138916015625,-1.0052032470703125
1647870372145,2022-03-21T13:46:12.145,unknown,-0.0077972412109375,-0.000335693359375,-1.0101776123046875
1647870372245,2022-03-21T13:46:12.245,unknown,-0.0074462890625,-0.002105712890625,-1.007080078125
1647870372344,2022-03-21T13:46:12.344,unknown,-0.0076446533203125,0.0005950927734375,-1.0096588134765625
1647870372444,2022-03-21T13:46:12.444,unknown,-0.0075836181640625,-0.001556396484375,-1.009490966796875
1647870372543,2022-03-21T13:46:12.543,unknown,-0.0076141357421875,-0.0004425048828125,-1.0059814453125
1647870372643,2022-03-21T13:46:12.643,unknown,-0.00701904296875,-0.000274658203125,-1.007781982421875
1647870372743,2022-03-21T13:46:12.743,unknown,-0.008087158203125,-0.000823974609375,-1.0101318359375
1647870372842,2022-03-21T13:46:12.842,unknown,-0.007080078125,0.000518798828125,-1.0083465576171875
1647870372942,2022-03-21T13:46:12.942,unknown,-0.0081787109375,-0.0021514892578125,-1.01123046875
1647870373041,2022-03-21T13:46:13.041,unknown,-0.0073089599609375,0.0007476806640625,-1.0037689208984375
1647870373141,2022-03-21T13:46:13.141,unknown,-0.00689697265625,0.0003204345703125,-1.0110931396484375
1647870373240,2022-03-21T13:46:13.240,unknown,-0.00848388671875,0.004913330078125,-1.00531005859375
1647870373340,2022-03-21T13:46:13.340,unknown,-0.005340576171875,-0.005706787109375,-1.003662109375
1647870373440,2022-03-21T13:46:13.440,unknown,-0.0079498291015625,4.57763671875e-05,-1.0110626220703125
1647870373539,2022-03-21T13:46:13.539,unknown,-0.0077362060546875,0.001983642578125,-1.00439453125
1647870373639,2022-03-21T13:46:13.639,unknown,-0.0068511962890625,-0.0040283203125,-1.009796142578125
1647870373738,2022-03-21T13:46:13.738,unknown,-0.0086669921875,0.00091552734375,-1.009368896484375
1647870373838,2022-03-21T13:46:13.838,unknown,-0.007904052734375,-0.0010528564453125,-1.0062255859375
1647870373938,2022-03-21T13:46:13.938,unknown,-0.006744384765625,-0.0005645751953125,-1.011444091796875
1647870374037,2022-03-21T13:46:14.037,unknown,-0.008056640625,0.0013580322265625,-1.006591796875
1647870374137,2022-03-21T13:46:14.137,unknown,-0.0072021484375,-0.0029144287109375,-1.010284423828125
1647870374236,2022-03-21T13:46:14.236,unknown,-0.00653076171875,0.0017852783203125,-1.008270263671875
1647870374336,2022-03-21T13:46:14.336,unknown,-0.0079345703125,-0.0017852783203125,-1.0063323974609375
1647870374435,2022-03-21T13:46:14.435,unknown,-0.0078277587890625,-0.0010223388671875,-1.0101165771484375
1647870374535,2022-03-21T13:46:14.535,unknown,-0.006744384765625,0.000885009765625,-1.007965087890625
1647870374635,2022-03-21T13:46:14.635,unknown,-0.0086669921875,-0.0021820068359375,-1.007232666015625
1647870374734,2022-03-21T13:46:14.734,unknown,-0.00579833984375,-0.0001678466796875,-1.0078582763671875
1647870374834,2022-03-21T13:46:14.834,unknown,-0.0069122314453125,-0.000762939453125,-1.0046844482421875
1647870374933,2022-03-21T13:46:14.933,unknown,-0.0103607177734375,-0.0040740966796875,-1.0116119384765625
1647870375033,2022-03-21T13:46:15.033,unknown,-0.0045623779296875,0.003509521484375,-1.004608154296875
1647870375133,2022-03-21T13:46:15.133,unknown,-0.0080718994140625,-0.0048065185546875,-1.0099334716796875
1647870375232,2022-03-21T13:46:15.232,unknown,-0.00848388671875,0.0007781982421875,-1.0115814208984375
1647870375332,2022-03-21T13:46:15.332,unknown,-0.0054168701171875,-0.0010223388671875,-1.0068511962890625
1647870375431,2022-03-21T13:46:15.431,unknown,-0.0086669921875,-0.0014495849609375,-1.0094757080078125
1647870375531,2022-03-21T13:46:15.531,unknown,-0.0076446533203125,0.0001220703125,-1.0103607177734375
1647870375630,2022-03-21T13:46:15.630,unknown,-0.00689697265625,-0.004913330078125,-1.0086517333984375
1647870375730,2022-03-21T13:46:15.730,unknown,-0.0089569091796875,0.0027313232421875,-1.0071258544921875
1647870375830,2022-03-21T13:46:15.830,unknown,-0.0070953369140625,-0.0010833740234375,-1.0080108642578125
1647870375929,2022-03-21T13:46:15.929,unknown,-0.0049896240234375,0.0011444091796875,-1.007965087890625
1647870376029,2022-03-21T13:46:16.029,unknown,-0.0091705322265625,-0.0004730224609375,-1.009063720703125
1647870376128,2022-03-21T13:46:16.128,unknown,-0.006866455078125,-0.003326416015625,-1.0092620849609375
1647870376228,2022-03-21T13:46:16.228,unknown,-0.007171630859375,0.001983642578125,-1.0081329345703125
1647870376328,2022-03-21T13:46:16.328,unknown,-0.0089569091796875,-0.0021514892578125,-1.00933837890625
1647870376427,2022-03-21T13:46:16.427,unknown,-0.006195068359375,-0.0023956298828125,-1.01275634765625
1647870376527,2022-03-21T13:46:16.527,unknown,-0.00775146484375,0.0009002685546875,-1.0052032470703125
1647870376626,2022-03-21T13:46:16.626,unknown,-0.0074615478515625,-0.001434326171875,-1.008392333984375
1647870376726,2022-03-21T13:46:16.726,unknown,-0.009124755859375,0.0014801025390625,-1.0258941650390625
1647870376826,2022-03-21T13:46:16.826,unknown,-0.004974365234375,-0.00299072265625,-0.9987030029296875
1647870376925,2022-03-21T13:46:16.925,unknown,-0.0101165771484375,-0.0012054443359375,-1.0124664306640625
1647870377025,2022-03-21T13:46:17.025,unknown,-0.0059814453125,-0.0006866455078125,-1.0044097900390625
1647870377124,2022-03-21T13:46:17.124,unknown,-0.007354736328125,0.0019683837890625,-1.0078887939453125
1647870377224,2022-03-21T13:46:17.224,unknown,-0.00848388671875,-0.004913330078125,-1.0103302001953125
1647870377323,2022-03-21T13:46:17.323,unknown,-0.006500244140625,0.000457763671875,-1.00445556640625
1647870377423,2022-03-21T13:46:17.423,unknown,-0.0073394775390625,0.0010833740234375,-1.0112457275390625
1647870377523,2022-03-21T13:46:17.523,unknown,-0.0081024169921875,-0.000335693359375,-1.006591796875
1647870377622,2022-03-21T13:46:17.622,unknown,-0.0077972412109375,-0.0016326904296875,-1.0093994140625
1647870377722,2022-03-21T13:46:17.722,unknown,-0.009765625,-0.0008392333984375,-1.009368896484375
1647870377821,2022-03-21T13:46:17.821,unknown,-0.0067596435546875,0.00128173828125,-1.0045623779296875
1647870377921,2022-03-21T13:46:17.921,unknown,-0.0077362060546875,0.002899169921875,-1.00958251953125
1647870378021,2022-03-21T13:46:18.021,unknown,-0.007354736328125,-0.003509521484375,-1.00848388671875
1647870378120,2022-03-21T13:46:18.120,unknown,-0.0066680908203125,-0.000946044921875,-1.0092315673828125
1647870378220,2022-03-21T13:46:18.220,unknown,-0.0089569091796875,-0.0025634765625,-1.010772705078125
1647870378319,2022-03-21T13:46:18.319,unknown,-0.0067901611328125,0.000579833984375,-1.0040435791015625
1647870378419,2022-03-21T13:46:18.419,unknown,-0.0077972412109375,0.0015869140625,-1.009796142578125
1647870378518,2022-03-21T13:46:18.518,unknown,-0.008056640625,-0.0025634765625,-1.0079193115234375
1647870378618,2022-03-21T13:46:18.618,unknown,-0.007476806640625,-0.001373291015625,-1.0106658935546875
1647870378718,2022-03-21T13:46:18.718,unknown,-0.0053253173828125,0.0017852783203125,-1.009429931640625
1647870378817,2022-03-21T13:46:18.817,unknown,-0.0093231201171875,-0.0006103515625,-1.0063323974609375
1647870378917,2022-03-21T13:46:18.917,unknown,-0.0050506591796875,-0.0032958984375,-1.009185791015625
1647870379016,2022-03-21T13:46:19.016,unknown,-0.009490966796875,-0.006927490234375,-1.0081939697265625
1647870379116,2022-03-21T13:46:19.116,unknown,-0.0092010498046875,0.0067138671875,-1.0052032470703125
1647870379216,2022-03-21T13:46:19.216,unknown,-0.0037689208984375,0.0098419189453125,-0.9979095458984375
1647870379315,2022-03-21T13:46:19.315,unknown,-0.02032470703125,-0.03277587890625,-1.019622802734375
1647870379415,2022-03-21T13:46:19.415,unknown,-0.018585205078125,-0.0164031982421875,-1.0251007080078125
1647870379514,2022-03-21T13:46:19.514,unknown,-0.014129638671875,-0.0418701171875,-0.99853515625
1647870379614,2022-03-21T13:46:19.614,unknown,-0.019866943359375,-0.0118865966796875,-1.02886962890625
1647870379713,2022-03-21T13:46:19.713,unknown,-0.0146636962890625,0.017822265625,-1.0030670166015625
1647870379813,2022-03-21T13:46:19.813,unknown,0.0124664306640625,-0.0181732177734375,-0.9914703369140625
1647870379913,2022-03-21T13:46:19.913,unknown,0.0043182373046875,0.0193023681640625,-1.0049896240234375
1647870380012,2022-03-21T13:46:20.012,unknown,-0.03863525390625,-0.0498046875,-0.995269775390625
1647870380112,2022-03-21T13:46:20.112,unknown,0.007781982421875,0.0283050537109375,-1.010833740234375
1647870380211,2022-03-21T13:46:20.211,unknown,-0.0038299560546875,-0.0338592529296875,-1.010772705078125
1647870380311,2022-03-21T13:46:20.311,unknown,-0.0226898193359375,0.0296783447265625,-1.0086212158203125
1647870380411,2022-03-21T13:46:20.411,unknown,-0.0033721923828125,-0.0293731689453125,-1.0102996826171875
1647870380510,2022-03-21T13:46:20.510,unknown,-3.0517578125e-05,0.0265960693359375,-1.0065155029296875
1647870380610,2022-03-21T13:46:20.610,unknown,-0.015106201171875,-0.0257720947265625,-1.010040283203125
1647870380709,2022-03-21T13:46:20.709,unknown,0.0009765625,0.0130767822265625,-1.008392333984375
1647870380809,2022-03-21T13:46:20.809,unknown,-0.00775146484375,-0.0099639892578125,-1.0057373046875
1647870380909,2022-03-21T13:46:20.909,unknown,-0.0172882080078125,-0.0036773681640625,-1.0107269287109375
1647870381008,2022-03-21T13:46:21.008,unknown,-0.0001220703125,0.0094146728515625,-1.0055694580078125
1647870381108,2022-03-21T13:46:21.108,unknown,-0.009307861328125,-0.021240234375,-1.0077667236328125
1647870381207,2022-03-21T13:46:21.207,unknown,-0.012542724609375,0.008544921875,-1.009124755859375
1647870381307,2022-03-21T13:46:21.307,unknown,-0.0063323974609375,-0.0165557861328125,-1.00408935546875
1647870381406,2022-03-21T13:46:21.406,unknown,-0.004364013671875,0.00994873046875,-1.0083770751953125
1647870381506,2022-03-21T13:46:21.506,unknown,-0.0142364501953125,-0.0137786865234375,-1.0077056884765625
1647870381606,2022-03-21T13:46:21.606,unknown,-0.00811767578125,-0.0044097900390625,-1.0067901611328125
1647870381705,2022-03-21T13:46:21.705,unknown,0.01806640625,0.074462890625,-1.0007171630859375
1647870381805,2022-03-21T13:46:21.805,unknown,-0.01629638671875,-0.0202789306640625,-1.0089263916015625
1647870381904,2022-03-21T13:46:21.904,unknown,-0.0128173828125,0.0075836181640625,-1.009002685546875
1647870382004,2022-03-21T13:46:22.004,unknown,-0.0023345947265625,-0.01385498046875,-1.0055999755859375
1647870382104,2022-03-21T13:46:22.104,unknown,-0.0072479248046875,-0.00555419921875,-1.0063018798828125
1647870382203,2022-03-21T13:46:22.203,unknown,-0.0115814208984375,0.001129150390625,-1.012664794921875
1647870382303,2022-03-21T13:46:22.303,unknown,-0.0064849853515625,-0.01251220703125,-1.0036163330078125
1647870382402,2022-03-21T13:46:22.402,unknown,-0.0070343017578125,0.0121612548828125,-1.0082855224609375
1647870382502,2022-03-21T13:46:22.502,unknown,-0.0109710693359375,-0.0181732177734375,-1.0084228515625
1647870382601,2022-03-21T13:46:22.601,unknown,-0.00762939453125,-0.00286865234375,-1.005401611328125
1647870382701,2022-03-21T13:46:22.701,unknown,-0.0092926025390625,0.0040740966796875,-1.009124755859375
1647870382801,2022-03-21T13:46:22.801,unknown,-0.0076141357421875,-0.0106048583984375,-1.00592041015625
1647870382900,2022-03-21T13:46:22.900,unknown,-0.0074005126953125,0.000335693359375,-1.0092926025390625
1647870383000,2022-03-21T13:46:23.000,unknown,-0.0097503662109375,-0.0084075927734375,-1.007232666015625
1647870383099,2022-03-21T13:46:23.099,unknown,-0.005340576171875,0.0002899169921875,-1.004547119140625
1647870383199,2022-03-21T13:46:23.199,unknown,-0.0091400146484375,-0.0081939697265625,-1.0086517333984375
1647870383299,2022-03-21T13:46:23.299,unknown,-0.009490966796875,0.0033721923828125,-1.0051116943359375
1647870383398,2022-03-21T13:46:23.398,unknown,-0.00274658203125,-0.00701904296875,-1.0091552734375
1647870383498,2022-03-21T13:46:23.498,unknown,-0.0135345458984375,0.000396728515625,-1.0082855224609375
1647870383597,2022-03-21T13:46:23.597,unknown,-0.0068206787109375,-0.00732421875,-1.0059661865234375
1647870383697,2022-03-21T13:46:23.697,unknown,-0.0013885498046875,-0.0063934326171875,-1.0085296630859375
1647870383796,2022-03-21T13:46:23.796,unknown,-0.01568603515625,0.0034027099609375,-1.0055694580078125
1647870383896,2022-03-21T13:46:23.896,unknown,-0.0062103271484375,-1.52587890625e-05,-1.014892578125
1647870383996,2022-03-21T13:46:23.996,unknown,-0.016143798828125,-0.0036773681640625,-1.0084381103515625
1647870384095,2022-03-21T13:46:24.095,unknown,-0.0053863525390625,-0.0002288818359375,-1.01031494140625
1647870384195,2022-03-21T13:46:24.195,unknown,0.003753662109375,-0.007781982421875,-1.0099029541015625
1647870384294,2022-03-21T13:46:24.294,unknown,-0.0197296142578125,-0.006011962890625,-1.00482177734375
1647870384394,2022-03-21T13:46:24.394,unknown,-0.0059661865234375,-0.0004425048828125,-1.009918212890625
1647870384494,2022-03-21T13:46:24.494,unknown,-0.0012664794921875,-0.0100250244140625,-1.0073699951171875
1647870384593,2022-03-21T13:46:24.593,unknown,-0.01513671875,0.0050201416015625,-1.0046539306640625
1647870384693,2022-03-21T13:46:24.693,unknown,-0.00726318359375,-0.0127105712890625,-1.00994873046875
1647870384792,2022-03-21T13:46:24.792,unknown,-0.0031585693359375,0.0074005126953125,-1.0032501220703125
1647870384892,2022-03-21T13:46:24.892,unknown,-0.0125274658203125,-0.010955810546875,-1.0074615478515625
1647870384992,2022-03-21T13:46:24.992,unknown,-0.00579833984375,0.0051727294921875,-1.007080078125
1647870385091,2022-03-21T13:46:25.091,unknown,-0.0048675537109375,-0.0094757080078125,-1.0058135986328125
1647870385191,2022-03-21T13:46:25.191,unknown,-0.013031005859375,3.0517578125e-05,-1.010284423828125
1647870385290,2022-03-21T13:46:25.290,unknown,-0.0057373046875,-0.0031890869140625,-1.0048370361328125
1647870385390,2022-03-21T13:46:25.390,unknown,-0.0049285888671875,-0.0040740966796875,-1.0094146728515625
1647870385489,2022-03-21T13:46:25.489,unknown,-0.012939453125,-0.003936767578125,-1.008819580078125
1647870385589,2022-03-21T13:46:25.589,unknown,-0.00689697265625,-0.004913330078125,-1.005462646484375
1647870385689,2022-03-21T13:46:25.689,unknown,-0.00518798828125,0.001983642578125,-1.0087738037109375
1647870385788,2022-03-21T13:46:25.788,unknown,-0.0116424560546875,-0.0084228515625,-1.005157470703125
1647870385888,2022-03-21T13:46:25.888,unknown,-0.0067901611328125,0.0006103515625,-1.00775146484375
1647870385987,2022-03-21T13:46:25.987,unknown,-0.0056915283203125,-0.0069122314453125,-1.0078277587890625
1647870386087,2022-03-21T13:46:26.087,unknown,-0.009979248046875,-0.0001068115234375,-1.00579833984375
1647870386187,2022-03-21T13:46:26.187,unknown,-0.007232666015625,-0.0062408447265625,-1.0084686279296875
1647870386286,2022-03-21T13:46:26.286,unknown,-0.0062408447265625,-0.00079345703125,-1.0053558349609375
1647870386386,2022-03-21T13:46:26.386,unknown,-0.0087432861328125,-0.00250244140625,-1.00689697265625
1647870386485,2022-03-21T13:46:26.485,unknown,-0.008758544921875,-0.0033416748046875,-1.007476806640625
1647870386585,2022-03-21T13:46:26.585,unknown,-0.0074005126953125,-0.000213623046875,-1.0049896240234375
1647870386684,2022-03-21T13:46:26.684,unknown,-0.0105133056640625,-0.0070343017578125,-1.0072174072265625
1647870386784,2022-03-21T13:46:26.784,unknown,-0.0063018798828125,-1.52587890625e-05,-1.0050201416015625
1647870386884,2022-03-21T13:46:26.884,unknown,-0.0061492919921875,-0.008453369140625,-1.00732421875
1647870386983,2022-03-21T13:46:26.983,unknown,-0.0100860595703125,-0.000885009765625,-1.0074005126953125
1647870387083,2022-03-21T13:46:27.083,unknown,-0.006378173828125,-0.003143310546875,-1.0048065185546875
1647870387182,2022-03-21T13:46:27.182,unknown,-0.006378173828125,0.0002593994140625,-1.0088348388671875
1647870387282,2022-03-21T13:46:27.282,unknown,-0.0098724365234375,-0.0054779052734375,-1.003997802734375
1647870387382,2022-03-21T13:46:27.382,unknown,-0.0062713623046875,-0.00030517578125,-1.007354736328125
1647870387481,2022-03-21T13:46:27.481,unknown,-0.0081787109375,-0.00421142578125,-1.0074462890625
1647870387581,2022-03-21T13:46:27.581,unknown,-0.0102996826171875,-0.0029144287109375,-1.0047760009765625
1647870387680,2022-03-21T13:46:27.680,unknown,-0.0072784423828125,-0.0059661865234375,-1.009674072265625
1647870387780,2022-03-21T13:46:27.780,unknown,-0.005950927734375,-0.00201416015625,-1.0074310302734375
1647870387879,2022-03-21T13:46:27.879,unknown,-0.0095367431640625,-0.0011138916015625,-1.0056915283203125
1647870387979,2022-03-21T13:46:27.979,unknown,-0.007232666015625,-0.0027923583984375,-1.0084991455078125
1647870388079,2022-03-21T13:46:28.079,unknown,-0.0081329345703125,-0.00396728515625,-1.0040435791015625
1647870388178,2022-03-21T13:46:28.178,unknown,-0.010528564453125,-0.0051727294921875,-1.0086517333984375
1647870388278,2022-03-21T13:46:28.278,unknown,-0.0057220458984375,-0.0042724609375,-1.006317138671875
1647870388377,2022-03-21T13:46:28.377,unknown,-0.0107421875,-0.008392333984375,-1.007232666015625
1647870388477,2022-03-21T13:46:28.477,unknown,-0.009918212890625,-0.0011749267578125,-1.0074005126953125
1647870388577,2022-03-21T13:46:28.577,unknown,-0.0144805908203125,-0.0202484130859375,-1.0534515380859375
1647870388676,2022-03-21T13:46:28.676,unknown,-0.0032196044921875,0.01654052734375,-1.013519287109375
1647870388776,2022-03-21T13:46:28.776,unknown,-0.0055084228515625,-0.00616455078125,-1.005462646484375
1647870388875,2022-03-21T13:46:28.875,unknown,-0.003997802734375,0.0026397705078125,-1.0064544677734375
1647870388975,2022-03-21T13:46:28.975,unknown,-0.0186767578125,-0.005615234375,-1.0089263916015625
1647870389074,2022-03-21T13:46:29.074,unknown,-0.0030975341796875,0.00299072265625,-1.004638671875
1647870389174,2022-03-21T13:46:29.174,unknown,-0.0031585693359375,-0.0006103515625,-1.0084381103515625
1647870389274,2022-03-21T13:46:29.274,unknown,-0.0161285400390625,-0.0017242431640625,-1.0074462890625
1647870389373,2022-03-21T13:46:29.373,unknown,-0.0041961669921875,-0.004608154296875,-1.00592041015625
1647870389473,2022-03-21T13:46:29.473,unknown,-0.0076751708984375,-0.0035552978515625,-1.007049560546875
1647870389572,2022-03-21T13:46:29.572,unknown,-0.011871337890625,-0.0027618408203125,-1.00653076171875
1647870389672,2022-03-21T13:46:29.672,unknown,-0.0046844482421875,-0.0035400390625,-1.0075836181640625
1647870389772,2022-03-21T13:46:29.772,unknown,-0.0071868896484375,-0.0009918212890625,-1.0048828125
1647870389871,2022-03-21T13:46:29.871,unknown,-0.0102691650390625,-0.0042572021484375,-1.0056915283203125
1647870389971,2022-03-21T13:46:29.971,unknown,-0.0077362060546875,-0.0010223388671875,-1.0077056884765625
1647870390070,2022-03-21T13:46:30.070,unknown,-0.008392333984375,-0.0092926025390625,-1.0033721923828125
1647870390170,2022-03-21T13:46:30.170,unknown,-0.0068511962890625,0.0086669921875,-1.0071868896484375
1647870390270,2022-03-21T13:46:30.270,unknown,-0.00537109375,-0.0120849609375,-1.00408935546875
1647870390369,2022-03-21T13:46:30.369,unknown,-0.012420654296875,0.0012664794921875,-1.0080413818359375
1647870390469,2022-03-21T13:46:30.469,unknown,-0.007965087890625,-0.00738525390625,-1.007965087890625
1647870390568,2022-03-21T13:46:30.568,unknown,-0.003875732421875,0.0021209716796875,-1.0031585693359375
1647870390668,2022-03-21T13:46:30.668,unknown,-0.01239013671875,-0.006500244140625,-1.0098114013671875
1647870390767,2022-03-21T13:46:30.767,unknown,-0.0061492919921875,-0.0018463134765625,-1.0020904541015625
1647870390867,2022-03-21T13:46:30.867,unknown,-0.0066070556640625,-0.005767822265625,-1.008056640625
1647870390967,2022-03-21T13:46:30.967,unknown,-0.0109710693359375,-0.0038604736328125,-1.0087432861328125
1647870391066,2022-03-21T13:46:31.066,unknown,-0.006683349609375,-0.0016021728515625,-1.0046234130859375
1647870391166,2022-03-21T13:46:31.166,unknown,-0.0058746337890625,-0.0062103271484375,-1.0090484619140625
1647870391265,2022-03-21T13:46:31.265,unknown,-0.0104827880859375,0.0008392333984375,-1.0051422119140625
1647870391365,2022-03-21T13:46:31.365,unknown,-0.0070953369140625,-0.0087738037109375,-1.00592041015625
1647870391465,2022-03-21T13:46:31.465,unknown,-0.007720947265625,0.0009918212890625,-1.0096588134765625
1647870391564,2022-03-21T13:46:31.564,unknown,-0.0089111328125,-0.0067138671875,-1.0032196044921875
1647870391664,2022-03-21T13:46:31.664,unknown,-0.0066986083984375,0.0007781982421875,-1.007354736328125
1647870391763,2022-03-21T13:46:31.763,unknown,-0.0098724365234375,-0.007476806640625,-1.0054168701171875
1647870391863,2022-03-21T13:46:31.863,unknown,-0.0089263916015625,-0.0020294189453125,-1.0057525634765625
1647870391962,2022-03-21T13:46:31.962,unknown,-0.006134033203125,-0.0023040771484375,-1.0081787109375
1647870392062,2022-03-21T13:46:32.062,unknown,-0.0094451904296875,-0.005584716796875,-1.004547119140625
1647870392162,2022-03-21T13:46:32.162,unknown,-0.00848388671875,-0.0029144287109375,-1.0073089599609375
1647870392261,2022-03-21T13:46:32.261,unknown,-0.0110931396484375,-0.00823974609375,-1.0056304931640625
1647870392361,2022-03-21T13:46:32.361,unknown,-0.0016937255859375,0.0078887939453125,-1.00616455078125
1647870392460,2022-03-21T13:46:32.460,unknown,-0.0103912353515625,-0.0075225830078125,-1.0081787109375
1647870392560,2022-03-21T13:46:32.560,unknown,-0.0114898681640625,-0.0006561279296875,-1.0049285888671875
1647870392660,2022-03-21T13:46:32.660,unknown,-0.0029296875,-0.0065155029296875,-1.00836181640625
1647870392759,2022-03-21T13:46:32.759,unknown,-0.009979248046875,-0.0008392333984375,-1.0067138671875
1647870392859,2022-03-21T13:46:32.859,unknown,-0.0116424560546875,-0.002899169921875,-1.0061492919921875
1647870392958,2022-03-21T13:46:32.958,unknown,-0.00201416015625,-0.006500244140625,-1.0081634521484375
1647870393058,2022-03-21T13:46:33.058,unknown,-0.01312255859375,0.004119873046875,-1.0044097900390625
1647870393157,2022-03-21T13:46:33.157,unknown,-0.009674072265625,-0.0072479248046875,-1.01165771484375
1647870393257,2022-03-21T13:46:33.257,unknown,-0.0012359619140625,0.0009002685546875,-1.0083160400390625
1647870393357,2022-03-21T13:46:33.357,unknown,-0.01287841796875,-0.0044403076171875,-1.0062408447265625
1647870393456,2022-03-21T13:46:33.456,unknown,-0.0091094970703125,-0.001983642578125,-1.0084991455078125
1647870393556,2022-03-21T13:46:33.556,unknown,-0.00518798828125,-0.0089111328125,-1.0009613037109375
1647870393655,2022-03-21T13:46:33.655,unknown,-0.009735107421875,0.002166748046875,-1.006927490234375
1647870393755,2022-03-21T13:46:33.755,unknown,-0.000823974609375,-0.018890380859375,-1.002166748046875
1647870393855,2022-03-21T13:46:33.855,unknown,-0.0221099853515625,0.0001678466796875,-1.03045654296875
1647870393954,2022-03-21T13:46:33.954,unknown,-0.0119781494140625,-0.0127716064453125,-1.0109405517578125
1647870394054,2022-03-21T13:46:34.054,unknown,-0.0023193359375,0.0049285888671875,-1.011627197265625
1647870394153,2022-03-21T13:46:34.153,unknown,-0.0173797607421875,-0.0073699951171875,-1.01385498046875
1647870394253,2022-03-21T13:46:34.253,unknown,0.0061492919921875,0.012603759765625,-1.01275634765625
1647870394352,2022-03-21T13:46:34.352,unknown,-0.0261077880859375,-0.003997802734375,-1.005615234375
1647870394452,2022-03-21T13:46:34.452,unknown,-0.01397705078125,-0.0132293701171875,-1.003021240234375
1647870394552,2022-03-21T13:46:34.552,unknown,0.0379638671875,0.0081787109375,-1.014007568359375
1647870394651,2022-03-21T13:46:34.651,unknown,-0.0304412841796875,-0.0074310302734375,-1.0132293701171875
1647870394751,2022-03-21T13:46:34.751,unknown,-0.0163116455078125,-0.04705810546875,-1.0168609619140625
1647870394850,2022-03-21T13:46:34.850,unknown,0.0113067626953125,0.02978515625,-1.00091552734375
1647870394950,2022-03-21T13:46:34.950,unknown,-0.03131103515625,-0.0374908447265625,-1.0067901611328125
1647870395050,2022-03-21T13:46:35.050,unknown,-0.0033721923828125,-0.0277862548828125,-1.00347900390625
1647870395149,2022-03-21T13:46:35.149,unknown,0.0066986083984375,0.0313873291015625,-1.00714111328125
1647870395249,2022-03-21T13:46:35.249,unknown,-0.024139404296875,-0.0213165283203125,-1.0077056884765625
1647870395348,2022-03-21T13:46:35.348,unknown,-0.0044708251953125,0.0141448974609375,-1.0052490234375
1647870395448,2022-03-21T13:46:35.448,unknown,-0.00164794921875,-0.018310546875,-1.0077362060546875
1647870395547,2022-03-21T13:46:35.547,unknown,-0.0155029296875,-0.000518798828125,-1.00286865234375
1647870395647,2022-03-21T13:46:35.647,unknown,-0.009857177734375,-0.008270263671875,-1.00823974609375
1647870395747,2022-03-21T13:46:35.747,unknown,0.00396728515625,-0.0083770751953125,-1.0076751708984375
1647870395846,2022-03-21T13:46:35.846,unknown,-0.0193023681640625,0.0062713623046875,-1.0043182373046875
1647870395946,2022-03-21T13:46:35.946,unknown,-0.007568359375,-0.013824462890625,-1.0078582763671875
1647870396045,2022-03-21T13:46:36.045,unknown,0.0022430419921875,0.00750732421875,-1.0048675537109375
1647870396145,2022-03-21T13:46:36.145,unknown,-0.01763916015625,-0.01483154296875,-1.0101470947265625
1647870396245,2022-03-21T13:46:36.245,unknown,-0.0067596435546875,0.0106964111328125,-1.006744384765625
1647870396344,2022-03-21T13:46:36.344,unknown,-0.0023193359375,-0.019378662109375,-0.999420166015625
1647870396444,2022-03-21T13:46:36.444,unknown,-0.0119781494140625,0.0015869140625,-1.014373779296875
1647870396543,2022-03-21T13:46:36.543,unknown,-0.01080322265625,-0.00689697265625,-0.9886016845703125
1647870396643,2022-03-21T13:46:36.643,unknown,0.0015869140625,0.017425537109375,-0.994873046875
1647870396742,2022-03-21T13:46:36.742,unknown,-0.011016845703125,-0.0077667236328125,-1.016143798828125
1647870396842,2022-03-21T13:46:36.842,unknown,-0.01068115234375,0.000396728515625,-1.0045623779296875
1647870396942,2022-03-21T13:46:36.942,unknown,-0.0042572021484375,-0.0135498046875,-1.004425048828125
1647870397041,2022-03-21T13:46:37.041,unknown,-0.0089111328125,3.0517578125e-05,-1.0044403076171875
1647870397141,2022-03-21T13:46:37.141,unknown,-0.0094451904296875,-0.0017852783203125,-1.0072784423828125
1647870397240,2022-03-21T13:46:37.240,unknown,-0.00518798828125,-0.001861572265625,-1.0088653564453125
1647870397340,2022-03-21T13:46:37.340,unknown,-0.0084381103515625,-0.0015869140625,-1.003692626953125
1647870397440,2022-03-21T13:46:37.440,unknown,-0.0109405517578125,-0.0080108642578125,-1.0101165771484375
1647870397539,2022-03-21T13:46:37.539,unknown,-0.0049896240234375,-0.0007781982421875,-1.004974365234375
1647870397639,2022-03-21T13:46:37.639,unknown,-0.0093841552734375,-0.007293701171875,-1.0074615478515625
1647870397738,2022-03-21T13:46:37.738,unknown,-0.0086517333984375,0.001556396484375,-1.0067901611328125
1647870397838,2022-03-21T13:46:37.838,unknown,-0.0067596435546875,-0.0071563720703125,-1.003570556640625
1647870397937,2022-03-21T13:46:37.937,unknown,-0.0078582763671875,0.0008544921875,-1.0055084228515625
1647870398037,2022-03-21T13:46:38.037,unknown,-0.0091400146484375,-0.0078277587890625,-1.002197265625
1647870398137,2022-03-21T13:46:38.137,unknown,-0.005462646484375,-0.0004425048828125,-1.0069580078125
1647870398236,2022-03-21T13:46:38.236,unknown,-0.0086669921875,-0.0061187744140625,-1.00714111328125
1647870398336,2022-03-21T13:46:38.336,unknown,-0.0090484619140625,-0.0008697509765625,-1.00543212890625
1647870398435,2022-03-21T13:46:38.435,unknown,-0.00701904296875,-0.00341796875,-1.009124755859375
1647870398535,2022-03-21T13:46:38.535,unknown,-0.0082244873046875,-0.004608154296875,-1.006378173828125
1647870398635,2022-03-21T13:46:38.635,unknown,-0.008270263671875,-0.0020294189453125,-1.010406494140625
1647870398734,2022-03-21T13:46:38.734,unknown,-0.0084381103515625,-0.00592041015625,-1.0098724365234375
1647870398834,2022-03-21T13:46:38.834,unknown,-0.0084991455078125,0.0001678466796875,-1.003021240234375
1647870398933,2022-03-21T13:46:38.933,unknown,-0.0088958740234375,-0.005645751953125,-1.0074920654296875
1647870399033,2022-03-21T13:46:39.033,unknown,-0.006927490234375,0.000152587890625,-1.003662109375
1647870399132,2022-03-21T13:46:39.132,unknown,-0.0091400146484375,-0.005889892578125,-1.004852294921875
1647870399232,2022-03-21T13:46:39.232,unknown,-0.008087158203125,-0.00048828125,-1.0077667236328125
1647870399332,2022-03-21T13:46:39.332,unknown,-0.007568359375,-0.0052337646484375,-1.006622314453125
1647870399431,2022-03-21T13:46:39.431,unknown,-0.008026123046875,-0.00262451171875,-1.0089569091796875
1647870399531,2022-03-21T13:46:39.531,unknown,-0.007843017578125,-0.0036468505859375,-1.0039215087890625
1647870399630,2022-03-21T13:46:39.630,unknown,-0.0080718994140625,-0.002532958984375,-1.0057525634765625
1647870399730,2022-03-21T13:46:39.730,unknown,-0.0087432861328125,-0.003082275390625,-1.0075531005859375
1647870399830,2022-03-21T13:46:39.830,unknown,-0.007080078125,-0.0038604736328125,-1.005401611328125
1647870399929,2022-03-21T13:46:39.929,unknown,-0.008026123046875,-0.0028076171875,-1.009490966796875
1647870400029,2022-03-21T13:46:40.029,unknown,-0.008026123046875,-0.004486083984375,-1.0059661865234375
1647870400128,2022-03-21T13:46:40.128,unknown,-0.0077362060546875,-0.0022735595703125,-1.007293701171875
1647870400228,2022-03-21T13:46:40.228,unknown,-0.0079803466796875,-0.0046539306640625,-1.0081329345703125
1647870400327,2022-03-21T13:46:40.327,unknown,-0.0077667236328125,-0.00238037109375,-1.005523681640625
1647870400427,2022-03-21T13:46:40.427,unknown,-0.0081939697265625,-0.0046844482421875,-1.006988525390625
1647870400527,2022-03-21T13:46:40.527,unknown,-0.00677490234375,-0.0028228759765625,-1.004791259765625
1647870400626,2022-03-21T13:46:40.626,unknown,-0.0083770751953125,-0.00433349609375,-1.00714111328125
1647870400726,2022-03-21T13:46:40.726,unknown,-0.00738525390625,-0.003326416015625,-1.0052337646484375
1647870400825,2022-03-21T13:46:40.825,unknown,-0.0074462890625,-0.00390625,-1.0025177001953125
1647870400925,2022-03-21T13:46:40.925,unknown,-0.0147857666015625,0.0322418212890625,-1.0422821044921875
1647870401025,2022-03-21T13:46:41.025,unknown,0.005645751953125,-0.0090179443359375,-0.998626708984375
1647870401124,2022-03-21T13:46:41.124,unknown,-0.0084686279296875,0.0263519287109375,-1.0048370361328125
1647870401224,2022-03-21T13:46:41.224,unknown,-0.01641845703125,-0.01971435546875,-1.015411376953125
1647870401323,2022-03-21T13:46:41.323,unknown,0.0035400390625,0.01397705078125,-1.0101776123046875
1647870401423,2022-03-21T13:46:41.423,unknown,-0.0148162841796875,-0.019805908203125,-1.0030975341796875
1647870401522,2022-03-21T13:46:41.522,unknown,-0.00927734375,0.0108489990234375,-1.0020751953125
1647870401622,2022-03-21T13:46:41.622,unknown,-0.0034637451171875,-0.0233001708984375,-1.009429931640625
1647870401722,2022-03-21T13:46:41.722,unknown,-0.012847900390625,0.0110931396484375,-1.011383056640625
1647870401821,2022-03-21T13:46:41.821,unknown,-0.0080718994140625,-0.0171966552734375,-1.002349853515625
1647870401921,2022-03-21T13:46:41.921,unknown,-0.00286865234375,0.00970458984375,-1.00604248046875
1647870402020,2022-03-21T13:46:42.020,unknown,-0.01605224609375,-0.0115814208984375,-1.00738525390625
1647870402120,2022-03-21T13:46:42.120,unknown,-0.0021209716796875,0.004150390625,-1.009246826171875
1647870402219,2022-03-21T13:46:42.219,unknown,-0.008758544921875,-0.0101470947265625,-1.0048828125
1647870402319,2022-03-21T13:46:42.319,unknown,-0.011749267578125,0.0006103515625,-1.001678466796875
1647870402419,2022-03-21T13:46:42.419,unknown,-0.003021240234375,-0.006195068359375,-1.0084381103515625
1647870402518,2022-03-21T13:46:42.518,unknown,-0.0102691650390625,-0.002777099609375,-1.0021514892578125
1647870402618,2022-03-21T13:46:42.618,unknown,-0.008697509765625,-0.0009002685546875,-1.0073394775390625
1647870402717,2022-03-21T13:46:42.717,unknown,-0.00537109375,-0.0064849853515625,-1.0092315673828125
1647870402817,2022-03-21T13:46:42.817,unknown,-0.0098419189453125,0.0009307861328125,-1.004364013671875
1647870402917,2022-03-21T13:46:42.917,unknown,-0.0096435546875,-0.01019287109375,-1.0121307373046875
1647870403016,2022-03-21T13:46:43.016,unknown,-0.0049896240234375,0.0032501220703125,-1.0069122314453125
1647870403116,2022-03-21T13:46:43.116,unknown,-0.011260986328125,-0.00726318359375,-1.0075225830078125
1647870403215,2022-03-21T13:46:43.215,unknown,-0.00634765625,0.0019683837890625,-1.0021820068359375
1647870403315,2022-03-21T13:46:43.315,unknown,-0.00762939453125,-0.0106048583984375,-1.0078887939453125
1647870403414,2022-03-21T13:46:43.414,unknown,-0.010711669921875,-0.0001068115234375,-1.0092010498046875
1647870403514,2022-03-21T13:46:43.514,unknown,-0.0052947998046875,-0.0062255859375,-1.003692626953125
1647870403614,2022-03-21T13:46:43.614,unknown,-0.0087127685546875,0.0009307861328125,-1.0064544677734375
1647870403713,2022-03-21T13:46:43.713,unknown,-0.008544921875,-0.006744384765625,-1.0115814208984375
1647870403813,2022-03-21T13:46:43.813,unknown,-0.0063018798828125,-0.0034027099609375,-1.0079193115234375
1647870403912,2022-03-21T13:46:43.912,unknown,-0.0103607177734375,-0.002655029296875,-1.0078887939453125
1647870404012,2022-03-21T13:46:44.012,unknown,-0.0066680908203125,-0.003021240234375,-1.002197265625
1647870404112,2022-03-21T13:46:44.112,unknown,-0.00787353515625,-0.0008087158203125,-1.0052490234375
1647870404211,2022-03-21T13:46:44.211,unknown,-0.0103912353515625,-0.0038909912109375,-1.00909423828125
1647870404311,2022-03-21T13:46:44.311,unknown,-0.0064239501953125,-0.00146484375,-1.0040435791015625
1647870404410,2022-03-21T13:46:44.410,unknown,-0.00799560546875,-0.0051422119140625,-1.005859375
1647870404510,2022-03-21T13:46:44.510,unknown,-0.00982666015625,-0.0029449462890625,-1.004302978515625
1647870404609,2022-03-21T13:46:44.609,unknown,-0.0063018798828125,-0.0052642822265625,-1.0109710693359375
1647870404709,2022-03-21T13:46:44.709,unknown,-0.00543212890625,-0.002471923828125,-1.0079193115234375
1647870404809,2022-03-21T13:46:44.809,unknown,-0.0115509033203125,-0.0116729736328125,-1.00018310546875
1647870404908,2022-03-21T13:46:44.908,unknown,-0.0070343017578125,-0.0055999755859375,-1.0081634521484375
1647870405008,2022-03-21T13:46:45.008,unknown,-0.007476806640625,-0.0034942626953125,-1.004669189453125
1647870405107,2022-03-21T13:46:45.107,unknown,-0.0104217529296875,-0.002288818359375,-1.005615234375
1647870405207,2022-03-21T13:46:45.207,unknown,-0.00506591796875,0.0002288818359375,-1.0103912353515625
1647870405307,2022-03-21T13:46:45.307,unknown,-0.0086669921875,-0.0077972412109375,-1.0106964111328125
1647870405406,2022-03-21T13:46:45.406,unknown,-0.009918212890625,-0.0024261474609375,-1.0062103271484375
1647870465430,2022-03-21T13:47:45.430,unknown,-0.0080413818359375,-0.0121002197265625,-1.0047760009765625
1647870465529,2022-03-21T13:47:45.529,unknown,-0.0074005126953125,-0.0077362060546875,-1.0064697265625
1647870465629,2022-03-21T13:47:45.629,unknown,-0.0098876953125,-0.00994873046875,-1.0065765380859375
1647870465728,2022-03-21T13:47:45.728,unknown,-0.006103515625,-0.0122528076171875,-1.003814697265625
1647870465828,2022-03-21T13:47:45.828,unknown,-0.0084686279296875,-0.0107879638671875,-1.0083770751953125
1647870465928,2022-03-21T13:47:45.928,unknown,-0.0095367431640625,-0.012115478515625,-1.00390625
1647870466027,2022-03-21T13:47:46.027,unknown,-0.0072021484375,-0.013702392578125,-1.0068817138671875
1647870466127,2022-03-21T13:47:46.127,unknown,-0.00946044921875,-0.0091552734375,-1.00982666015625
1647870466226,2022-03-21T13:47:46.226,unknown,-0.0079803466796875,-0.011322021484375,-1.004730224609375
1647870466326,2022-03-21T13:47:46.326,unknown,-0.00762939453125,-0.011810302734375,-1.0079193115234375
1647870466425,2022-03-21T13:47:46.425,unknown,-0.0081787109375,-0.0109405517578125,-1.00433349609375
1647870466525,2022-03-21T13:47:46.525,unknown,-0.008514404296875,-0.01177978515625,-1.006744384765625
1647870466625,2022-03-21T13:47:46.625,unknown,-0.0078887939453125,-0.010711669921875,-1.0084381103515625
1647870466724,2022-03-21T13:47:46.724,unknown,-0.0086212158203125,-0.009521484375,-1.0052490234375
1647870466824,2022-03-21T13:47:46.824,unknown,-0.008819580078125,-0.0102081298828125,-1.0074462890625
1647870466923,2022-03-21T13:47:46.923,unknown,-0.0088958740234375,-0.0109710693359375,-1.00421142578125
1647870467023,2022-03-21T13:47:47.023,unknown,-0.008331298828125,-0.0086822509765625,-1.0066680908203125
1647870467123,2022-03-21T13:47:47.123,unknown,-0.0081634521484375,-0.0106353759765625,-1.0062103271484375
1647870467222,2022-03-21T13:47:47.222,unknown,-0.008331298828125,-0.013214111328125,-1.0023956298828125
1647870467322,2022-03-21T13:47:47.322,unknown,-0.0082855224609375,-0.0071868896484375,-1.0088348388671875
1647870467421,2022-03-21T13:47:47.421,unknown,-0.0088348388671875,-0.0146484375,-1.0033416748046875
1647870467521,2022-03-21T13:47:47.521,unknown,-0.008697509765625,-0.0087890625,-1.00811767578125
1647870467620,2022-03-21T13:47:47.620,unknown,-0.0095367431640625,-0.009429931640625,-1.0067291259765625
1647870467720,2022-03-21T13:47:47.720,unknown,-0.009979248046875,-0.0097198486328125,-1.001800537109375
1647870467820,2022-03-21T13:47:47.820,unknown,-0.0062255859375,-0.011871337890625,-1.0093994140625
1647870467919,2022-03-21T13:47:47.919,unknown,-0.009735107421875,-0.01220703125,-1.003173828125
1647870468019,2022-03-21T13:47:48.019,unknown,-0.008270263671875,-0.0129852294921875,-1.0077362060546875
1647870468118,2022-03-21T13:47:48.118,unknown,-0.0051422119140625,-0.0090789794921875,-1.0049896240234375
1647870468218,2022-03-21T13:47:48.218,unknown,-0.0120086669921875,-0.0097808837890625,-1.0036468505859375
1647870468317,2022-03-21T13:47:48.317,unknown,-0.00677490234375,-0.0106964111328125,-1.00701904296875
1647870468417,2022-03-21T13:47:48.417,unknown,-0.0079803466796875,-0.0078277587890625,-1.003021240234375
1647870468517,2022-03-21T13:47:48.517,unknown,-0.009307861328125,-0.0103302001953125,-1.0081024169921875
1647870468616,2022-03-21T13:47:48.616,unknown,-0.0068206787109375,-0.0112457275390625,-1.0080718994140625
1647870468716,2022-03-21T13:47:48.716,unknown,-0.01025390625,-0.008575439453125,-1.0045623779296875
1647870468815,2022-03-21T13:47:48.815,unknown,-0.0075225830078125,-0.0094146728515625,-1.0082855224609375
1647870468915,2022-03-21T13:47:48.915,unknown,-0.01019287109375,-0.0133056640625,-1.003509521484375
1647870469015,2022-03-21T13:47:49.015,unknown,-0.005157470703125,-0.0096893310546875,-1.008880615234375
1647870469114,2022-03-21T13:47:49.114,unknown,-0.0114898681640625,-0.0118255615234375,-1.006195068359375
1647870469214,2022-03-21T13:47:49.214,unknown,-0.008209228515625,-0.0091400146484375,-1.00592041015625
1647870469313,2022-03-21T13:47:49.313,unknown,-0.0074462890625,-0.0113677978515625,-1.0092010498046875
1647870469413,2022-03-21T13:47:49.413,unknown,-0.0084075927734375,-0.0073394775390625,-1.00567626953125
1647870469512,2022-03-21T13:47:49.512,unknown,-0.0087738037109375,-0.0110015869140625,-1.0060272216796875
1647870469612,2022-03-21T13:47:49.612,unknown,-0.0074920654296875,-0.0136260986328125,-1.0064849853515625
1647870469712,2022-03-21T13:47:49.712,unknown,-0.00604248046875,-0.0100250244140625,-1.0025787353515625
1647870469811,2022-03-21T13:47:49.811,unknown,-0.0114593505859375,-0.0090179443359375,-1.0049285888671875
1647870469911,2022-03-21T13:47:49.911,unknown,-0.0105743408203125,-0.0076141357421875,-1.004669189453125
1647870470010,2022-03-21T13:47:50.010,unknown,-0.0039520263671875,-0.01123046875,-1.00579833984375
1647870470110,2022-03-21T13:47:50.110,unknown,-0.0132904052734375,-0.0108642578125,-1.0088958740234375
1647870470209,2022-03-21T13:47:50.209,unknown,-0.0033416748046875,-0.003173828125,-1.0044403076171875
1647870470309,2022-03-21T13:47:50.309,unknown,-0.0043792724609375,-0.0176239013671875,-1.00738525390625
1647870470409,2022-03-21T13:47:50.409,unknown,-0.02642822265625,-0.0048980712890625,-1.00390625
1647870470508,2022-03-21T13:47:50.508,unknown,0.007171630859375,-0.0131988525390625,-1.007171630859375
1647870470608,2022-03-21T13:47:50.608,unknown,-0.011749267578125,-0.01629638671875,-1.009185791015625
1647870470707,2022-03-21T13:47:50.707,unknown,-0.011077880859375,-0.001983642578125,-1.0023193359375
1647870470807,2022-03-21T13:47:50.807,unknown,-0.000946044921875,-0.020538330078125,-1.0105133056640625
1647870470907,2022-03-21T13:47:50.907,unknown,-0.0145416259765625,-0.008941650390625,-1.0055084228515625
1647870471006,2022-03-21T13:47:51.006,unknown,-0.0068359375,-0.0051422119140625,-1.0059051513671875
1647870471106,2022-03-21T13:47:51.106,unknown,-0.0070648193359375,-0.0126953125,-1.005645751953125
1647870471205,2022-03-21T13:47:51.205,unknown,-0.0091705322265625,-0.0030059814453125,-1.0018157958984375
1647870471305,2022-03-21T13:47:51.305,unknown,-0.0101776123046875,-0.0182342529296875,-1.0075531005859375
1647870471404,2022-03-21T13:47:51.404,unknown,-0.00408935546875,-0.0077362060546875,-1.00506591796875
1647870471504,2022-03-21T13:47:51.504,unknown,-0.014556884765625,-0.0087127685546875,-1.005462646484375
1647870471604,2022-03-21T13:47:51.604,unknown,-0.002105712890625,-0.0094146728515625,-1.0095672607421875
1647870471703,2022-03-21T13:47:51.703,unknown,-0.013916015625,-0.011627197265625,-1.004913330078125
1647870471803,2022-03-21T13:47:51.803,unknown,-0.007080078125,-0.01055908203125,-1.008392333984375
1647870471902,2022-03-21T13:47:51.902,unknown,-0.0046234130859375,-0.009765625,-1.0059356689453125
1647870472002,2022-03-21T13:47:52.002,unknown,-0.01220703125,-0.0142669677734375,-1.001922607421875
1647870472101,2022-03-21T13:47:52.101,unknown,-0.005645751953125,-0.0095977783203125,-1.0078125
1647870472201,2022-03-21T13:47:52.201,unknown,-0.00830078125,-0.0096435546875,-1.003875732421875
1647870472301,2022-03-21T13:47:52.301,unknown,-0.0130615234375,-0.0093994140625,-1.0099639892578125
1647870472400,2022-03-21T13:47:52.400,unknown,-0.0030364990234375,-0.01129150390625,-1.0025177001953125
1647870472500,2022-03-21T13:47:52.500,unknown,-0.0112152099609375,-0.009521484375,-1.0065155029296875
1647870472599,2022-03-21T13:47:52.599,unknown,-0.007415771484375,-0.0099029541015625,-1.00616455078125
1647870472699,2022-03-21T13:47:52.699,unknown,-0.00689697265625,-0.012451171875,-1.0042572021484375
1647870472798,2022-03-21T13:47:52.798,unknown,-0.0110626220703125,-0.0097808837890625,-1.0089263916015625
1647870472898,2022-03-21T13:47:52.898,unknown,-0.0069732666015625,-0.01177978515625,-1.0009765625
1647870472998,2022-03-21T13:47:52.998,unknown,-0.0105133056640625,-0.0086517333984375,-1.0054168701171875
1647870473097,2022-03-21T13:47:53.097,unknown,-0.0085906982421875,-0.011444091796875,-1.0062408447265625
1647870473197,2022-03-21T13:47:53.197,unknown,-0.0065155029296875,-0.0090179443359375,-1.0057220458984375
1647870473296,2022-03-21T13:47:53.296,unknown,-0.0108795166015625,-0.008880615234375,-1.008270263671875
1647870473396,2022-03-21T13:47:53.396,unknown,-0.006927490234375,-0.011199951171875,-1.0034332275390625
1647870473496,2022-03-21T13:47:53.496,unknown,-0.007568359375,-0.0072021484375,-1.0100555419921875
1647870473595,2022-03-21T13:47:53.595,unknown,-0.011138916015625,-0.01202392578125,-1.00799560546875
1647870473695,2022-03-21T13:47:53.695,unknown,-0.00677490234375,-0.010833740234375,-1.00543212890625
1647870473794,2022-03-21T13:47:53.794,unknown,-0.0081329345703125,-0.0084991455078125,-1.00836181640625
1647870473894,2022-03-21T13:47:53.894,unknown,-0.0096435546875,-0.013427734375,-1.0055999755859375
1647870473993,2022-03-21T13:47:53.993,unknown,-0.0068511962890625,-0.0076904296875,-1.006591796875
1647870474093,2022-03-21T13:47:54.093,unknown,-0.008544921875,-0.01007080078125,-1.0066680908203125
1647870474193,2022-03-21T13:47:54.193,unknown,-0.009979248046875,-0.01226806640625,-1.005828857421875
1647870474292,2022-03-21T13:47:54.292,unknown,-0.0068817138671875,-0.0088348388671875,-1.0087432861328125
1647870474392,2022-03-21T13:47:54.392,unknown,-0.00830078125,-0.0117645263671875,-1.00335693359375
1647870474491,2022-03-21T13:47:54.491,unknown,-0.009429931640625,-0.01092529296875,-1.007293701171875
1647870474591,2022-03-21T13:47:54.591,unknown,-0.00714111328125,-0.010528564453125,-1.004913330078125
1647870474690,2022-03-21T13:47:54.690,unknown,-0.0092926025390625,-0.01055908203125,-1.0048828125
1647870474790,2022-03-21T13:47:54.790,unknown,-0.00909423828125,-0.0112152099609375,-1.0087432861328125
1647870474890,2022-03-21T13:47:54.890,unknown,-0.0077362060546875,-0.009674072265625,-1.004425048828125
1647870474989,2022-03-21T13:47:54.989,unknown,-0.0088348388671875,-0.009979248046875,-1.0069580078125
1647870475089,2022-03-21T13:47:55.089,unknown,-0.007904052734375,-0.0084991455078125,-1.0066986083984375
1647870475188,2022-03-21T13:47:55.188,unknown,-0.006927490234375,-0.0107574462890625,-1.0037689208984375
1647870475288,2022-03-21T13:47:55.288,unknown,-0.0122528076171875,-0.0141448974609375,-1.00787353515625
1647870475388,2022-03-21T13:47:55.388,unknown,-0.00091552734375,-0.0032196044921875,-1.003021240234375
1647870475487,2022-03-21T13:47:55.487,unknown,-0.0135040283203125,-0.016876220703125,-1.00732421875
1647870475587,2022-03-21T13:47:55.587,unknown,-0.0095367431640625,-0.01080322265625,-1.0060882568359375
1647870475686,2022-03-21T13:47:55.686,unknown,-0.0030059814453125,-0.0055999755859375,-1.004119873046875
1647870475786,2022-03-21T13:47:55.786,unknown,-0.014923095703125,-0.0153961181640625,-1.009979248046875
1647870475885,2022-03-21T13:47:55.885,unknown,-0.0051116943359375,-0.005401611328125,-1.0031890869140625
1647870475985,2022-03-21T13:47:55.985,unknown,-0.007232666015625,-0.0105743408203125,-1.0061798095703125
1647870476085,2022-03-21T13:47:56.085,unknown,-0.011932373046875,-0.01263427734375,-1.0052337646484375
1647870476184,2022-03-21T13:47:56.184,unknown,-0.00372314453125,-0.0094451904296875,-1.0058746337890625
1647870476284,2022-03-21T13:47:56.284,unknown,-0.011627197265625,-0.014862060546875,-1.0090789794921875
1647870476383,2022-03-21T13:47:56.383,unknown,-0.0062408447265625,-0.010467529296875,-1.0044708251953125
1647870476483,2022-03-21T13:47:56.483,unknown,-0.0035247802734375,-0.0096282958984375,-1.007415771484375
1647870476582,2022-03-21T13:47:56.582,unknown,-0.0171966552734375,-0.0157623291015625,-1.00616455078125
1647870476682,2022-03-21T13:47:56.682,unknown,-0.0005035400390625,-0.002685546875,-1.0042877197265625
1647870476782,2022-03-21T13:47:56.782,unknown,-0.0082244873046875,-0.011810302734375,-1.0035247802734375
1647870476881,2022-03-21T13:47:56.881,unknown,-0.01416015625,-0.01177978515625,-1.0015411376953125
1647870476981,2022-03-21T13:47:56.981,unknown,-0.003509521484375,-0.0059661865234375,-1.0075836181640625
1647870477080,2022-03-21T13:47:57.080,unknown,-0.00836181640625,-0.0116424560546875,-1.0076446533203125
1647870477180,2022-03-21T13:47:57.180,unknown,-0.0151824951171875,-0.016937255859375,-1.0065460205078125
1647870477279,2022-03-21T13:47:57.279,unknown,0.00140380859375,-0.0046844482421875,-1.0092010498046875
1647870477379,2022-03-21T13:47:57.379,unknown,-0.015625,-0.0154266357421875,-1.0028228759765625
1647870477479,2022-03-21T13:47:57.479,unknown,-0.007354736328125,-0.012725830078125,-1.008544921875
1647870477578,2022-03-21T13:47:57.578,unknown,-0.005035400390625,-0.00958251953125,-1.0058135986328125
1647870477678,2022-03-21T13:47:57.678,unknown,-0.0130157470703125,-0.014556884765625,-1.004302978515625
1647870477777,2022-03-21T13:47:57.777,unknown,-0.004180908203125,-0.0095672607421875,-1.0070648193359375
1647870477877,2022-03-21T13:47:57.877,unknown,-0.00811767578125,-0.0109710693359375,-1.003387451171875
1647870477977,2022-03-21T13:47:57.977,unknown,-0.011016845703125,-0.0123748779296875,-1.0069732666015625
1647870478076,2022-03-21T13:47:58.076,unknown,-0.00494384765625,-0.009490966796875,-1.0065460205078125
1647870478176,2022-03-21T13:47:58.176,unknown,-0.009735107421875,-0.01251220703125,-1.0055084228515625
1647870478275,2022-03-21T13:47:58.275,unknown,-0.008453369140625,-0.0110321044921875,-1.0073089599609375
1647870478375,2022-03-21T13:47:58.375,unknown,-0.0061798095703125,-0.0095977783203125,-1.004608154296875
1647870478474,2022-03-21T13:47:58.474,unknown,-0.0106048583984375,-0.0136871337890625,-1.0082550048828125
1647870478574,2022-03-21T13:47:58.574,unknown,-0.0066070556640625,-0.0080413818359375,-1.0075225830078125
1647870478674,2022-03-21T13:47:58.674,unknown,-0.0088958740234375,-0.0113525390625,-1.0037384033203125
1647870478773,2022-03-21T13:47:58.773,unknown,-0.0119781494140625,-0.013916015625,-1.0091705322265625
1647870478873,2022-03-21T13:47:58.873,unknown,-0.0032958984375,-0.00457763671875,-1.0059814453125
1647870478972,2022-03-21T13:47:58.972,unknown,-0.01190185546875,-0.0134124755859375,-1.0083770751953125
1647870479072,2022-03-21T13:47:59.072,unknown,-0.0089874267578125,-0.01068115234375,-1.006744384765625
1647870479171,2022-03-21T13:47:59.171,unknown,-0.0064849853515625,-0.008056640625,-1.0044708251953125
1647870479271,2022-03-21T13:47:59.271,unknown,-0.01190185546875,-0.0125732421875,-1.00927734375
1647870479371,2022-03-21T13:47:59.371,unknown,-0.004852294921875,-0.00970458984375,-1.003692626953125
1647870479470,2022-03-21T13:47:59.470,unknown,-0.0079345703125,-0.0098114013671875,-1.0054779052734375
1647870479570,2022-03-21T13:47:59.570,unknown,-0.010040283203125,-0.0128173828125,-1.0049285888671875
1647870479669,2022-03-21T13:47:59.669,unknown,-0.0041656494140625,-0.0067901611328125,-1.0040283203125
1647870479769,2022-03-21T13:47:59.769,unknown,-0.0123138427734375,-0.0147857666015625,-1.0083465576171875
1647870479868,2022-03-21T13:47:59.868,unknown,-0.0058135986328125,-0.0091552734375,-1.001708984375
1647870479968,2022-03-21T13:47:59.968,unknown,-0.0080413818359375,-0.012908935546875,-1.0072479248046875
1647870480068,2022-03-21T13:48:00.068,unknown,-0.0080413818359375,-0.010650634765625,-1.004852294921875
1647870480167,2022-03-21T13:48:00.167,unknown,-0.0117340087890625,-0.0120849609375,-1.00396728515625
1647870480267,2022-03-21T13:48:00.267,unknown,-0.006744384765625,-0.007598876953125,-1.00921630859375
1647870480366,2022-03-21T13:48:00.366,unknown,-0.0071868896484375,-0.0092926025390625,-1.003814697265625
1647870480466,2022-03-21T13:48:00.466,unknown,-0.0118560791015625,-0.012603759765625,-1.0093994140625
1647870480566,2022-03-21T13:48:00.566,unknown,-0.00531005859375,-0.00775146484375,-1.0075225830078125
1647870480665,2022-03-21T13:48:00.665,unknown,-0.008941650390625,-0.0140533447265625,-1.004302978515625
1647870480765,2022-03-21T13:48:00.765,unknown,-0.0096282958984375,-0.0120086669921875,-1.0073699951171875
1647870480864,2022-03-21T13:48:00.864,unknown,-0.0049591064453125,-0.00811767578125,-1.0031280517578125
1647870480964,2022-03-21T13:48:00.964,unknown,-0.01141357421875,-0.0131988525390625,-1.00762939453125
1647870481063,2022-03-21T13:48:01.063,unknown,-0.0046234130859375,-0.0091705322265625,-1.0073089599609375
1647870481163,2022-03-21T13:48:01.163,unknown,-0.009521484375,-0.0086212158203125,-1.003875732421875
1647870481263,2022-03-21T13:48:01.263,unknown,-0.0101318359375,-0.0124359130859375,-1.00933837890625
1647870481362,2022-03-21T13:48:01.362,unknown,-0.0061187744140625,-0.0083465576171875,-1.00543212890625
1647870481462,2022-03-21T13:48:01.462,unknown,-0.0119781494140625,-0.0126953125,-1.0081024169921875
1647870481561,2022-03-21T13:48:01.561,unknown,-0.00421142578125,-0.0108795166015625,-1.0078887939453125
1647870481661,2022-03-21T13:48:01.661,unknown,-0.0109405517578125,-0.0096282958984375,-1.0047760009765625
1647870481760,2022-03-21T13:48:01.760,unknown,-0.007110595703125,-0.0126495361328125,-1.008880615234375
1647870481860,2022-03-21T13:48:01.860,unknown,-0.0108184814453125,-0.010650634765625,-1.0037078857421875
1647870481960,2022-03-21T13:48:01.960,unknown,-0.0048065185546875,-0.00494384765625,-1.006439208984375
1647870482059,2022-03-21T13:48:02.059,unknown,-0.012237548828125,-0.016357421875,-1.0072784423828125
1647870482159,2022-03-21T13:48:02.159,unknown,-0.0062408447265625,-0.0077972412109375,-1.0074310302734375
1647870482258,2022-03-21T13:48:02.258,unknown,-0.009429931640625,-0.0091552734375,-1.008026123046875
1647870482358,2022-03-21T13:48:02.358,unknown,-0.009979248046875,-0.0123291015625,-1.0054779052734375
1647870482458,2022-03-21T13:48:02.458,unknown,-0.0050811767578125,-0.00823974609375,-1.0049285888671875
1647870482557,2022-03-21T13:48:02.557,unknown,-0.0091705322265625,-0.012176513671875,-1.006988525390625
1647870482657,2022-03-21T13:48:02.657,unknown,-0.01092529296875,-0.0120391845703125,-1.005157470703125
1647870482756,2022-03-21T13:48:02.756,unknown,-0.0061492919921875,-0.0086517333984375,-1.008453369140625
1647870482856,2022-03-21T13:48:02.856,unknown,-0.0099945068359375,-0.015411376953125,-1.0064544677734375
1647870482955,2022-03-21T13:48:02.955,unknown,-0.00701904296875,-0.0059356689453125,-1.0066375732421875
1647870483055,2022-03-21T13:48:03.055,unknown,-0.00732421875,-0.014495849609375,-1.00885009765625
1647870483155,2022-03-21T13:48:03.155,unknown,-0.01080322265625,-0.0070343017578125,-1.0039215087890625
1647870483254,2022-03-21T13:48:03.254,unknown,-0.0083160400390625,-0.010162353515625,-1.010589599609375
1647870483354,2022-03-21T13:48:03.354,unknown,-0.0066375732421875,-0.0120697021484375,-1.004638671875
1647870483453,2022-03-21T13:48:03.453,unknown,-0.0108642578125,-0.0114593505859375,-1.0048065185546875
1647870483553,2022-03-21T13:48:03.553,unknown,-0.00579833984375,-0.0113677978515625,-1.006011962890625
1647870483652,2022-03-21T13:48:03.652,unknown,-0.0084228515625,-0.0114593505859375,-1.0039520263671875
1647870483752,2022-03-21T13:48:03.752,unknown,-0.00982666015625,-0.0115966796875,-1.0073394775390625
1647870483852,2022-03-21T13:48:03.852,unknown,-0.0064544677734375,-0.0106048583984375,-1.0047760009765625
1647870483951,2022-03-21T13:48:03.951,unknown,-0.010345458984375,-0.0108795166015625,-1.0091094970703125
1647870484051,2022-03-21T13:48:04.051,unknown,-0.007415771484375,-0.0098876953125,-1.00701904296875
1647870484150,2022-03-21T13:48:04.150,unknown,-0.007415771484375,-0.0128326416015625,-1.005523681640625
1647870484250,2022-03-21T13:48:04.250,unknown,-0.0111236572265625,-0.007843017578125,-1.0108795166015625
1647870484349,2022-03-21T13:48:04.349,unknown,-0.005523681640625,-0.0112457275390625,-1.004180908203125
1647870484449,2022-03-21T13:48:04.449,unknown,-0.0120391845703125,-0.0093841552734375,-1.0059051513671875
1647870484549,2022-03-21T13:48:04.549,unknown,-0.0057373046875,-0.01031494140625,-1.00665283203125
1647870484648,2022-03-21T13:48:04.648,unknown,-0.009918212890625,-0.01214599609375,-1.0057525634765625
1647870484748,2022-03-21T13:48:04.748,unknown,-0.0110626220703125,-0.01055908203125,-1.0076904296875
1647870484847,2022-03-21T13:48:04.847,unknown,-0.004730224609375,-0.01104736328125,-1.003997802734375
1647870484947,2022-03-21T13:48:04.947,unknown,-0.0114898681640625,-0.0134124755859375,-1.0078582763671875
1647870485047,2022-03-21T13:48:05.047,unknown,-0.0059356689453125,-0.007781982421875,-1.005584716796875
1647870485146,2022-03-21T13:48:05.146,unknown,-0.011627197265625,-0.0126495361328125,-1.006103515625
1647870485246,2022-03-21T13:48:05.246,unknown,-0.0030059814453125,-0.0064849853515625,-1.00823974609375
1647870485345,2022-03-21T13:48:05.345,unknown,-0.0162200927734375,-0.0171966552734375,-1.0015869140625
1647870485445,2022-03-21T13:48:05.445,unknown,-0.0027313232421875,-0.0056304931640625,-1.006988525390625
1647870485544,2022-03-21T13:48:05.544,unknown,-0.0107269287109375,-0.007720947265625,-1.00640869140625
1647870485644,2022-03-21T13:48:05.644,unknown,-0.011474609375,-0.01324462890625,-1.0033416748046875
1647870485744,2022-03-21T13:48:05.744,unknown,-0.004547119140625,-0.0072021484375,-1.0070037841796875
1647870485843,2022-03-21T13:48:05.843,unknown,-0.0121307373046875,-0.0113983154296875,-1.0048370361328125
1647870485943,2022-03-21T13:48:05.943,unknown,-0.007232666015625,-0.0123291015625,-1.0076446533203125
1647870486042,2022-03-21T13:48:06.042,unknown,-0.00677490234375,-0.007720947265625,-1.0064239501953125
1647870486142,2022-03-21T13:48:06.142,unknown,-0.012115478515625,-0.013458251953125,-1.00579833984375
1647870486241,2022-03-21T13:48:06.241,unknown,-0.005340576171875,-0.0103759765625,-1.0074310302734375
1647870486341,2022-03-21T13:48:06.341,unknown,-0.0081939697265625,-0.0085296630859375,-1.00299072265625
1647870486441,2022-03-21T13:48:06.441,unknown,-0.01055908203125,-0.0138092041015625,-1.007415771484375
1647870486540,2022-03-21T13:48:06.540,unknown,-0.00665283203125,-0.0145263671875,-1.0051116943359375
1647870486640,2022-03-21T13:48:06.640,unknown,-0.0121002197265625,0.00775146484375,-1.0061798095703125
1647870486739,2022-03-21T13:48:06.739,unknown,-0.0015411376953125,-0.0204010009765625,-1.008544921875
1647870486839,2022-03-21T13:48:06.839,unknown,-0.0133209228515625,-0.01318359375,-1.003631591796875
1647870486938,2022-03-21T13:48:06.938,unknown,-0.010955810546875,0.0138092041015625,-1.001922607421875
1647870487038,2022-03-21T13:48:07.038,unknown,-0.13525390625,-0.0464935302734375,-1.110321044921875
1647870487138,2022-03-21T13:48:07.138,unknown,-0.165252685546875,-0.3143310546875,-0.9932098388671875
1647870487233,2022-03-21T13:48:07.233,unknown,0.0019378662109375,-0.0343780517578125,-1.0131378173828125
1647870487333,2022-03-21T13:48:07.333,unknown,-0.130401611328125,-0.1474456787109375,-0.994781494140625
1647870487433,2022-03-21T13:48:07.433,unknown,0.0158233642578125,0.1470184326171875,-1.0122222900390625
1647870487532,2022-03-21T13:48:07.532,unknown,-0.046905517578125,0.03228759765625,-1.0096282958984375
1647870487632,2022-03-21T13:48:07.632,unknown,0.1530609130859375,0.1225433349609375,-1.31475830078125
1647870487731,2022-03-21T13:48:07.731,unknown,0.465301513671875,0.0725250244140625,-1.1749420166015625
1647870487831,2022-03-21T13:48:07.831,unknown,0.422515869140625,-0.061676025390625,-0.8214263916015625
1647870487930,2022-03-21T13:48:07.930,unknown,0.636322021484375,-0.1927490234375,-0.4263916015625
1647870488030,2022-03-21T13:48:08.030,unknown,0.625396728515625,-0.396759033203125,-0.5773468017578125
1647870488130,2022-03-21T13:48:08.130,unknown,0.7055206298828125,-0.4395751953125,-0.4953765869140625
1647870488229,2022-03-21T13:48:08.229,unknown,0.7028961181640625,-0.4192352294921875,-0.4190826416015625
1647870488329,2022-03-21T13:48:08.329,unknown,0.57574462890625,-0.509765625,-0.5778350830078125
1647870488428,2022-03-21T13:48:08.428,unknown,0.4783935546875,-0.50543212890625,-0.6786956787109375
1647870488528,2022-03-21T13:48:08.528,unknown,0.3980560302734375,-0.506683349609375,-0.6238555908203125
1647870488628,2022-03-21T13:48:08.628,unknown,0.29931640625,-0.5056610107421875,-0.665496826171875
1647870488727,2022-03-21T13:48:08.727,unknown,0.181427001953125,-0.548370361328125,-0.8065185546875
1647870488827,2022-03-21T13:48:08.827,unknown,0.061492919921875,-0.541748046875,-0.7576141357421875
1647870488926,2022-03-21T13:48:08.926,unknown,0.0626678466796875,-0.491241455078125,-0.8094024658203125
1647870489026,2022-03-21T13:48:09.026,unknown,0.224029541015625,-0.5889434814453125,-0.817047119140625
1647870489125,2022-03-21T13:48:09.125,unknown,0.634735107421875,-0.5552978515625,-1.0723876953125
1647870489225,2022-03-21T13:48:09.225,unknown,0.7859954833984375,-0.582916259765625,-0.574615478515625
1647870489325,2022-03-21T13:48:09.325,unknown,0.81756591796875,-0.597381591796875,-0.0765380859375
1647870489424,2022-03-21T13:48:09.424,unknown,0.3620452880859375,-0.788543701171875,-0.271392822265625
1647870489524,2022-03-21T13:48:09.524,unknown,1.089508056640625,-0.9986724853515625,0.3384552001953125
1647870489623,2022-03-21T13:48:09.623,unknown,0.53369140625,-0.490234375,0.3162841796875
1647870489723,2022-03-21T13:48:09.723,unknown,0.5865936279296875,-0.6203765869140625,0.79644775390625
1647870489822,2022-03-21T13:48:09.822,unknown,1.0020599365234375,0.0157470703125,1.191162109375
1647870489922,2022-03-21T13:48:09.922,unknown,0.4230194091796875,0.1801910400390625,1.0222015380859375
1647870490022,2022-03-21T13:48:10.022,unknown,0.0585479736328125,-0.06097412109375,0.889373779296875
1647870490121,2022-03-21T13:48:10.121,unknown,-0.0743560791015625,0.048797607421875,1.0559539794921875
1647870490221,2022-03-21T13:48:10.221,unknown,-0.159942626953125,0.0212554931640625,0.8638153076171875
1647870490320,2022-03-21T13:48:10.320,unknown,-0.044647216796875,0.028533935546875,1.0031280517578125
1647870490420,2022-03-21T13:48:10.420,unknown,-0.053070068359375,0.0181427001953125,1.0012054443359375
1647870490520,2022-03-21T13:48:10.520,unknown,-0.0551605224609375,0.0248870849609375,0.9913177490234375
1647870490619,2022-03-21T13:48:10.619,unknown,-0.0430755615234375,0.022705078125,0.9925537109375
1647870490719,2022-03-21T13:48:10.719,unknown,-0.0541534423828125,0.0241851806640625,0.9980621337890625
1647870490818,2022-03-21T13:48:10.818,unknown,-0.0498199462890625,0.017669677734375,0.9917449951171875
1647870490918,2022-03-21T13:48:10.918,unknown,-0.0461578369140625,0.0258941650390625,0.99432373046875
1647870491017,2022-03-21T13:48:11.017,unknown,-0.0618438720703125,0.02374267578125,0.9945068359375
1647870491117,2022-03-21T13:48:11.117,unknown,-0.0471343994140625,0.0166778564453125,0.9895782470703125
1647870491217,2022-03-21T13:48:11.217,unknown,-0.044586181640625,0.022796630859375,0.9975433349609375
1647870491316,2022-03-21T13:48:11.316,unknown,-0.0579376220703125,0.01983642578125,0.9911651611328125
1647870491416,2022-03-21T13:48:11.416,unknown,-0.0493927001953125,0.0203857421875,0.99481201171875
1647870491515,2022-03-21T13:48:11.515,unknown,-0.0470123291015625,0.0218505859375,0.99676513671875
1647870491615,2022-03-21T13:48:11.615,unknown,-0.05487060546875,0.0165252685546875,0.9923553466796875
1647870491714,2022-03-21T13:48:11.714,unknown,-0.049957275390625,0.0249176025390625,0.9968414306640625
1647870491814,2022-03-21T13:48:11.814,unknown,-0.047882080078125,0.0207977294921875,0.9908905029296875
1647870491914,2022-03-21T13:48:11.914,unknown,-0.053375244140625,0.01605224609375,0.994476318359375
1647870492013,2022-03-21T13:48:12.013,unknown,-0.048858642578125,0.025848388671875,0.9939117431640625
1647870492113,2022-03-21T13:48:12.113,unknown,-0.051361083984375,0.0169677734375,0.9905853271484375
1647870492212,2022-03-21T13:48:12.212,unknown,-0.0489044189453125,0.0162811279296875,0.99652099609375
1647870492312,2022-03-21T13:48:12.312,unknown,-0.0514678955078125,0.02532958984375,0.993255615234375
1647870492411,2022-03-21T13:48:12.411,unknown,-0.049591064453125,0.0204010009765625,0.9958038330078125
1647870492511,2022-03-21T13:48:12.511,unknown,-0.0545806884765625,0.0195465087890625,0.994293212890625
1647870492611,2022-03-21T13:48:12.611,unknown,-0.0469818115234375,0.022064208984375,0.991912841796875
1647870492710,2022-03-21T13:48:12.710,unknown,-0.0543975830078125,0.01995849609375,0.9974365234375
1647870492810,2022-03-21T13:48:12.810,unknown,-0.0504608154296875,0.0213470458984375,0.9923858642578125
1647870492909,2022-03-21T13:48:12.909,unknown,-0.0503692626953125,0.021026611328125,0.9951171875
1647870493009,2022-03-21T13:48:13.009,unknown,-0.05108642578125,0.0189208984375,0.9943389892578125
1647870493109,2022-03-21T13:48:13.109,unknown,-0.05023193359375,0.0221710205078125,0.9911651611328125
1647870493208,2022-03-21T13:48:13.208,unknown,-0.0518646240234375,0.017822265625,0.9969940185546875
1647870493308,2022-03-21T13:48:13.308,unknown,-0.050384521484375,0.021148681640625,0.9927520751953125
1647870493407,2022-03-21T13:48:13.407,unknown,-0.052154541015625,0.021697998046875,0.993988037109375
1647870493507,2022-03-21T13:48:13.507,unknown,-0.05096435546875,0.020172119140625,0.9950714111328125
1647870493606,2022-03-21T13:48:13.606,unknown,-0.051513671875,0.0238800048828125,0.99163818359375
1647870493706,2022-03-21T13:48:13.706,unknown,-0.050201416015625,0.014801025390625,0.99786376953125
1647870493806,2022-03-21T13:48:13.806,unknown,-0.051727294921875,0.0241546630859375,0.9941253662109375
1647870493905,2022-03-21T13:48:13.905,unknown,-0.051116943359375,0.018951416015625,0.99298095703125
1647870494005,2022-03-21T13:48:14.005,unknown,-0.0488433837890625,0.0193634033203125,0.996368408203125
1647870494104,2022-03-21T13:48:14.104,unknown,-0.052001953125,0.0216827392578125,0.993133544921875
1647870494204,2022-03-21T13:48:14.204,unknown,-0.0477294921875,0.016632080078125,0.994598388671875
1647870494303,2022-03-21T13:48:14.303,unknown,-0.0528564453125,0.0211944580078125,0.9923858642578125
1647870494403,2022-03-21T13:48:14.403,unknown,-0.0507659912109375,0.0176239013671875,0.994415283203125
1647870494503,2022-03-21T13:48:14.503,unknown,-0.0513916015625,0.0196533203125,0.9963836669921875
1647870494602,2022-03-21T13:48:14.602,unknown,-0.0464935302734375,0.0192108154296875,0.9902191162109375
1647870494702,2022-03-21T13:48:14.702,unknown,-0.054595947265625,0.026336669921875,0.99749755859375
1647870494801,2022-03-21T13:48:14.801,unknown,-0.052886962890625,0.018157958984375,0.9921112060546875
1647870494901,2022-03-21T13:48:14.901,unknown,-0.048492431640625,0.021514892578125,0.99176025390625
1647870495000,2022-03-21T13:48:15.000,unknown,-0.0511474609375,0.0230712890625,0.9966278076171875
1647870495100,2022-03-21T13:48:15.100,unknown,-0.0517578125,0.01861572265625,0.99151611328125
1647870495200,2022-03-21T13:48:15.200,unknown,-0.0484619140625,0.019256591796875,0.99566650390625
1647870495299,2022-03-21T13:48:15.299,unknown,-0.0509796142578125,0.0196990966796875,0.9926910400390625
1647870495399,2022-03-21T13:48:15.399,unknown,-0.0508575439453125,0.0196533203125,0.9935760498046875
1647870495498,2022-03-21T13:48:15.498,unknown,-0.0507659912109375,0.021240234375,0.996856689453125
1647870495598,2022-03-21T13:48:15.598,unknown,-0.05047607421875,0.0182952880859375,0.99072265625
1647870495698,2022-03-21T13:48:15.698,unknown,-0.0518646240234375,0.020721435546875,0.9970855712890625
1647870495797,2022-03-21T13:48:15.797,unknown,-0.0504150390625,0.020416259765625,0.9922027587890625
1647870495897,2022-03-21T13:48:15.897,unknown,-0.0517730712890625,0.0210113525390625,0.9933319091796875
1647870495996,2022-03-21T13:48:15.996,unknown,-0.0498046875,0.021148681640625,0.995941162109375
1647870496096,2022-03-21T13:48:16.096,unknown,-0.04925537109375,0.019256591796875,0.990814208984375
1647870496195,2022-03-21T13:48:16.195,unknown,-0.0570831298828125,0.0202789306640625,0.996917724609375
1647870496295,2022-03-21T13:48:16.295,unknown,-0.044219970703125,0.0283660888671875,0.994781494140625
1647870496395,2022-03-21T13:48:16.395,unknown,-0.0595855712890625,0.0154571533203125,0.992767333984375
1647870496494,2022-03-21T13:48:16.494,unknown,-0.0551910400390625,0.0235748291015625,0.995849609375
1647870496594,2022-03-21T13:48:16.594,unknown,-0.0385589599609375,0.0230560302734375,0.9893951416015625
1647870496693,2022-03-21T13:48:16.693,unknown,-0.0574493408203125,0.0153961181640625,0.998138427734375
1647870496793,2022-03-21T13:48:16.793,unknown,-0.0519256591796875,0.0219268798828125,0.9920196533203125
1647870496892,2022-03-21T13:48:16.892,unknown,-0.0453033447265625,0.0208282470703125,0.9937591552734375
1647870496992,2022-03-21T13:48:16.992,unknown,-0.0582122802734375,0.01983642578125,0.9950714111328125
1647870497092,2022-03-21T13:48:17.092,unknown,-0.0464935302734375,0.0166015625,0.989654541015625
1647870497191,2022-03-21T13:48:17.191,unknown,-0.039215087890625,0.019927978515625,0.995330810546875
1647870497291,2022-03-21T13:48:17.291,unknown,-0.0563507080078125,0.02484130859375,0.9920501708984375
1647870497390,2022-03-21T13:48:17.390,unknown,-0.0667266845703125,0.01666259765625,0.9939117431640625
1647870497490,2022-03-21T13:48:17.490,unknown,-0.0322113037109375,0.0097198486328125,0.992279052734375
1647870497589,2022-03-21T13:48:17.589,unknown,-0.0445709228515625,0.023101806640625,0.991851806640625
1647870497689,2022-03-21T13:48:17.689,unknown,-0.0724945068359375,0.033721923828125,0.99761962890625
1647870497789,2022-03-21T13:48:17.789,unknown,-0.026763916015625,0.00323486328125,0.9891357421875
1647870497888,2022-03-21T13:48:17.888,unknown,-0.0581817626953125,0.0128173828125,0.9934844970703125
1647870497988,2022-03-21T13:48:17.988,unknown,-0.0681304931640625,0.050018310546875,0.9976348876953125
1647870498087,2022-03-21T13:48:18.087,unknown,-0.0280303955078125,0.020263671875,0.990692138671875
1647870498187,2022-03-21T13:48:18.187,unknown,-0.0720367431640625,0.027374267578125,0.9966583251953125
1647870498287,2022-03-21T13:48:18.287,unknown,-0.045501708984375,0.0146331787109375,0.9915008544921875
1647870498386,2022-03-21T13:48:18.386,unknown,-0.0407562255859375,0.03350830078125,0.9937744140625
1647870498486,2022-03-21T13:48:18.486,unknown,-0.063751220703125,0.010284423828125,0.99615478515625
1647870498585,2022-03-21T13:48:18.585,unknown,-0.0447540283203125,0.0306854248046875,0.991851806640625
1647870498685,2022-03-21T13:48:18.685,unknown,-0.0458984375,0.0178680419921875,0.9949798583984375
1647870498784,2022-03-21T13:48:18.784,unknown,-0.063507080078125,0.0238189697265625,0.9935150146484375
1647870498884,2022-03-21T13:48:18.884,unknown,-0.0394439697265625,0.0219879150390625,0.9931488037109375
1647870498984,2022-03-21T13:48:18.984,unknown,-0.054290771484375,0.02545166015625,0.995147705078125
1647870499083,2022-03-21T13:48:19.083,unknown,-0.05615234375,0.018341064453125,0.9893798828125
1647870499183,2022-03-21T13:48:19.183,unknown,-0.0421600341796875,0.02789306640625,0.9984893798828125
1647870499282,2022-03-21T13:48:19.282,unknown,-0.056365966796875,0.01934814453125,0.9910888671875
1647870499382,2022-03-21T13:48:19.382,unknown,-0.0506591796875,0.0225830078125,0.9932403564453125
1647870499481,2022-03-21T13:48:19.481,unknown,-0.0455322265625,0.02301025390625,0.9958953857421875
1647870499581,2022-03-21T13:48:19.581,unknown,-0.057861328125,0.0211639404296875,0.9907989501953125
1647870499681,2022-03-21T13:48:19.681,unknown,-0.0482635498046875,0.0264129638671875,0.99530029296875
1647870499780,2022-03-21T13:48:19.780,unknown,-0.050750732421875,0.0226593017578125,0.99420166015625
1647870499880,2022-03-21T13:48:19.880,unknown,-0.0554962158203125,0.0235595703125,0.9898223876953125
1647870499979,2022-03-21T13:48:19.979,unknown,-0.0464324951171875,0.022216796875,0.9922332763671875
1647870500079,2022-03-21T13:48:20.079,unknown,-0.0524444580078125,0.024444580078125,0.9916839599609375
1647870500178,2022-03-21T13:48:20.178,unknown,-0.0541839599609375,0.019927978515625,0.99664306640625
1647870500278,2022-03-21T13:48:20.278,unknown,-0.0475311279296875,0.0261383056640625,0.9911346435546875
1647870500378,2022-03-21T13:48:20.378,unknown,-0.05194091796875,0.022491455078125,0.9928131103515625
1647870500477,2022-03-21T13:48:20.477,unknown,-0.0531005859375,0.0251312255859375,0.995513916015625
1647870500577,2022-03-21T13:48:20.577,unknown,-0.0488128662109375,0.0210723876953125,0.989227294921875
1647870500676,2022-03-21T13:48:20.676,unknown,-0.0570526123046875,0.018798828125,0.9897613525390625
1647870500776,2022-03-21T13:48:20.776,unknown,-0.0531005859375,0.0242919921875,0.99298095703125
1647870500876,2022-03-21T13:48:20.876,unknown,-0.04278564453125,0.02386474609375,0.9917449951171875
1647870500975,2022-03-21T13:48:20.975,unknown,-0.055511474609375,0.0205230712890625,0.9968719482421875
1647870501075,2022-03-21T13:48:21.075,unknown,-0.05023193359375,0.02191162109375,0.9910888671875
1647870501174,2022-03-21T13:48:21.174,unknown,-0.0469512939453125,0.0238189697265625,0.99420166015625
1647870501274,2022-03-21T13:48:21.274,unknown,-0.05908203125,0.0211029052734375,0.9924163818359375
1647870501373,2022-03-21T13:48:21.373,unknown,-0.046142578125,0.026611328125,0.99249267578125
1647870501473,2022-03-21T13:48:21.473,unknown,-0.05230712890625,0.0205230712890625,0.9961090087890625
1647870501573,2022-03-21T13:48:21.573,unknown,-0.05364990234375,0.0213470458984375,0.990203857421875
1647870501672,2022-03-21T13:48:21.672,unknown,-0.04541015625,0.023162841796875,0.9935150146484375
1647870501772,2022-03-21T13:48:21.772,unknown,-0.055206298828125,0.0215606689453125,0.992462158203125
1647870501871,2022-03-21T13:48:21.871,unknown,-0.0503692626953125,0.0213623046875,0.9915771484375
1647870501971,2022-03-21T13:48:21.971,unknown,-0.0490264892578125,0.02398681640625,0.996551513671875
1647870502070,2022-03-21T13:48:22.070,unknown,-0.053131103515625,0.0225677490234375,0.9903717041015625
1647870502170,2022-03-21T13:48:22.170,unknown,-0.0493316650390625,0.0233306884765625,0.9942474365234375
1647870502270,2022-03-21T13:48:22.270,unknown,-0.0497283935546875,0.025115966796875,0.9951019287109375
1647870502369,2022-03-21T13:48:22.369,unknown,-0.0525054931640625,0.021820068359375,0.9915313720703125
1647870502469,2022-03-21T13:48:22.469,unknown,-0.0486602783203125,0.024871826171875,0.996002197265625
1647870502568,2022-03-21T13:48:22.568,unknown,-0.0523834228515625,0.0230560302734375,0.99169921875
1647870502668,2022-03-21T13:48:22.668,unknown,-0.0501251220703125,0.02325439453125,0.9959716796875
1647870502768,2022-03-21T13:48:22.768,unknown,-0.05096435546875,0.0230255126953125,0.991851806640625
1647870502867,2022-03-21T13:48:22.867,unknown,-0.052276611328125,0.02374267578125,0.9939727783203125
1647870502967,2022-03-21T13:48:22.967,unknown,-0.0511016845703125,0.0225677490234375,0.995361328125
1647870503066,2022-03-21T13:48:23.066,unknown,-0.0509490966796875,0.023162841796875,0.9888153076171875
1647870503166,2022-03-21T13:48:23.166,unknown,-0.0503997802734375,0.020660400390625,0.9943389892578125
1647870503265,2022-03-21T13:48:23.265,unknown,-0.0514678955078125,0.02410888671875,0.9938201904296875
1647870503365,2022-03-21T13:48:23.365,unknown,-0.04998779296875,0.02252197265625,0.9891357421875
1647870503465,2022-03-21T13:48:23.465,unknown,-0.0517578125,0.024871826171875,0.998291015625
1647870503564,2022-03-21T13:48:23.564,unknown,-0.051300048828125,0.0224761962890625,0.9917449951171875
1647870503664,2022-03-21T13:48:23.664,unknown,-0.050323486328125,0.024078369140625,0.99420166015625
1647870503763,2022-03-21T13:48:23.763,unknown,-0.0503997802734375,0.0206146240234375,0.993743896484375
1647870503863,2022-03-21T13:48:23.863,unknown,-0.05255126953125,0.023040771484375,0.994293212890625
1647870503962,2022-03-21T13:48:23.962,unknown,-0.0501556396484375,0.02081298828125,0.9981689453125
1647870504062,2022-03-21T13:48:24.062,unknown,-0.0523681640625,0.0236968994140625,0.9923248291015625
1647870504162,2022-03-21T13:48:24.162,unknown,-0.0489959716796875,0.0200347900390625,0.9957427978515625
1647870504261,2022-03-21T13:48:24.261,unknown,-0.051727294921875,0.02398681640625,0.9924774169921875
1647870504361,2022-03-21T13:48:24.361,unknown,-0.0493927001953125,0.0221710205078125,0.991607666015625
1647870504460,2022-03-21T13:48:24.460,unknown,-0.0518035888671875,0.023284912109375,0.995849609375
1647870504560,2022-03-21T13:48:24.560,unknown,-0.0498504638671875,0.021728515625,0.9913177490234375
1647870504659,2022-03-21T13:48:24.659,unknown,-0.052642822265625,0.0254669189453125,0.9948883056640625
1647870504759,2022-03-21T13:48:24.759,unknown,-0.0506134033203125,0.02313232421875,0.99664306640625
1647870504859,2022-03-21T13:48:24.859,unknown,-0.0510711669921875,0.022735595703125,0.9913177490234375
1647870504958,2022-03-21T13:48:24.958,unknown,-0.050567626953125,0.0219573974609375,0.99395751953125
1647870505058,2022-03-21T13:48:25.058,unknown,-0.049713134765625,0.022979736328125,0.99053955078125
1647870505157,2022-03-21T13:48:25.157,unknown,-0.052032470703125,0.0243988037109375,0.9961395263671875
1647870505257,2022-03-21T13:48:25.257,unknown,-0.0495147705078125,0.0215301513671875,0.9945068359375
1647870505357,2022-03-21T13:48:25.357,unknown,-0.050506591796875,0.0247650146484375,0.9941558837890625
1647870505456,2022-03-21T13:48:25.456,unknown,-0.0507659912109375,0.0215911865234375,0.9974212646484375
1647870505556,2022-03-21T13:48:25.556,unknown,-0.05078125,0.024078369140625,0.989990234375
1647870505655,2022-03-21T13:48:25.655,unknown,-0.0494537353515625,0.021514892578125,0.9953460693359375
1647870505755,2022-03-21T13:48:25.755,unknown,-0.0535430908203125,0.02496337890625,0.992645263671875
1647870505854,2022-03-21T13:48:25.854,unknown,-0.0497894287109375,0.02178955078125,0.9903106689453125
1647870505954,2022-03-21T13:48:25.954,unknown,-0.050048828125,0.025146484375,0.9965667724609375
1647870506054,2022-03-21T13:48:26.054,unknown,-0.0523681640625,0.02008056640625,0.9904632568359375
1647870506153,2022-03-21T13:48:26.153,unknown,-0.049713134765625,0.0254058837890625,0.994537353515625
1647870506253,2022-03-21T13:48:26.253,unknown,-0.0503997802734375,0.0218658447265625,0.99359130859375
1647870506352,2022-03-21T13:48:26.352,unknown,-0.0525970458984375,0.0234527587890625,0.9925994873046875
1647870506452,2022-03-21T13:48:26.452,unknown,-0.04974365234375,0.022003173828125,0.99664306640625
1647870506551,2022-03-21T13:48:26.551,unknown,-0.0517425537109375,0.023651123046875,0.9920654296875
1647870506651,2022-03-21T13:48:26.651,unknown,-0.051513671875,0.021575927734375,0.996551513671875
1647870506751,2022-03-21T13:48:26.751,unknown,-0.0491943359375,0.0237884521484375,0.994537353515625
1647870506850,2022-03-21T13:48:26.850,unknown,-0.052276611328125,0.022796630859375,0.9911346435546875
1647870506950,2022-03-21T13:48:26.950,unknown,-0.05047607421875,0.0231475830078125,0.995025634765625
1647870507049,2022-03-21T13:48:27.049,unknown,-0.0501556396484375,0.022979736328125,0.9905548095703125
1647870507149,2022-03-21T13:48:27.149,unknown,-0.0514678955078125,0.022918701171875,0.9948577880859375
1647870507248,2022-03-21T13:48:27.248,unknown,-0.0493316650390625,0.021331787109375,0.9945526123046875
1647870507348,2022-03-21T13:48:27.348,unknown,-0.0539398193359375,0.029022216796875,0.990936279296875
1647870507448,2022-03-21T13:48:27.448,unknown,-0.048736572265625,0.014862060546875,0.9950103759765625
1647870507547,2022-03-21T13:48:27.547,unknown,-0.0510406494140625,0.03021240234375,0.9912872314453125
1647870507647,2022-03-21T13:48:27.647,unknown,-0.05029296875,0.01654052734375,0.9947662353515625
1647870507746,2022-03-21T13:48:27.746,unknown,-0.0512237548828125,0.0295562744140625,0.9955596923828125
1647870507846,2022-03-21T13:48:27.846,unknown,-0.048675537109375,0.01776123046875,0.989898681640625
1647870507946,2022-03-21T13:48:27.946,unknown,-0.053924560546875,0.0271148681640625,0.9974517822265625
1647870508045,2022-03-21T13:48:28.045,unknown,-0.0482177734375,0.01971435546875,0.990447998046875
1647870508145,2022-03-21T13:48:28.145,unknown,-0.053466796875,0.0256195068359375,0.9951019287109375
1647870508244,2022-03-21T13:48:28.244,unknown,-0.0506591796875,0.0196533203125,0.99365234375
1647870508344,2022-03-21T13:48:28.344,unknown,-0.05023193359375,0.0244140625,0.991943359375
1647870508443,2022-03-21T13:48:28.443,unknown,-0.0516357421875,0.0204925537109375,0.994598388671875
1647870508543,2022-03-21T13:48:28.543,unknown,-0.05078125,0.02294921875,0.989410400390625
1647870508643,2022-03-21T13:48:28.643,unknown,-0.05023193359375,0.0234527587890625,0.9944610595703125
1647870508742,2022-03-21T13:48:28.742,unknown,-0.052032470703125,0.0224761962890625,0.9942626953125
1647870508842,2022-03-21T13:48:28.842,unknown,-0.0499114990234375,0.0234375,0.9906463623046875
1647870508941,2022-03-21T13:48:28.941,unknown,-0.0510101318359375,0.016632080078125,0.9965057373046875
1647870509041,2022-03-21T13:48:29.041,unknown,-0.0530242919921875,0.0426788330078125,0.99261474609375
1647870509140,2022-03-21T13:48:29.140,unknown,-0.04595947265625,0.0044403076171875,0.99285888671875
1647870509240,2022-03-21T13:48:29.240,unknown,-0.059600830078125,0.038543701171875,0.997314453125
1647870509340,2022-03-21T13:48:29.340,unknown,-0.041656494140625,0.0084991455078125,0.990081787109375
1647870509439,2022-03-21T13:48:29.439,unknown,-0.0577850341796875,0.0376434326171875,0.9969635009765625
1647870509539,2022-03-21T13:48:29.539,unknown,-0.0476531982421875,0.0068817138671875,0.9907073974609375
1647870509638,2022-03-21T13:48:29.638,unknown,-0.0515594482421875,0.0361785888671875,0.99420166015625
1647870509738,2022-03-21T13:48:29.738,unknown,-0.049346923828125,0.0097503662109375,0.992706298828125
1647870509838,2022-03-21T13:48:29.838,unknown,-0.053253173828125,0.0336151123046875,0.9926300048828125
1647870509937,2022-03-21T13:48:29.937,unknown,-0.04595947265625,0.0144500732421875,0.99609375
1647870510037,2022-03-21T13:48:30.037,unknown,-0.0556793212890625,0.0301971435546875,0.991119384765625
1647870510136,2022-03-21T13:48:30.136,unknown,-0.0467681884765625,0.016387939453125,0.994873046875
1647870510236,2022-03-21T13:48:30.236,unknown,-0.05206298828125,0.02862548828125,0.9946136474609375
1647870510335,2022-03-21T13:48:30.335,unknown,-0.050506591796875,0.0171051025390625,0.9904327392578125
1647870510435,2022-03-21T13:48:30.435,unknown,-0.050445556640625,0.026153564453125,0.997100830078125
1647870510535,2022-03-21T13:48:30.535,unknown,-0.051025390625,0.019256591796875,0.98980712890625
1647870510634,2022-03-21T13:48:30.634,unknown,-0.0523834228515625,0.024688720703125,0.995574951171875
1647870510734,2022-03-21T13:48:30.734,unknown,-0.0489501953125,0.0220794677734375,0.9947967529296875
1647870510833,2022-03-21T13:48:30.833,unknown,-0.053009033203125,0.0226898193359375,0.9911346435546875
1647870510933,2022-03-21T13:48:30.933,unknown,-0.0504302978515625,0.02276611328125,0.9961700439453125
1647870511032,2022-03-21T13:48:31.032,unknown,-0.049774169921875,0.022308349609375,0.98968505859375
1647870511132,2022-03-21T13:48:31.132,unknown,-0.0526123046875,0.0242919921875,0.9947357177734375
1647870511232,2022-03-21T13:48:31.232,unknown,-0.0496826171875,0.0204925537109375,0.994842529296875
1647870511331,2022-03-21T13:48:31.331,unknown,-0.0519561767578125,0.025543212890625,0.991912841796875
1647870511431,2022-03-21T13:48:31.431,unknown,-0.051727294921875,0.0200347900390625,0.996002197265625
1647870511530,2022-03-21T13:48:31.530,unknown,-0.050048828125,0.025848388671875,0.9924774169921875
1647870511630,2022-03-21T13:48:31.630,unknown,-0.050079345703125,0.0188446044921875,0.9954986572265625
1647870511729,2022-03-21T13:48:31.729,unknown,-0.051849365234375,0.025482177734375,0.993988037109375
1647870511829,2022-03-21T13:48:31.829,unknown,-0.048614501953125,0.0195159912109375,0.991455078125
1647870511929,2022-03-21T13:48:31.929,unknown,-0.0533599853515625,0.0262451171875,0.9955902099609375
1647870512028,2022-03-21T13:48:32.028,unknown,-0.048370361328125,0.0185089111328125,0.992919921875
1647870512128,2022-03-21T13:48:32.128,unknown,-0.0520782470703125,0.0245819091796875,0.9961700439453125
1647870512227,2022-03-21T13:48:32.227,unknown,-0.0470428466796875,0.023040771484375,0.991241455078125
1647870512327,2022-03-21T13:48:32.327,unknown,-0.054168701171875,0.02349853515625,0.9925384521484375
1647870512427,2022-03-21T13:48:32.427,unknown,-0.0504608154296875,0.02459716796875,0.9970550537109375
1647870512526,2022-03-21T13:48:32.526,unknown,-0.0486297607421875,0.0216522216796875,0.9908905029296875
1647870512626,2022-03-21T13:48:32.626,unknown,-0.05401611328125,0.02227783203125,0.9958038330078125
1647870512725,2022-03-21T13:48:32.725,unknown,-0.04876708984375,0.0211181640625,0.99383544921875
1647870512825,2022-03-21T13:48:32.825,unknown,-0.0509796142578125,0.02496337890625,0.9904937744140625
1647870512924,2022-03-21T13:48:32.924,unknown,-0.0518951416015625,0.0204315185546875,0.9958038330078125
1647870513024,2022-03-21T13:48:33.024,unknown,-0.0495758056640625,0.0257110595703125,0.9921112060546875
1647870513124,2022-03-21T13:48:33.124,unknown,-0.051544189453125,0.0202484130859375,0.99542236328125
1647870513223,2022-03-21T13:48:33.223,unknown,-0.0529937744140625,0.0247650146484375,0.99298095703125
1647870513323,2022-03-21T13:48:33.323,unknown,-0.048126220703125,0.0205230712890625,0.9920654296875
1647870513422,2022-03-21T13:48:33.422,unknown,-0.0533447265625,0.025360107421875,0.9968414306640625
1647870513522,2022-03-21T13:48:33.522,unknown,-0.0496826171875,0.0197601318359375,0.9909820556640625
1647870513621,2022-03-21T13:48:33.621,unknown,-0.0509185791015625,0.0256500244140625,0.993560791015625
1647870513721,2022-03-21T13:48:33.721,unknown,-0.0510711669921875,0.020050048828125,0.99395751953125
1647870513821,2022-03-21T13:48:33.821,unknown,-0.0499267578125,0.0252685546875,0.9924774169921875
1647870513920,2022-03-21T13:48:33.920,unknown,-0.0502777099609375,0.020416259765625,0.9969329833984375
1647870514020,2022-03-21T13:48:34.020,unknown,-0.05224609375,0.02490234375,0.9923095703125
1647870514119,2022-03-21T13:48:34.119,unknown,-0.048431396484375,0.021270751953125,0.9942474365234375
1647870514219,2022-03-21T13:48:34.219,unknown,-0.0528411865234375,0.02447509765625,0.9944915771484375
1647870514319,2022-03-21T13:48:34.319,unknown,-0.05059814453125,0.0216217041015625,0.99188232421875
1647870514418,2022-03-21T13:48:34.418,unknown,-0.05047607421875,0.024017333984375,0.9952239990234375
1647870514518,2022-03-21T13:48:34.518,unknown,-0.051849365234375,0.0214691162109375,0.9901275634765625
1647870514617,2022-03-21T13:48:34.617,unknown,-0.0507965087890625,0.024139404296875,0.995574951171875
1647870514717,2022-03-21T13:48:34.717,unknown,-0.0501861572265625,0.022735595703125,0.9947662353515625
1647870514816,2022-03-21T13:48:34.816,unknown,-0.051666259765625,0.0232086181640625,0.9906768798828125
1647870514916,2022-03-21T13:48:34.916,unknown,-0.0496063232421875,0.02313232421875,0.997711181640625
1647870515016,2022-03-21T13:48:35.016,unknown,-0.051116943359375,0.02337646484375,0.9904327392578125
1647870515115,2022-03-21T13:48:35.115,unknown,-0.0506591796875,0.0225677490234375,0.9941253662109375
1647870515215,2022-03-21T13:48:35.215,unknown,-0.05072021484375,0.0233001708984375,0.9961090087890625
1647870515314,2022-03-21T13:48:35.314,unknown,-0.0518646240234375,0.022918701171875,0.991546630859375
1647870515414,2022-03-21T13:48:35.414,unknown,-0.051177978515625,0.0231170654296875,0.997406005859375
1647870515513,2022-03-21T13:48:35.513,unknown,-0.05047607421875,0.0236968994140625,0.9909820556640625
1647870515613,2022-03-21T13:48:35.613,unknown,-0.051605224609375,0.021820068359375,0.9956207275390625
1647870515713,2022-03-21T13:48:35.713,unknown,-0.0509033203125,0.0236968994140625,0.99169921875
1647870515812,2022-03-21T13:48:35.812,unknown,-0.05047607421875,0.0223236083984375,0.9916839599609375
1647870515912,2022-03-21T13:48:35.912,unknown,-0.0519561767578125,0.0228424072265625,0.9967041015625
1647870516011,2022-03-21T13:48:36.011,unknown,-0.0499114990234375,0.0227203369140625,0.98992919921875
1647870516111,2022-03-21T13:48:36.111,unknown,-0.0511322021484375,0.0235443115234375,0.9964752197265625
1647870516210,2022-03-21T13:48:36.210,unknown,-0.050872802734375,0.022796630859375,0.9947662353515625
1647870516310,2022-03-21T13:48:36.310,unknown,-0.049835205078125,0.022735595703125,0.9906463623046875
1647870516410,2022-03-21T13:48:36.410,unknown,-0.051849365234375,0.0220794677734375,0.996551513671875
1647870516509,2022-03-21T13:48:36.509,unknown,-0.0506134033203125,0.0233612060546875,0.99053955078125
1647870516609,2022-03-21T13:48:36.609,unknown,-0.0509033203125,0.02178955078125,0.9954833984375
1647870516708,2022-03-21T13:48:36.708,unknown,-0.050811767578125,0.0228424072265625,0.9944305419921875
1647870516808,2022-03-21T13:48:36.808,unknown,-0.0504150390625,0.022552490234375,0.9947357177734375
1647870516908,2022-03-21T13:48:36.908,unknown,-0.0524444580078125,0.02191162109375,0.9956207275390625
1647870517007,2022-03-21T13:48:37.007,unknown,-0.0510101318359375,0.0223846435546875,0.992767333984375
1647870517107,2022-03-21T13:48:37.107,unknown,-0.0507965087890625,0.022613525390625,0.99560546875
1647870517206,2022-03-21T13:48:37.206,unknown,-0.05181884765625,0.023223876953125,0.9925689697265625
1647870517306,2022-03-21T13:48:37.306,unknown,-0.0503082275390625,0.022674560546875,0.9917144775390625
1647870517405,2022-03-21T13:48:37.405,unknown,-0.05047607421875,0.023101806640625,0.9963836669921875
1647870517505,2022-03-21T13:48:37.505,unknown,-0.0509033203125,0.0221405029296875,0.9902801513671875
1647870517605,2022-03-21T13:48:37.605,unknown,-0.0500946044921875,0.0233917236328125,0.9961395263671875
1647870517704,2022-03-21T13:48:37.704,unknown,-0.050445556640625,0.0224151611328125,0.9938201904296875
1647870517804,2022-03-21T13:48:37.804,unknown,-0.0509033203125,0.02301025390625,0.993438720703125
1647870517903,2022-03-21T13:48:37.903,unknown,-0.0507965087890625,0.022247314453125,0.9978790283203125
1647870518003,2022-03-21T13:48:38.003,unknown,-0.0511474609375,0.0226287841796875,0.9919891357421875
1647870518102,2022-03-21T13:48:38.102,unknown,-0.0508575439453125,0.0225372314453125,0.996307373046875
1647870518202,2022-03-21T13:48:38.202,unknown,-0.050323486328125,0.022430419921875,0.992889404296875
1647870518302,2022-03-21T13:48:38.302,unknown,-0.05096435546875,0.0224609375,0.9930572509765625
1647870518401,2022-03-21T13:48:38.401,unknown,-0.050933837890625,0.023590087890625,0.9953460693359375
1647870518501,2022-03-21T13:48:38.501,unknown,-0.050811767578125,0.0218048095703125,0.98956298828125
1647870518600,2022-03-21T13:48:38.600,unknown,-0.05059814453125,0.0227813720703125,0.995880126953125
1647870518700,2022-03-21T13:48:38.700,unknown,-0.0514984130859375,0.022613525390625,0.99285888671875
1647870518800,2022-03-21T13:48:38.800,unknown,-0.0508575439453125,0.022674560546875,0.9940948486328125
1647870518899,2022-03-21T13:48:38.899,unknown,-0.0507965087890625,0.0222320556640625,0.9960174560546875
1647870518999,2022-03-21T13:48:38.999,unknown,-0.05023193359375,0.022857666015625,0.99261474609375
1647870519098,2022-03-21T13:48:39.098,unknown,-0.0504302978515625,0.0225067138671875,0.9954833984375
1647870519198,2022-03-21T13:48:39.198,unknown,-0.0503082275390625,0.022552490234375,0.9929351806640625
1647870519297,2022-03-21T13:48:39.297,unknown,-0.050750732421875,0.0228271484375,0.9942779541015625
1647870519397,2022-03-21T13:48:39.397,unknown,-0.05047607421875,0.0229339599609375,0.99365234375
1647870519497,2022-03-21T13:48:39.497,unknown,-0.050811767578125,0.0223388671875,0.9907684326171875
1647870519596,2022-03-21T13:48:39.596,unknown,-0.0508270263671875,0.0230712890625,0.9983062744140625
1647870519696,2022-03-21T13:48:39.696,unknown,-0.0511627197265625,0.0224609375,0.993408203125
1647870519795,2022-03-21T13:48:39.795,unknown,-0.0514068603515625,0.0222015380859375,0.9936370849609375
1647870519895,2022-03-21T13:48:39.895,unknown,-0.0508270263671875,0.0235748291015625,0.9952545166015625
1647870519994,2022-03-21T13:48:39.994,unknown,-0.0496826171875,0.0224609375,0.9893341064453125
1647870520094,2022-03-21T13:48:40.094,unknown,-0.050933837890625,0.0239715576171875,0.9961395263671875
1647870520194,2022-03-21T13:48:40.194,unknown,-0.0505523681640625,0.0225067138671875,0.9934844970703125
1647870520293,2022-03-21T13:48:40.293,unknown,-0.0507659912109375,0.02392578125,0.99468994140625
1647870520393,2022-03-21T13:48:40.393,unknown,-0.0517730712890625,0.0218505859375,0.9958343505859375
1647870520492,2022-03-21T13:48:40.492,unknown,-0.0499725341796875,0.02374267578125,0.9915771484375
1647870520592,2022-03-21T13:48:40.592,unknown,-0.0508270263671875,0.021942138671875,0.997772216796875
1647870520691,2022-03-21T13:48:40.691,unknown,-0.0504302978515625,0.0217742919921875,0.9924774169921875
1647870520791,2022-03-21T13:48:40.791,unknown,-0.05218505859375,0.02288818359375,0.992950439453125
1647870520891,2022-03-21T13:48:40.891,unknown,-0.0511322021484375,0.0250396728515625,0.9967193603515625
1647870520990,2022-03-21T13:48:40.990,unknown,-0.0499725341796875,0.0222625732421875,0.9895782470703125
1647870521090,2022-03-21T13:48:41.090,unknown,-0.05230712890625,0.0255584716796875,0.9972686767578125
1647870521189,2022-03-21T13:48:41.189,unknown,-0.05072021484375,0.019622802734375,0.9930877685546875
1647870521289,2022-03-21T13:48:41.289,unknown,-0.0500946044921875,0.025970458984375,0.9942169189453125
1647870521389,2022-03-21T13:48:41.389,unknown,-0.05169677734375,0.0206451416015625,0.9936065673828125
1647870521488,2022-03-21T13:48:41.488,unknown,-0.05029296875,0.0248260498046875,0.9917755126953125
1647870521588,2022-03-21T13:48:41.588,unknown,-0.0492706298828125,0.0204010009765625,0.9965057373046875
1647870521687,2022-03-21T13:48:41.687,unknown,-0.05255126953125,0.023651123046875,0.992218017578125
1647870521787,2022-03-21T13:48:41.787,unknown,-0.0492095947265625,0.0216217041015625,0.993194580078125
1647870521886,2022-03-21T13:48:41.886,unknown,-0.05120849609375,0.023162841796875,0.996795654296875
1647870521986,2022-03-21T13:48:41.986,unknown,-0.050872802734375,0.0222015380859375,0.9903717041015625
1647870522086,2022-03-21T13:48:42.086,unknown,-0.0498046875,0.023712158203125,0.9982452392578125
1647870522185,2022-03-21T13:48:42.185,unknown,-0.0515594482421875,0.022247314453125,0.9950714111328125
1647870522285,2022-03-21T13:48:42.285,unknown,-0.0499267578125,0.0218048095703125,0.990386962890625
1647870522384,2022-03-21T13:48:42.384,unknown,-0.049468994140625,0.023040771484375,0.9955596923828125
1647870522484,2022-03-21T13:48:42.484,unknown,-0.050994873046875,0.0227508544921875,0.9916839599609375
1647870522583,2022-03-21T13:48:42.583,unknown,-0.0503692626953125,0.022613525390625,0.9976806640625
1647870522683,2022-03-21T13:48:42.683,unknown,-0.050201416015625,0.0230712890625,0.994903564453125
1647870522783,2022-03-21T13:48:42.783,unknown,-0.0512542724609375,0.0224456787109375,0.994140625
1647870522882,2022-03-21T13:48:42.882,unknown,-0.048858642578125,0.0217437744140625,0.996551513671875
1647870522982,2022-03-21T13:48:42.982,unknown,-0.0514984130859375,0.0225830078125,0.9907989501953125
1647870523081,2022-03-21T13:48:43.081,unknown,-0.05078125,0.023162841796875,0.9971923828125
1647870523181,2022-03-21T13:48:43.181,unknown,-0.05023193359375,0.0239410400390625,0.994384765625
1647870523280,2022-03-21T13:48:43.280,unknown,-0.05078125,0.021209716796875,0.99188232421875
1647870523380,2022-03-21T13:48:43.380,unknown,-0.0508880615234375,0.02349853515625,0.9977569580078125
1647870523480,2022-03-21T13:48:43.480,unknown,-0.049652099609375,0.02252197265625,0.990386962890625
1647870523579,2022-03-21T13:48:43.579,unknown,-0.0515594482421875,0.022796630859375,0.9951171875
1647870523679,2022-03-21T13:48:43.679,unknown,-0.050201416015625,0.0213470458984375,0.9947052001953125
1647870523778,2022-03-21T13:48:43.778,unknown,-0.05078125,0.0229949951171875,0.992950439453125
1647870523878,2022-03-21T13:48:43.878,unknown,-0.0511627197265625,0.0215606689453125,0.995330810546875
1647870523978,2022-03-21T13:48:43.978,unknown,-0.0496826171875,0.0227203369140625,0.992218017578125
1647870524077,2022-03-21T13:48:44.077,unknown,-0.050628662109375,0.022125244140625,0.9949798583984375
1647870524177,2022-03-21T13:48:44.177,unknown,-0.05108642578125,0.0236663818359375,0.9921112060546875
1647870524276,2022-03-21T13:48:44.276,unknown,-0.0503997802734375,0.0225982666015625,0.9934234619140625
1647870524376,2022-03-21T13:48:44.376,unknown,-0.051666259765625,0.023101806640625,0.9956207275390625
1647870524475,2022-03-21T13:48:44.475,unknown,-0.0499114990234375,0.023773193359375,0.9914093017578125
1647870524575,2022-03-21T13:48:44.575,unknown,-0.051055908203125,0.0235443115234375,0.996002197265625
1647870524675,2022-03-21T13:48:44.675,unknown,-0.0507354736328125,0.0225067138671875,0.993865966796875
1647870524774,2022-03-21T13:48:44.774,unknown,-0.0502777099609375,0.0227508544921875,0.993560791015625
1647870524874,2022-03-21T13:48:44.874,unknown,-0.0507659912109375,0.0225830078125,0.9958953857421875
1647870524973,2022-03-21T13:48:44.973,unknown,-0.0504913330078125,0.0226898193359375,0.990753173828125
1647870525073,2022-03-21T13:48:45.073,unknown,-0.0503387451171875,0.0222930908203125,0.9942779541015625
1647870525172,2022-03-21T13:48:45.172,unknown,-0.0511474609375,0.022430419921875,0.9939422607421875
1647870525272,2022-03-21T13:48:45.272,unknown,-0.050994873046875,0.022613525390625,0.9918365478515625
1647870525372,2022-03-21T13:48:45.372,unknown,-0.050140380859375,0.022216796875,0.9957427978515625
1647870585439,2022-03-21T13:49:45.439,unknown,-0.0507049560546875,0.0199737548828125,0.997467041015625
1647870585539,2022-03-21T13:49:45.539,unknown,-0.0506134033203125,0.023223876953125,0.9931640625
1647870585638,2022-03-21T13:49:45.638,unknown,-0.0508575439453125,0.0216064453125,0.9972686767578125
1647870585738,2022-03-21T13:49:45.738,unknown,-0.04986572265625,0.020751953125,0.9928131103515625
1647870585837,2022-03-21T13:49:45.837,unknown,-0.051666259765625,0.0231170654296875,0.9949951171875
1647870585937,2022-03-21T13:49:45.937,unknown,-0.05072021484375,0.0217742919921875,0.996337890625
1647870586037,2022-03-21T13:49:46.037,unknown,-0.050872802734375,0.0217132568359375,0.991912841796875
1647870586136,2022-03-21T13:49:46.136,unknown,-0.0502471923828125,0.0214996337890625,0.9958343505859375
1647870586236,2022-03-21T13:49:46.236,unknown,-0.048858642578125,0.0216522216796875,0.992156982421875
1647870586335,2022-03-21T13:49:46.335,unknown,-0.0506134033203125,0.0222015380859375,0.9955902099609375
1647870586435,2022-03-21T13:49:46.435,unknown,-0.0491180419921875,0.0215301513671875,0.994384765625
1647870586534,2022-03-21T13:49:46.534,unknown,-0.0494232177734375,0.0211944580078125,0.9932861328125
1647870586634,2022-03-21T13:49:46.634,unknown,-0.0503387451171875,0.0228271484375,0.9985504150390625
1647870586734,2022-03-21T13:49:46.734,unknown,-0.0491790771484375,0.020599365234375,0.9912261962890625
1647870586833,2022-03-21T13:49:46.833,unknown,-0.0487518310546875,0.02099609375,0.9951019287109375
1647870586933,2022-03-21T13:49:46.933,unknown,-0.0523834228515625,0.022308349609375,0.9951324462890625
1647870587032,2022-03-21T13:49:47.032,unknown,-0.0485687255859375,0.021209716796875,0.992462158203125
1647870587132,2022-03-21T13:49:47.132,unknown,-0.051666259765625,0.021026611328125,0.996826171875
1647870587231,2022-03-21T13:49:47.231,unknown,-0.054718017578125,0.0188446044921875,0.9910125732421875
1647870587331,2022-03-21T13:49:47.331,unknown,-0.0371246337890625,0.0255279541015625,0.997802734375
1647870587431,2022-03-21T13:49:47.431,unknown,-0.06884765625,0.019561767578125,0.9958648681640625
1647870587530,2022-03-21T13:49:47.530,unknown,-0.050445556640625,0.026885986328125,0.9912109375
1647870587630,2022-03-21T13:49:47.630,unknown,-0.0262603759765625,0.0236968994140625,0.997528076171875
1647870587729,2022-03-21T13:49:47.729,unknown,-0.074462890625,0.025360107421875,0.9917755126953125
1647870587829,2022-03-21T13:49:47.829,unknown,-0.049072265625,0.008331298828125,0.993194580078125
1647870587928,2022-03-21T13:49:47.928,unknown,-0.0365447998046875,0.0318450927734375,0.99530029296875
1647870588028,2022-03-21T13:49:48.028,unknown,-0.0597686767578125,0.0193634033203125,0.993011474609375
1647870588128,2022-03-21T13:49:48.128,unknown,-0.050750732421875,0.0186614990234375,0.997894287109375
1647870588227,2022-03-21T13:49:48.227,unknown,-0.0426177978515625,0.0253448486328125,0.9923858642578125
1647870588327,2022-03-21T13:49:48.327,unknown,-0.0578155517578125,0.0160064697265625,0.99725341796875
1647870588426,2022-03-21T13:49:48.426,unknown,-0.0460205078125,0.0189666748046875,0.99664306640625
1647870588526,2022-03-21T13:49:48.526,unknown,-0.0531768798828125,0.0314178466796875,0.993988037109375
1647870588625,2022-03-21T13:49:48.625,unknown,-0.0543365478515625,0.0165557861328125,0.99609375
1647870588725,2022-03-21T13:49:48.725,unknown,-0.0445556640625,0.01953125,0.99176025390625
1647870588825,2022-03-21T13:49:48.825,unknown,-0.0514373779296875,0.0254058837890625,0.995941162109375
1647870588924,2022-03-21T13:49:48.924,unknown,-0.0484161376953125,0.0119171142578125,0.9964599609375
1647870589024,2022-03-21T13:49:49.024,unknown,-0.0526580810546875,0.0291748046875,0.9946746826171875
1647870589123,2022-03-21T13:49:49.123,unknown,-0.050567626953125,0.018798828125,0.99835205078125
1647870589223,2022-03-21T13:49:49.223,unknown,-0.0532379150390625,0.0208282470703125,0.992431640625
1647870589323,2022-03-21T13:49:49.323,unknown,-0.04779052734375,0.0187530517578125,0.995391845703125
1647870589422,2022-03-21T13:49:49.422,unknown,-0.0491180419921875,0.020965576171875,0.9964141845703125
1647870589522,2022-03-21T13:49:49.522,unknown,-0.0540008544921875,0.0214080810546875,0.9933319091796875
1647870589621,2022-03-21T13:49:49.621,unknown,-0.0457000732421875,0.0218048095703125,0.998626708984375
1647870589721,2022-03-21T13:49:49.721,unknown,-0.052490234375,0.019805908203125,0.993011474609375
1647870589820,2022-03-21T13:49:49.820,unknown,-0.0511627197265625,0.0214691162109375,0.994476318359375
1647870589920,2022-03-21T13:49:49.920,unknown,-0.046844482421875,0.0189971923828125,0.99755859375
1647870590020,2022-03-21T13:49:50.020,unknown,-0.0510406494140625,0.0219268798828125,0.99395751953125
1647870590119,2022-03-21T13:49:50.119,unknown,-0.0523681640625,0.02264404296875,0.99700927734375
1647870590219,2022-03-21T13:49:50.219,unknown,-0.04718017578125,0.018524169921875,0.9926910400390625
1647870590318,2022-03-21T13:49:50.318,unknown,-0.0513153076171875,0.0218658447265625,0.9945831298828125
1647870590418,2022-03-21T13:49:50.418,unknown,-0.05224609375,0.019622802734375,0.996612548828125
1647870590517,2022-03-21T13:49:50.517,unknown,-0.0481109619140625,0.02203369140625,0.992431640625
1647870590617,2022-03-21T13:49:50.617,unknown,-0.049896240234375,0.0238037109375,0.9965972900390625
1647870590717,2022-03-21T13:49:50.717,unknown,-0.0514068603515625,0.018524169921875,0.9930572509765625
1647870590816,2022-03-21T13:49:50.816,unknown,-0.04974365234375,0.0229339599609375,0.9941864013671875
1647870590916,2022-03-21T13:49:50.916,unknown,-0.04345703125,0.02197265625,0.997467041015625
1647870591015,2022-03-21T13:49:51.015,unknown,-0.0615997314453125,0.0159454345703125,0.9918060302734375
1647870591115,2022-03-21T13:49:51.115,unknown,-0.0454254150390625,0.024566650390625,0.9969635009765625
1647870591214,2022-03-21T13:49:51.214,unknown,-0.043792724609375,0.021484375,0.992584228515625
1647870591314,2022-03-21T13:49:51.314,unknown,-0.0693206787109375,0.0160675048828125,0.9949493408203125
1647870591414,2022-03-21T13:49:51.414,unknown,-0.050384521484375,0.0162811279296875,0.9985809326171875
1647870591513,2022-03-21T13:49:51.513,unknown,-0.0394439697265625,0.020904541015625,0.990509033203125
1647870591613,2022-03-21T13:49:51.613,unknown,-0.06005859375,0.0239105224609375,0.9970855712890625
1647870591712,2022-03-21T13:49:51.712,unknown,-0.044342041015625,0.012786865234375,0.9921417236328125
1647870591812,2022-03-21T13:49:51.812,unknown,-0.0477447509765625,0.03228759765625,0.995758056640625
1647870591911,2022-03-21T13:49:51.911,unknown,-0.0609283447265625,0.0219573974609375,0.9984283447265625
1647870592011,2022-03-21T13:49:52.011,unknown,-0.03759765625,0.005523681640625,0.99176025390625
1647870592111,2022-03-21T13:49:52.111,unknown,-0.0626373291015625,0.0467376708984375,0.9982452392578125
1647870592210,2022-03-21T13:49:52.210,unknown,-0.0397796630859375,0.00457763671875,0.99237060546875
1647870592310,2022-03-21T13:49:52.310,unknown,-0.0568695068359375,0.0272979736328125,0.9940948486328125
1647870592409,2022-03-21T13:49:52.409,unknown,-0.048553466796875,0.0221099853515625,0.997344970703125
1647870592509,2022-03-21T13:49:52.509,unknown,-0.0460357666015625,0.0125732421875,0.990753173828125
1647870592608,2022-03-21T13:49:52.608,unknown,-0.054443359375,0.03125,0.9992218017578125
1647870592708,2022-03-21T13:49:52.708,unknown,-0.0429534912109375,0.0081634521484375,0.9916229248046875
1647870592808,2022-03-21T13:49:52.808,unknown,-0.0559234619140625,0.029541015625,0.9957733154296875
1647870592907,2022-03-21T13:49:52.907,unknown,-0.0487213134765625,0.0160064697265625,0.9967193603515625
1647870593007,2022-03-21T13:49:53.007,unknown,-0.0496978759765625,0.02154541015625,0.991973876953125
1647870593106,2022-03-21T13:49:53.106,unknown,-0.0518951416015625,0.025726318359375,0.997833251953125
1647870593206,2022-03-21T13:49:53.206,unknown,-0.047607421875,0.016815185546875,0.9934539794921875
1647870593305,2022-03-21T13:49:53.305,unknown,-0.04986572265625,0.023345947265625,0.9930419921875
1647870593405,2022-03-21T13:49:53.405,unknown,-0.05194091796875,0.0186767578125,0.99530029296875
1647870593505,2022-03-21T13:49:53.505,unknown,-0.0478973388671875,0.024658203125,0.9934234619140625
1647870593604,2022-03-21T13:49:53.604,unknown,-0.0481414794921875,0.02337646484375,0.9983978271484375
1647870593704,2022-03-21T13:49:53.704,unknown,-0.048187255859375,0.01806640625,0.99407958984375
1647870593803,2022-03-21T13:49:53.803,unknown,-0.0534210205078125,0.021942138671875,0.992706298828125
1647870593903,2022-03-21T13:49:53.903,unknown,-0.04876708984375,0.02056884765625,0.9963226318359375
1647870594002,2022-03-21T13:49:54.002,unknown,-0.051513671875,0.02178955078125,0.9939727783203125
1647870594102,2022-03-21T13:49:54.102,unknown,-0.04803466796875,0.021026611328125,0.9958038330078125
1647870594202,2022-03-21T13:49:54.202,unknown,-0.050537109375,0.0189208984375,0.9945526123046875
1647870594301,2022-03-21T13:49:54.301,unknown,-0.0510711669921875,0.020416259765625,0.9927825927734375
1647870594401,2022-03-21T13:49:54.401,unknown,-0.0493316650390625,0.0229034423828125,0.99755859375
1647870594500,2022-03-21T13:49:54.500,unknown,-0.0502471923828125,0.0214385986328125,0.9930419921875
1647870594600,2022-03-21T13:49:54.600,unknown,-0.049713134765625,0.0188140869140625,0.9979400634765625
1647870594699,2022-03-21T13:49:54.699,unknown,-0.04937744140625,0.022491455078125,0.995147705078125
1647870594799,2022-03-21T13:49:54.799,unknown,-0.050384521484375,0.021392822265625,0.99322509765625
1647870594899,2022-03-21T13:49:54.899,unknown,-0.0515594482421875,0.0178070068359375,0.9970855712890625
1647870594998,2022-03-21T13:49:54.998,unknown,-0.0496826171875,0.0212860107421875,0.9918670654296875
1647870595098,2022-03-21T13:49:55.098,unknown,-0.0491485595703125,0.0229034423828125,0.9966278076171875
1647870595197,2022-03-21T13:49:55.197,unknown,-0.051849365234375,0.018341064453125,0.9952850341796875
1647870595297,2022-03-21T13:49:55.297,unknown,-0.0487060546875,0.0227813720703125,0.994415283203125
1647870595396,2022-03-21T13:49:55.396,unknown,-0.048095703125,0.022918701171875,0.998809814453125
1647870595496,2022-03-21T13:49:55.496,unknown,-0.053253173828125,0.018341064453125,0.992156982421875
1647870595596,2022-03-21T13:49:55.596,unknown,-0.04974365234375,0.0220184326171875,0.99664306640625
1647870595695,2022-03-21T13:49:55.695,unknown,-0.04962158203125,0.019927978515625,0.99365234375
1647870595795,2022-03-21T13:49:55.795,unknown,-0.0521087646484375,0.0222625732421875,0.9928131103515625
1647870595894,2022-03-21T13:49:55.894,unknown,-0.0466156005859375,0.023162841796875,0.997161865234375
1647870595994,2022-03-21T13:49:55.994,unknown,-0.0534820556640625,0.021392822265625,0.9911956787109375
1647870596093,2022-03-21T13:49:56.093,unknown,-0.049346923828125,0.0148162841796875,0.99554443359375
1647870596193,2022-03-21T13:49:56.193,unknown,-0.046234130859375,0.0274810791015625,0.993377685546875
1647870596293,2022-03-21T13:49:56.293,unknown,-0.0527801513671875,0.01953125,0.9938507080078125
1647870596392,2022-03-21T13:49:56.392,unknown,-0.051422119140625,0.017791748046875,0.99761962890625
1647870596492,2022-03-21T13:49:56.492,unknown,-0.0486907958984375,0.0235443115234375,0.9905242919921875
1647870596591,2022-03-21T13:49:56.591,unknown,-0.0497589111328125,0.020416259765625,0.9961395263671875
1647870596691,2022-03-21T13:49:56.691,unknown,-0.0509796142578125,0.0195465087890625,0.9942626953125
1647870596790,2022-03-21T13:49:56.790,unknown,-0.0484619140625,0.0211334228515625,0.9938812255859375
1647870596890,2022-03-21T13:49:56.890,unknown,-0.0505523681640625,0.0217437744140625,0.9973602294921875
1647870596990,2022-03-21T13:49:56.990,unknown,-0.049835205078125,0.019195556640625,0.9923248291015625
1647870597089,2022-03-21T13:49:57.089,unknown,-0.0504913330078125,0.0231170654296875,0.995849609375
1647870597189,2022-03-21T13:49:57.189,unknown,-0.0503387451171875,0.024139404296875,0.993621826171875
1647870597288,2022-03-21T13:49:57.288,unknown,-0.04705810546875,0.015289306640625,0.9944000244140625
1647870597388,2022-03-21T13:49:57.388,unknown,-0.0527801513671875,0.0243377685546875,0.996978759765625
1647870597488,2022-03-21T13:49:57.488,unknown,-0.04888916015625,0.021026611328125,0.9910736083984375
1647870597587,2022-03-21T13:49:57.587,unknown,-0.0521087646484375,0.017791748046875,0.9955291748046875
1647870597687,2022-03-21T13:49:57.687,unknown,-0.04815673828125,0.0250701904296875,0.9930267333984375
1647870597786,2022-03-21T13:49:57.786,unknown,-0.05169677734375,0.0239410400390625,0.9952239990234375
1647870597886,2022-03-21T13:49:57.886,unknown,-0.0516510009765625,0.0187530517578125,0.99615478515625
1647870597985,2022-03-21T13:49:57.985,unknown,-0.047637939453125,0.017303466796875,0.990966796875
1647870598085,2022-03-21T13:49:58.085,unknown,-0.0488739013671875,0.02276611328125,0.997467041015625
1647870598185,2022-03-21T13:49:58.185,unknown,-0.0509490966796875,0.020050048828125,0.9925384521484375
1647870598284,2022-03-21T13:49:58.284,unknown,-0.0502777099609375,0.0204010009765625,0.9937896728515625
1647870598384,2022-03-21T13:49:58.384,unknown,-0.049774169921875,0.01953125,0.996185302734375
1647870598483,2022-03-21T13:49:58.483,unknown,-0.04876708984375,0.0193634033203125,0.9908447265625
1647870598583,2022-03-21T13:49:58.583,unknown,-0.0483551025390625,0.0193939208984375,0.99554443359375
1647870598682,2022-03-21T13:49:58.682,unknown,-0.047943115234375,0.0221099853515625,0.99200439453125
1647870598782,2022-03-21T13:49:58.782,unknown,-0.0494537353515625,0.0196380615234375,0.993682861328125
1647870598882,2022-03-21T13:49:58.882,unknown,-0.0511322021484375,0.0195159912109375,0.996490478515625
1647870598981,2022-03-21T13:49:58.981,unknown,-0.0486602783203125,0.0215301513671875,0.9933624267578125
1647870599081,2022-03-21T13:49:59.081,unknown,-0.049774169921875,0.0202178955078125,0.996124267578125
1647870599180,2022-03-21T13:49:59.180,unknown,-0.0517425537109375,0.0213470458984375,0.992706298828125
1647870599280,2022-03-21T13:49:59.280,unknown,-0.0505523681640625,0.02044677734375,0.993011474609375
1647870599379,2022-03-21T13:49:59.379,unknown,-0.0505218505859375,0.020538330078125,0.997467041015625
1647870599479,2022-03-21T13:49:59.479,unknown,-0.04931640625,0.0196990966796875,0.991546630859375
1647870599579,2022-03-21T13:49:59.579,unknown,-0.0514984130859375,0.0219268798828125,0.997344970703125
1647870599678,2022-03-21T13:49:59.678,unknown,-0.0487060546875,0.0207977294921875,0.990509033203125
1647870599778,2022-03-21T13:49:59.778,unknown,-0.050994873046875,0.0221710205078125,0.996734619140625
1647870599877,2022-03-21T13:49:59.877,unknown,-0.050201416015625,0.0201568603515625,0.996063232421875
1647870599977,2022-03-21T13:49:59.977,unknown,-0.04840087890625,0.0193328857421875,0.9920806884765625
1647870600076,2022-03-21T13:50:00.076,unknown,-0.0501708984375,0.0202484130859375,0.9973602294921875
1647870600176,2022-03-21T13:50:00.176,unknown,-0.050018310546875,0.0214080810546875,0.9927215576171875
1647870600276,2022-03-21T13:50:00.276,unknown,-0.0509185791015625,0.022918701171875,0.9941558837890625
1647870600375,2022-03-21T13:50:00.375,unknown,-0.049591064453125,0.02105712890625,0.9926910400390625
1647870600475,2022-03-21T13:50:00.475,unknown,-0.0519561767578125,0.0217742919921875,0.98907470703125
1647870600574,2022-03-21T13:50:00.574,unknown,-0.0478057861328125,0.020477294921875,0.998687744140625
1647870600674,2022-03-21T13:50:00.674,unknown,-0.0521392822265625,0.0204925537109375,0.9899444580078125
1647870600773,2022-03-21T13:50:00.773,unknown,-0.04730224609375,0.0200347900390625,0.9878997802734375
1647870600873,2022-03-21T13:50:00.873,unknown,-0.0497894287109375,0.021942138671875,0.99554443359375
1647870600973,2022-03-21T13:50:00.973,unknown,-0.051483154296875,0.019134521484375,0.99383544921875
1647870601072,2022-03-21T13:50:01.072,unknown,-0.049163818359375,0.022918701171875,0.997100830078125
1647870601172,2022-03-21T13:50:01.172,unknown,-0.0499725341796875,0.020965576171875,0.992279052734375
1647870601271,2022-03-21T13:50:01.271,unknown,-0.0501251220703125,0.0199432373046875,1.0015869140625
1647870601371,2022-03-21T13:50:01.371,unknown,-0.0501861572265625,0.0218048095703125,0.9982452392578125
1647870601470,2022-03-21T13:50:01.470,unknown,-0.048675537109375,0.0174560546875,0.9894866943359375
1647870601570,2022-03-21T13:50:01.570,unknown,-0.0489044189453125,0.0245361328125,0.9979248046875
1647870601670,2022-03-21T13:50:01.670,unknown,-0.05126953125,0.0170440673828125,0.991302490234375
1647870601769,2022-03-21T13:50:01.769,unknown,-0.050445556640625,0.0202789306640625,1.00689697265625
1647870601869,2022-03-21T13:50:01.869,unknown,-0.046234130859375,0.0188751220703125,1.003326416015625
1647870601968,2022-03-21T13:50:01.968,unknown,-0.052215576171875,0.021636962890625,0.9937744140625
1647870602068,2022-03-21T13:50:02.068,unknown,-0.0494537353515625,0.02117919921875,0.994140625
1647870602167,2022-03-21T13:50:02.167,unknown,-0.048583984375,0.0186767578125,0.993011474609375
1647870602267,2022-03-21T13:50:02.267,unknown,-0.0490264892578125,0.0223388671875,1.0023956298828125
1647870602367,2022-03-21T13:50:02.367,unknown,-0.0543975830078125,0.0251617431640625,1.000335693359375
1647870602466,2022-03-21T13:50:02.466,unknown,-0.0445709228515625,0.0116729736328125,0.9939117431640625
1647870602566,2022-03-21T13:50:02.566,unknown,-0.0544586181640625,0.029632568359375,0.995269775390625
1647870602665,2022-03-21T13:50:02.665,unknown,-0.041107177734375,0.012786865234375,0.9953765869140625
1647870602765,2022-03-21T13:50:02.765,unknown,-0.056488037109375,0.02154541015625,0.996185302734375
1647870602864,2022-03-21T13:50:02.864,unknown,-0.04736328125,0.02435302734375,0.99920654296875
1647870602964,2022-03-21T13:50:02.964,unknown,-0.0459136962890625,0.0157318115234375,0.9947357177734375
1647870603064,2022-03-21T13:50:03.064,unknown,-0.0563507080078125,0.02520751953125,1.0016021728515625
1647870603163,2022-03-21T13:50:03.163,unknown,-0.045562744140625,0.0168304443359375,0.99078369140625
1647870603263,2022-03-21T13:50:03.263,unknown,-0.0511016845703125,0.0249176025390625,0.9994354248046875
1647870603362,2022-03-21T13:50:03.362,unknown,-0.051055908203125,0.0186614990234375,0.9956207275390625
1647870603462,2022-03-21T13:50:03.462,unknown,-0.0486602783203125,0.02142333984375,0.9841766357421875
1647870603561,2022-03-21T13:50:03.561,unknown,-0.0497589111328125,0.02166748046875,0.9990692138671875
1647870603661,2022-03-21T13:50:03.661,unknown,-0.0506439208984375,0.0190277099609375,0.9953460693359375
1647870603761,2022-03-21T13:50:03.761,unknown,-0.04888916015625,0.0213775634765625,0.99603271484375
1647870603860,2022-03-21T13:50:03.860,unknown,-0.0510406494140625,0.02197265625,1.0028076171875
1647870603960,2022-03-21T13:50:03.960,unknown,-0.048919677734375,0.0186767578125,0.9882354736328125
1647870604059,2022-03-21T13:50:04.059,unknown,-0.0494232177734375,0.0220947265625,0.995513916015625
1647870604159,2022-03-21T13:50:04.159,unknown,-0.0514984130859375,0.020172119140625,0.9957427978515625
1647870604258,2022-03-21T13:50:04.258,unknown,-0.0483551025390625,0.0212860107421875,0.9927215576171875
1647870604358,2022-03-21T13:50:04.358,unknown,-0.0517120361328125,0.021453857421875,0.9955291748046875
1647870604458,2022-03-21T13:50:04.458,unknown,-0.049652099609375,0.0186767578125,0.99114990234375
1647870604557,2022-03-21T13:50:04.557,unknown,-0.049530029296875,0.0222320556640625,0.9957275390625
1647870604657,2022-03-21T13:50:04.657,unknown,-0.0504913330078125,0.0206298828125,0.9912872314453125
1647870604756,2022-03-21T13:50:04.756,unknown,-0.0507354736328125,0.0211944580078125,0.993255615234375
1647870604856,2022-03-21T13:50:04.856,unknown,-0.0512542724609375,0.022674560546875,1.008148193359375
1647870604955,2022-03-21T13:50:04.955,unknown,-0.050323486328125,0.021270751953125,0.99310302734375
1647870605055,2022-03-21T13:50:05.055,unknown,-0.0507354736328125,0.020599365234375,0.9956512451171875
1647870605155,2022-03-21T13:50:05.155,unknown,-0.0502166748046875,0.0205841064453125,0.996612548828125
1647870605254,2022-03-21T13:50:05.254,unknown,-0.050811767578125,0.021392822265625,0.9934539794921875
1647870605354,2022-03-21T13:50:05.354,unknown,-0.0490264892578125,0.0191650390625,0.9950408935546875
1647870605453,2022-03-21T13:50:05.453,unknown,-0.049652099609375,0.0216064453125,0.9875640869140625
1647870605553,2022-03-21T13:50:05.553,unknown,-0.0504150390625,0.020751953125,0.9948272705078125
1647870605652,2022-03-21T13:50:05.652,unknown,-0.049591064453125,0.0221405029296875,0.99267578125
1647870605752,2022-03-21T13:50:05.752,unknown,-0.0510711669921875,0.0208740234375,0.9923553466796875
1647870605852,2022-03-21T13:50:05.852,unknown,-0.0500335693359375,0.0197296142578125,0.99615478515625
1647870605951,2022-03-21T13:50:05.951,unknown,-0.050262451171875,0.021728515625,0.9941864013671875
1647870606051,2022-03-21T13:50:06.051,unknown,-0.0502777099609375,0.0206756591796875,0.997406005859375
1647870606150,2022-03-21T13:50:06.150,unknown,-0.05096435546875,0.021026611328125,0.992767333984375
1647870606250,2022-03-21T13:50:06.250,unknown,-0.049713134765625,0.02081298828125,0.9930572509765625
1647870606349,2022-03-21T13:50:06.349,unknown,-0.05010986328125,0.02130126953125,0.9964752197265625
1647870606449,2022-03-21T13:50:06.449,unknown,-0.051300048828125,0.0203399658203125,0.9927520751953125
1647870606549,2022-03-21T13:50:06.549,unknown,-0.049346923828125,0.022003173828125,0.9959259033203125
1647870606648,2022-03-21T13:50:06.648,unknown,-0.0502166748046875,0.02117919921875,0.993072509765625
1647870606748,2022-03-21T13:50:06.748,unknown,-0.051116943359375,0.0211029052734375,0.993682861328125
1647870606847,2022-03-21T13:50:06.847,unknown,-0.0492095947265625,0.021087646484375,0.9969329833984375
1647870606947,2022-03-21T13:50:06.947,unknown,-0.0513153076171875,0.0203704833984375,0.9942169189453125
1647870607047,2022-03-21T13:50:07.047,unknown,-0.04986572265625,0.023193359375,0.99346923828125
1647870607146,2022-03-21T13:50:07.146,unknown,-0.0499420166015625,0.019805908203125,0.9969635009765625
1647870607246,2022-03-21T13:50:07.246,unknown,-0.05029296875,0.020172119140625,0.99114990234375
1647870607345,2022-03-21T13:50:07.345,unknown,-0.049530029296875,0.022186279296875,0.9986572265625
1647870607445,2022-03-21T13:50:07.445,unknown,-0.04962158203125,0.0198211669921875,0.9922332763671875
1647870607544,2022-03-21T13:50:07.544,unknown,-0.0517730712890625,0.0231475830078125,0.9951324462890625
1647870607644,2022-03-21T13:50:07.644,unknown,-0.0499114990234375,0.019073486328125,0.9972076416015625
1647870607744,2022-03-21T13:50:07.744,unknown,-0.050811767578125,0.0234527587890625,0.99261474609375
1647870607843,2022-03-21T13:50:07.843,unknown,-0.0481414794921875,0.01953125,0.995880126953125
1647870607943,2022-03-21T13:50:07.943,unknown,-0.0515594482421875,0.0225372314453125,0.9912261962890625
1647870608042,2022-03-21T13:50:08.042,unknown,-0.049530029296875,0.0204620361328125,0.9949951171875
1647870608142,2022-03-21T13:50:08.142,unknown,-0.0508270263671875,0.021942138671875,0.9969024658203125
1647870608241,2022-03-21T13:50:08.241,unknown,-0.049285888671875,0.0217742919921875,0.99151611328125
1647870608341,2022-03-21T13:50:08.341,unknown,-0.0500946044921875,0.022735595703125,0.997100830078125
1647870608441,2022-03-21T13:50:08.441,unknown,-0.0491485595703125,0.0187835693359375,0.992401123046875
1647870608540,2022-03-21T13:50:08.540,unknown,-0.0504150390625,0.023773193359375,0.9957275390625
1647870608640,2022-03-21T13:50:08.640,unknown,-0.04791259765625,0.0194091796875,1.00128173828125
1647870608739,2022-03-21T13:50:08.739,unknown,-0.0514678955078125,0.021759033203125,0.9859771728515625
1647870608839,2022-03-21T13:50:08.839,unknown,-0.0494537353515625,0.02032470703125,0.99713134765625
1647870608938,2022-03-21T13:50:08.938,unknown,-0.05023193359375,0.020751953125,0.9910736083984375
1647870609038,2022-03-21T13:50:09.038,unknown,-0.049530029296875,0.0222930908203125,0.9950408935546875
1647870609138,2022-03-21T13:50:09.138,unknown,-0.0495147705078125,0.019683837890625,0.9968414306640625
1647870609237,2022-03-21T13:50:09.237,unknown,-0.051605224609375,0.0223388671875,0.99188232421875
1647870609337,2022-03-21T13:50:09.337,unknown,-0.0482940673828125,0.0205230712890625,0.994873046875
1647870609436,2022-03-21T13:50:09.436,unknown,-0.0507965087890625,0.0210723876953125,0.9925079345703125
1647870609536,2022-03-21T13:50:09.536,unknown,-0.049591064453125,0.0216064453125,0.995941162109375
1647870609635,2022-03-21T13:50:09.635,unknown,-0.0495758056640625,0.0196685791015625,0.996612548828125
1647870609735,2022-03-21T13:50:09.735,unknown,-0.050689697265625,0.0232391357421875,0.9895477294921875
1647870609835,2022-03-21T13:50:09.835,unknown,-0.0491485595703125,0.021209716796875,0.997894287109375
1647870609934,2022-03-21T13:50:09.934,unknown,-0.05096435546875,0.021453857421875,0.993194580078125
1647870610034,2022-03-21T13:50:10.034,unknown,-0.0511627197265625,0.021575927734375,0.994873046875
1647870610133,2022-03-21T13:50:10.133,unknown,-0.0500335693359375,0.0204010009765625,0.9952850341796875
1647870610233,2022-03-21T13:50:10.233,unknown,-0.050262451171875,0.019744873046875,0.9919891357421875
1647870610332,2022-03-21T13:50:10.332,unknown,-0.0494842529296875,0.020751953125,0.996795654296875
1647870610432,2022-03-21T13:50:10.432,unknown,-0.0504150390625,0.0219268798828125,0.99310302734375
1647870610532,2022-03-21T13:50:10.532,unknown,-0.0511474609375,0.020538330078125,0.9921417236328125
1647870610631,2022-03-21T13:50:10.631,unknown,-0.049163818359375,0.0196380615234375,0.9960479736328125
1647870610731,2022-03-21T13:50:10.731,unknown,-0.050048828125,0.02069091796875,0.9894256591796875
1647870610830,2022-03-21T13:50:10.830,unknown,-0.04974365234375,0.021392822265625,0.9968109130859375
1647870610930,2022-03-21T13:50:10.930,unknown,-0.049407958984375,0.0217742919921875,0.9941558837890625
1647870611029,2022-03-21T13:50:11.029,unknown,-0.05047607421875,0.0188140869140625,0.9958953857421875
1647870611129,2022-03-21T13:50:11.129,unknown,-0.04998779296875,0.021942138671875,0.99755859375
1647870611229,2022-03-21T13:50:11.229,unknown,-0.050079345703125,0.0190887451171875,0.9900054931640625
1647870611328,2022-03-21T13:50:11.328,unknown,-0.0498809814453125,0.019622802734375,0.9985809326171875
1647870611428,2022-03-21T13:50:11.428,unknown,-0.0511627197265625,0.0206298828125,0.9926605224609375
1647870611527,2022-03-21T13:50:11.527,unknown,-0.050018310546875,0.02099609375,0.9911956787109375
1647870611627,2022-03-21T13:50:11.627,unknown,-0.0490570068359375,0.0211334228515625,0.997406005859375
1647870611726,2022-03-21T13:50:11.726,unknown,-0.0504302978515625,0.0196075439453125,0.9913177490234375
1647870611826,2022-03-21T13:50:11.826,unknown,-0.04974365234375,0.0213165283203125,0.9979248046875
1647870611926,2022-03-21T13:50:11.926,unknown,-0.049163818359375,0.020538330078125,0.9907684326171875
1647870612025,2022-03-21T13:50:12.025,unknown,-0.051544189453125,0.022613525390625,0.9930267333984375
1647870612125,2022-03-21T13:50:12.125,unknown,-0.050201416015625,0.0199127197265625,0.995269775390625
1647870612224,2022-03-21T13:50:12.224,unknown,-0.0502166748046875,0.0221099853515625,0.9929046630859375
1647870612324,2022-03-21T13:50:12.324,unknown,-0.04937744140625,0.020355224609375,0.996917724609375
1647870612423,2022-03-21T13:50:12.423,unknown,-0.050567626953125,0.0196533203125,0.993743896484375
1647870612523,2022-03-21T13:50:12.523,unknown,-0.04998779296875,0.02154541015625,0.993682861328125
1647870612623,2022-03-21T13:50:12.623,unknown,-0.0495758056640625,0.01910400390625,0.9968414306640625
1647870612722,2022-03-21T13:50:12.722,unknown,-0.05133056640625,0.0200653076171875,0.99261474609375
1647870612822,2022-03-21T13:50:12.822,unknown,-0.0492095947265625,0.0208587646484375,0.996307373046875
1647870612921,2022-03-21T13:50:12.921,unknown,-0.0516510009765625,0.0225982666015625,0.995635986328125
1647870613021,2022-03-21T13:50:13.021,unknown,-0.048583984375,0.0194549560546875,0.9935455322265625
1647870613120,2022-03-21T13:50:13.120,unknown,-0.049591064453125,0.0231170654296875,0.9968414306640625
1647870613220,2022-03-21T13:50:13.220,unknown,-0.0511474609375,0.020721435546875,0.9930877685546875
1647870613320,2022-03-21T13:50:13.320,unknown,-0.0479888916015625,0.02154541015625,0.99615478515625
1647870613419,2022-03-21T13:50:13.419,unknown,-0.05181884765625,0.02215576171875,0.9940185546875
1647870613519,2022-03-21T13:50:13.519,unknown,-0.04901123046875,0.019622802734375,0.991241455078125
1647870613618,2022-03-21T13:50:13.618,unknown,-0.049652099609375,0.022125244140625,0.9970703125
1647870613718,2022-03-21T13:50:13.718,unknown,-0.0489349365234375,0.019134521484375,0.9898681640625
1647870613817,2022-03-21T13:50:13.817,unknown,-0.0507659912109375,0.0217437744140625,0.9962615966796875
1647870613917,2022-03-21T13:50:13.917,unknown,-0.0498199462890625,0.021026611328125,0.995208740234375
1647870614017,2022-03-21T13:50:14.017,unknown,-0.0502166748046875,0.0208892822265625,0.992279052734375
1647870614116,2022-03-21T13:50:14.116,unknown,-0.0494232177734375,0.0218963623046875,0.998321533203125
1647870614216,2022-03-21T13:50:14.216,unknown,-0.0497589111328125,0.021087646484375,0.991912841796875
1647870614315,2022-03-21T13:50:14.315,unknown,-0.051605224609375,0.0220184326171875,0.9960479736328125
1647870614415,2022-03-21T13:50:14.415,unknown,-0.04913330078125,0.020599365234375,0.9941864013671875
1647870614514,2022-03-21T13:50:14.514,unknown,-0.0501251220703125,0.0214996337890625,0.9943695068359375
1647870614614,2022-03-21T13:50:14.614,unknown,-0.0496673583984375,0.0206298828125,0.9965972900390625
1647870614714,2022-03-21T13:50:14.714,unknown,-0.04913330078125,0.022369384765625,0.9925079345703125
1647870614813,2022-03-21T13:50:14.813,unknown,-0.049407958984375,0.021209716796875,0.9967193603515625
1647870614913,2022-03-21T13:50:14.913,unknown,-0.04998779296875,0.0203399658203125,0.995025634765625
1647870615012,2022-03-21T13:50:15.012,unknown,-0.0506744384765625,0.019866943359375,0.9895782470703125
1647870615112,2022-03-21T13:50:15.112,unknown,-0.050018310546875,0.0218963623046875,0.9972686767578125
1647870615211,2022-03-21T13:50:15.211,unknown,-0.0502777099609375,0.01947021484375,0.9907379150390625
1647870615311,2022-03-21T13:50:15.311,unknown,-0.04998779296875,0.0210418701171875,0.9971160888671875
1647870615411,2022-03-21T13:50:15.411,unknown,-0.050567626953125,0.02081298828125,0.9929351806640625
1647870615510,2022-03-21T13:50:15.510,unknown,-0.050811767578125,0.0214385986328125,0.99481201171875
1647870615610,2022-03-21T13:50:15.610,unknown,-0.049072265625,0.0204925537109375,0.998291015625
1647870615709,2022-03-21T13:50:15.709,unknown,-0.0516357421875,0.020599365234375,0.9912261962890625
1647870615809,2022-03-21T13:50:15.809,unknown,-0.0496826171875,0.02105712890625,0.9964599609375
1647870615908,2022-03-21T13:50:15.908,unknown,-0.0494537353515625,0.019073486328125,0.994171142578125
1647870616008,2022-03-21T13:50:16.008,unknown,-0.05010986328125,0.021087646484375,0.9928741455078125
1647870616108,2022-03-21T13:50:16.108,unknown,-0.0497283935546875,0.0209808349609375,0.99560546875
1647870616207,2022-03-21T13:50:16.207,unknown,-0.049835205078125,0.019775390625,0.9920196533203125
1647870616307,2022-03-21T13:50:16.307,unknown,-0.0487213134765625,0.021087646484375,0.995819091796875
1647870616406,2022-03-21T13:50:16.406,unknown,-0.0498046875,0.0201568603515625,0.9931182861328125
1647870616506,2022-03-21T13:50:16.506,unknown,-0.0497894287109375,0.0200042724609375,0.9940643310546875
1647870616605,2022-03-21T13:50:16.605,unknown,-0.0494537353515625,0.0218353271484375,0.996002197265625
1647870616705,2022-03-21T13:50:16.705,unknown,-0.0495452880859375,0.0196075439453125,0.9918365478515625
1647870616805,2022-03-21T13:50:16.805,unknown,-0.050079345703125,0.0221710205078125,0.9960784912109375
1647870616904,2022-03-21T13:50:16.904,unknown,-0.0504913330078125,0.0190887451171875,0.9944915771484375
1647870617004,2022-03-21T13:50:17.004,unknown,-0.0494232177734375,0.0204620361328125,0.992584228515625
1647870617103,2022-03-21T13:50:17.103,unknown,-0.0501251220703125,0.022003173828125,0.9958038330078125
1647870617203,2022-03-21T13:50:17.203,unknown,-0.049530029296875,0.020751953125,0.9909820556640625
1647870617302,2022-03-21T13:50:17.302,unknown,-0.04833984375,0.0222930908203125,0.9960174560546875
1647870617402,2022-03-21T13:50:17.402,unknown,-0.0509185791015625,0.02056884765625,0.9944000244140625
1647870617502,2022-03-21T13:50:17.502,unknown,-0.0488433837890625,0.018951416015625,0.991668701171875
1647870617601,2022-03-21T13:50:17.601,unknown,-0.0505218505859375,0.023223876953125,0.997802734375
1647870617701,2022-03-21T13:50:17.701,unknown,-0.04913330078125,0.0206146240234375,0.9921875
1647870617800,2022-03-21T13:50:17.800,unknown,-0.05120849609375,0.0213623046875,0.996612548828125
1647870617900,2022-03-21T13:50:17.900,unknown,-0.05078125,0.01922607421875,0.995269775390625
1647870617999,2022-03-21T13:50:17.999,unknown,-0.0463409423828125,0.0206451416015625,0.991302490234375
1647870618099,2022-03-21T13:50:18.099,unknown,-0.0523834228515625,0.028350830078125,0.997589111328125
1647870618199,2022-03-21T13:50:18.199,unknown,-0.053955078125,0.009735107421875,0.9928741455078125
1647870618298,2022-03-21T13:50:18.298,unknown,-0.0464630126953125,0.0189208984375,0.9959564208984375
1647870618398,2022-03-21T13:50:18.398,unknown,-0.046661376953125,0.02496337890625,0.9983367919921875
1647870618497,2022-03-21T13:50:18.497,unknown,-0.0530242919921875,0.00885009765625,0.99127197265625
1647870618597,2022-03-21T13:50:18.597,unknown,-0.0508270263671875,0.028533935546875,0.9994964599609375
1647870618697,2022-03-21T13:50:18.697,unknown,-0.0443115234375,0.01336669921875,0.9901885986328125
1647870618796,2022-03-21T13:50:18.796,unknown,-0.0532379150390625,0.0224456787109375,0.9949798583984375
1647870618896,2022-03-21T13:50:18.896,unknown,-0.04827880859375,0.0141143798828125,0.9928741455078125
1647870618995,2022-03-21T13:50:18.995,unknown,-0.0538787841796875,0.035919189453125,0.9911651611328125
1647870619095,2022-03-21T13:50:19.095,unknown,-0.042083740234375,0.02093505859375,0.99517822265625
1647870619194,2022-03-21T13:50:19.194,unknown,-0.05523681640625,0.0232086181640625,0.99017333984375
1647870619294,2022-03-21T13:50:19.294,unknown,-0.047576904296875,0.0202484130859375,1.0016632080078125
1647870619394,2022-03-21T13:50:19.394,unknown,-0.0566253662109375,0.0236663818359375,0.998260498046875
1647870619493,2022-03-21T13:50:19.493,unknown,-0.04681396484375,0.022796630859375,0.991729736328125
1647870619593,2022-03-21T13:50:19.593,unknown,-0.0384674072265625,0.0351715087890625,0.995452880859375
1647870619692,2022-03-21T13:50:19.692,unknown,-0.07330322265625,0.0052947998046875,0.990234375
1647870619792,2022-03-21T13:50:19.792,unknown,-0.03753662109375,0.0429229736328125,0.9979705810546875
1647870619891,2022-03-21T13:50:19.891,unknown,-0.04327392578125,0.0144500732421875,0.9930572509765625
1647870619991,2022-03-21T13:50:19.991,unknown,-0.070404052734375,0.024932861328125,0.994964599609375
1647870620091,2022-03-21T13:50:20.091,unknown,-0.0345611572265625,0.0147247314453125,0.99749755859375
1647870620190,2022-03-21T13:50:20.190,unknown,-0.0386199951171875,-0.005126953125,0.98748779296875
1647870620290,2022-03-21T13:50:20.290,unknown,-0.0605010986328125,-0.00146484375,0.9945068359375
1647870620389,2022-03-21T13:50:20.389,unknown,-0.04388427734375,0.0491943359375,0.9972381591796875
1647870620489,2022-03-21T13:50:20.489,unknown,-0.0416107177734375,0.0036468505859375,0.989166259765625
1647870620588,2022-03-21T13:50:20.588,unknown,-0.070953369140625,0.041351318359375,0.997528076171875
1647870620688,2022-03-21T13:50:20.688,unknown,-0.035186767578125,0.0091552734375,0.9893341064453125
1647870620788,2022-03-21T13:50:20.788,unknown,-0.0535888671875,0.0417633056640625,0.997711181640625
1647870620887,2022-03-21T13:50:20.887,unknown,-0.056121826171875,0.00238037109375,0.993133544921875
1647870620987,2022-03-21T13:50:20.987,unknown,-0.045196533203125,0.0386810302734375,0.9968109130859375
1647870621086,2022-03-21T13:50:21.086,unknown,-0.0499114990234375,0.02197265625,0.9906768798828125
1647870621186,2022-03-21T13:50:21.186,unknown,-0.059356689453125,0.0219268798828125,0.99249267578125
1647870621285,2022-03-21T13:50:21.285,unknown,-0.042266845703125,0.029632568359375,0.9953460693359375
1647870621385,2022-03-21T13:50:21.385,unknown,-0.05316162109375,0.0230712890625,0.994873046875
1647870621485,2022-03-21T13:50:21.485,unknown,-0.0555572509765625,0.0223236083984375,0.9938201904296875
1647870621584,2022-03-21T13:50:21.584,unknown,-0.0386199951171875,0.0192718505859375,0.998321533203125
1647870621684,2022-03-21T13:50:21.684,unknown,-0.05963134765625,0.029998779296875,0.99224853515625
1647870621783,2022-03-21T13:50:21.783,unknown,-0.0489654541015625,0.01177978515625,0.9936370849609375
1647870621883,2022-03-21T13:50:21.883,unknown,-0.0464019775390625,0.0355682373046875,0.9958343505859375
1647870621982,2022-03-21T13:50:21.982,unknown,-0.0546875,0.0130462646484375,0.990753173828125
1647870622082,2022-03-21T13:50:22.082,unknown,-0.0517578125,0.031005859375,0.9960479736328125
1647870622182,2022-03-21T13:50:22.182,unknown,-0.043121337890625,0.0159149169921875,0.991455078125
1647870622281,2022-03-21T13:50:22.281,unknown,-0.0572509765625,0.02655029296875,0.994384765625
1647870622381,2022-03-21T13:50:22.381,unknown,-0.048187255859375,0.0163421630859375,0.9936065673828125
1647870622480,2022-03-21T13:50:22.480,unknown,-0.0472259521484375,0.0296478271484375,0.9933929443359375
1647870622580,2022-03-21T13:50:22.580,unknown,-0.053466796875,0.01708984375,0.9972991943359375
1647870622679,2022-03-21T13:50:22.679,unknown,-0.050933837890625,0.0278778076171875,0.9919891357421875
1647870622779,2022-03-21T13:50:22.779,unknown,-0.046722412109375,0.0198974609375,0.9968414306640625
1647870622879,2022-03-21T13:50:22.879,unknown,-0.05517578125,0.0253143310546875,0.9962615966796875
1647870622978,2022-03-21T13:50:22.978,unknown,-0.0482635498046875,0.0207672119140625,0.9913482666015625
1647870623078,2022-03-21T13:50:23.078,unknown,-0.04840087890625,0.024749755859375,0.9982147216796875
1647870623177,2022-03-21T13:50:23.177,unknown,-0.0529632568359375,0.0204620361328125,0.9912109375
1647870623277,2022-03-21T13:50:23.277,unknown,-0.049407958984375,0.024169921875,0.99560546875
1647870623376,2022-03-21T13:50:23.376,unknown,-0.04901123046875,0.0243072509765625,0.9948272705078125
1647870623476,2022-03-21T13:50:23.476,unknown,-0.0531158447265625,0.022369384765625,0.99285888671875
1647870623576,2022-03-21T13:50:23.576,unknown,-0.04864501953125,0.0244140625,0.9969482421875
1647870623675,2022-03-21T13:50:23.675,unknown,-0.048553466796875,0.022216796875,0.99310302734375
1647870623775,2022-03-21T13:50:23.775,unknown,-0.052947998046875,0.0230255126953125,0.995758056640625
1647870623874,2022-03-21T13:50:23.874,unknown,-0.0482177734375,0.0214080810546875,0.9951019287109375
1647870623974,2022-03-21T13:50:23.974,unknown,-0.0501556396484375,0.0240936279296875,0.992767333984375
1647870624073,2022-03-21T13:50:24.073,unknown,-0.052215576171875,0.0205841064453125,0.99676513671875
1647870624173,2022-03-21T13:50:24.173,unknown,-0.0499114990234375,0.0253143310546875,0.991943359375
1647870624273,2022-03-21T13:50:24.273,unknown,-0.048828125,0.0211029052734375,0.996551513671875
1647870624372,2022-03-21T13:50:24.372,unknown,-0.0523834228515625,0.0237579345703125,0.995758056640625
1647870624472,2022-03-21T13:50:24.472,unknown,-0.0486907958984375,0.019989013671875,0.991851806640625
1647870624571,2022-03-21T13:50:24.571,unknown,-0.050537109375,0.024658203125,0.9971160888671875
1647870624671,2022-03-21T13:50:24.671,unknown,-0.05126953125,0.0195159912109375,0.991851806640625
1647870624770,2022-03-21T13:50:24.770,unknown,-0.0497589111328125,0.0253753662109375,0.99578857421875
1647870624870,2022-03-21T13:50:24.870,unknown,-0.0504302978515625,0.021484375,0.995697021484375
1647870624970,2022-03-21T13:50:24.970,unknown,-0.0506439208984375,0.0239410400390625,0.9921875
1647870625069,2022-03-21T13:50:25.069,unknown,-0.048583984375,0.0212860107421875,0.994781494140625
1647870625169,2022-03-21T13:50:25.169,unknown,-0.0500946044921875,0.0239105224609375,0.99176025390625
1647870625268,2022-03-21T13:50:25.268,unknown,-0.050445556640625,0.02203369140625,0.995758056640625
1647870625368,2022-03-21T13:50:25.368,unknown,-0.0499114990234375,0.0237579345703125,0.9966888427734375
1647870625467,2022-03-21T13:50:25.467,unknown,-0.0500946044921875,0.0224761962890625,0.9949188232421875
1647870625567,2022-03-21T13:50:25.567,unknown,-0.0512237548828125,0.0230712890625,0.9978790283203125
1647870625667,2022-03-21T13:50:25.667,unknown,-0.05084228515625,0.0224456787109375,0.9918212890625
1647870625766,2022-03-21T13:50:25.766,unknown,-0.05059814453125,0.0215606689453125,0.994171142578125
1647870625866,2022-03-21T13:50:25.866,unknown,-0.050628662109375,0.022979736328125,0.9933013916015625
1647870625965,2022-03-21T13:50:25.965,unknown,-0.049591064453125,0.022491455078125,0.992828369140625
1647870626065,2022-03-21T13:50:26.065,unknown,-0.051300048828125,0.0230712890625,0.9988861083984375
1647870626164,2022-03-21T13:50:26.164,unknown,-0.0502777099609375,0.0218353271484375,0.992095947265625
1647870626264,2022-03-21T13:50:26.264,unknown,-0.05047607421875,0.0238189697265625,0.994781494140625
1647870626364,2022-03-21T13:50:26.364,unknown,-0.051666259765625,0.0218658447265625,0.995697021484375
1647870626463,2022-03-21T13:50:26.463,unknown,-0.0511932373046875,0.0234832763671875,0.9923858642578125
1647870626563,2022-03-21T13:50:26.563,unknown,-0.049835205078125,0.022491455078125,0.997100830078125
1647870626662,2022-03-21T13:50:26.662,unknown,-0.0506439208984375,0.02398681640625,0.991668701171875
1647870626762,2022-03-21T13:50:26.762,unknown,-0.0499725341796875,0.0217437744140625,0.9930419921875
1647870626861,2022-03-21T13:50:26.861,unknown,-0.0501251220703125,0.0236053466796875,0.9953765869140625
1647870626961,2022-03-21T13:50:26.961,unknown,-0.0510406494140625,0.02117919921875,0.99163818359375
1647870627061,2022-03-21T13:50:27.061,unknown,-0.0503692626953125,0.0236053466796875,0.99639892578125
1647870627160,2022-03-21T13:50:27.160,unknown,-0.04766845703125,0.022216796875,0.993896484375
1647870627260,2022-03-21T13:50:27.260,unknown,-0.0523681640625,0.023162841796875,0.99285888671875
1647870627359,2022-03-21T13:50:27.359,unknown,-0.04998779296875,0.02191162109375,0.99639892578125
1647870627459,2022-03-21T13:50:27.459,unknown,-0.0484161376953125,0.0260162353515625,0.9914093017578125
1647870627558,2022-03-21T13:50:27.558,unknown,-0.0515899658203125,0.0221099853515625,0.9982147216796875
1647870627658,2022-03-21T13:50:27.658,unknown,-0.05029296875,0.0244140625,0.9939727783203125
1647870627758,2022-03-21T13:50:27.758,unknown,-0.0483856201171875,0.0223541259765625,0.9918670654296875
1647870627857,2022-03-21T13:50:27.857,unknown,-0.05218505859375,0.0231781005859375,0.9962310791015625
1647870627957,2022-03-21T13:50:27.957,unknown,-0.0335540771484375,0.0309600830078125,0.9900970458984375
1647870628056,2022-03-21T13:50:28.056,unknown,-0.0713653564453125,0.0160064697265625,0.994415283203125
1647870628156,2022-03-21T13:50:28.156,unknown,-0.033447265625,0.028717041015625,0.995086669921875
1647870628255,2022-03-21T13:50:28.255,unknown,-0.0491485595703125,0.02325439453125,0.9954681396484375
1647870628355,2022-03-21T13:50:28.355,unknown,-0.06683349609375,0.016357421875,0.997833251953125
1647870628455,2022-03-21T13:50:28.455,unknown,-0.011749267578125,0.0348968505859375,0.9898834228515625
1647870628554,2022-03-21T13:50:28.554,unknown,-0.07159423828125,0.009490966796875,0.99505615234375
1647870628654,2022-03-21T13:50:28.654,unknown,-0.0429840087890625,0.0258941650390625,0.995819091796875
1647870628753,2022-03-21T13:50:28.753,unknown,-0.0379180908203125,0.0165557861328125,0.992034912109375
1647870628853,2022-03-21T13:50:28.853,unknown,-0.0685577392578125,0.02752685546875,0.9978790283203125
1647870628952,2022-03-21T13:50:28.952,unknown,-0.0408935546875,0.019134521484375,0.992340087890625
1647870629052,2022-03-21T13:50:29.052,unknown,-0.046478271484375,0.0289154052734375,0.997161865234375
1647870629152,2022-03-21T13:50:29.152,unknown,-0.0505523681640625,0.013824462890625,0.994964599609375
1647870629251,2022-03-21T13:50:29.251,unknown,-0.0734405517578125,0.0356597900390625,0.9970245361328125
1647870629351,2022-03-21T13:50:29.351,unknown,-0.0247955322265625,0.023101806640625,0.99749755859375
1647870629450,2022-03-21T13:50:29.450,unknown,-0.0590362548828125,0.03070068359375,0.99102783203125
1647870629550,2022-03-21T13:50:29.550,unknown,-0.061309814453125,0.0098114013671875,0.9937896728515625
1647870629649,2022-03-21T13:50:29.649,unknown,-0.0327301025390625,0.033416748046875,0.995208740234375
1647870629749,2022-03-21T13:50:29.749,unknown,-0.0543670654296875,0.0174102783203125,0.9911956787109375
1647870629849,2022-03-21T13:50:29.849,unknown,-0.061614990234375,0.022735595703125,0.9978179931640625
1647870629948,2022-03-21T13:50:29.948,unknown,-0.0362701416015625,0.026336669921875,0.9942779541015625
1647870630048,2022-03-21T13:50:30.048,unknown,-0.0544281005859375,0.020538330078125,0.994415283203125
1647870630147,2022-03-21T13:50:30.147,unknown,-0.0592498779296875,0.021514892578125,0.9972686767578125
1647870630247,2022-03-21T13:50:30.247,unknown,-0.03790283203125,0.024200439453125,0.9909515380859375
1647870630346,2022-03-21T13:50:30.346,unknown,-0.054351806640625,0.0244903564453125,0.998504638671875
1647870630446,2022-03-21T13:50:30.446,unknown,-0.05645751953125,0.0160369873046875,0.99078369140625
1647870630546,2022-03-21T13:50:30.546,unknown,-0.0430450439453125,0.0305328369140625,0.9954833984375
1647870630645,2022-03-21T13:50:30.645,unknown,-0.0507354736328125,0.0168304443359375,0.994293212890625
1647870630745,2022-03-21T13:50:30.745,unknown,-0.0577545166015625,0.0263671875,0.9909515380859375
1647870630844,2022-03-21T13:50:30.844,unknown,-0.0398712158203125,0.021392822265625,0.997894287109375
1647870630944,2022-03-21T13:50:30.944,unknown,-0.0550689697265625,0.027923583984375,0.99267578125
1647870631043,2022-03-21T13:50:31.043,unknown,-0.05267333984375,0.017242431640625,0.99322509765625
1647870631143,2022-03-21T13:50:31.143,unknown,-0.0445404052734375,0.0308074951171875,0.995025634765625
1647870631243,2022-03-21T13:50:31.243,unknown,-0.05078125,0.0172882080078125,0.9918060302734375
1647870631342,2022-03-21T13:50:31.342,unknown,-0.055206298828125,0.0254669189453125,0.9981536865234375
1647870631442,2022-03-21T13:50:31.442,unknown,-0.0436859130859375,0.0196380615234375,0.9886474609375
1647870631541,2022-03-21T13:50:31.541,unknown,-0.05322265625,0.0264892578125,0.9984283447265625
1647870631641,2022-03-21T13:50:31.641,unknown,-0.052581787109375,0.0181427001953125,0.9952392578125
1647870631740,2022-03-21T13:50:31.740,unknown,-0.0472412109375,0.027618408203125,0.99322509765625
1647870631840,2022-03-21T13:50:31.840,unknown,-0.0514068603515625,0.020172119140625,0.996856689453125
1647870631940,2022-03-21T13:50:31.940,unknown,-0.0530242919921875,0.0241241455078125,0.9925689697265625
1647870632039,2022-03-21T13:50:32.039,unknown,-0.0453643798828125,0.022216796875,0.9929656982421875
1647870632139,2022-03-21T13:50:32.139,unknown,-0.052337646484375,0.0241851806640625,0.9970703125
1647870632238,2022-03-21T13:50:32.238,unknown,-0.051483154296875,0.0214996337890625,0.9907684326171875
1647870632338,2022-03-21T13:50:32.338,unknown,-0.047943115234375,0.0243377685546875,0.99786376953125
1647870632437,2022-03-21T13:50:32.437,unknown,-0.0518646240234375,0.0225830078125,0.994537353515625
1647870632537,2022-03-21T13:50:32.537,unknown,-0.051177978515625,0.02252197265625,0.9952545166015625
1647870632637,2022-03-21T13:50:32.637,unknown,-0.0476531982421875,0.0239105224609375,0.9964141845703125
1647870632736,2022-03-21T13:50:32.736,unknown,-0.051116943359375,0.0210418701171875,0.9915008544921875
1647870632836,2022-03-21T13:50:32.836,unknown,-0.0506134033203125,0.024444580078125,0.9967041015625
1647870632935,2022-03-21T13:50:32.935,unknown,-0.0477294921875,0.0224761962890625,0.9918670654296875
1647870633035,2022-03-21T13:50:33.035,unknown,-0.05242919921875,0.0242767333984375,0.9950103759765625
1647870633134,2022-03-21T13:50:33.134,unknown,-0.0504302978515625,0.021087646484375,0.994873046875
1647870633234,2022-03-21T13:50:33.234,unknown,-0.0484771728515625,0.02508544921875,0.9933929443359375
1647870633334,2022-03-21T13:50:33.334,unknown,-0.04998779296875,0.0216522216796875,0.9971466064453125
1647870633433,2022-03-21T13:50:33.433,unknown,-0.0514984130859375,0.02398681640625,0.9912567138671875
1647870633533,2022-03-21T13:50:33.533,unknown,-0.049163818359375,0.0216217041015625,0.993804931640625
1647870633632,2022-03-21T13:50:33.632,unknown,-0.051483154296875,0.0248565673828125,0.9944305419921875
1647870633732,2022-03-21T13:50:33.732,unknown,-0.0494842529296875,0.0217437744140625,0.9917449951171875
1647870633831,2022-03-21T13:50:33.831,unknown,-0.0498199462890625,0.0251617431640625,0.997222900390625
1647870633931,2022-03-21T13:50:33.931,unknown,-0.0513763427734375,0.0219268798828125,0.992767333984375
1647870634031,2022-03-21T13:50:34.031,unknown,-0.0495758056640625,0.0235137939453125,0.996612548828125
1647870634130,2022-03-21T13:50:34.130,unknown,-0.0493011474609375,0.0225982666015625,0.9957733154296875
1647870634230,2022-03-21T13:50:34.230,unknown,-0.0511932373046875,0.02288818359375,0.9925079345703125
1647870634329,2022-03-21T13:50:34.329,unknown,-0.05023193359375,0.022735595703125,0.9989471435546875
1647870634429,2022-03-21T13:50:34.429,unknown,-0.05023193359375,0.0238037109375,0.9915771484375
1647870634528,2022-03-21T13:50:34.528,unknown,-0.05126953125,0.023040771484375,0.9932708740234375
1647870634628,2022-03-21T13:50:34.628,unknown,-0.0502777099609375,0.0229034423828125,0.9944915771484375
1647870634728,2022-03-21T13:50:34.728,unknown,-0.0498046875,0.0232391357421875,0.990997314453125
1647870634827,2022-03-21T13:50:34.827,unknown,-0.05035400390625,0.022369384765625,0.99627685546875
1647870634927,2022-03-21T13:50:34.927,unknown,-0.0499420166015625,0.0234222412109375,0.9920806884765625
1647870635026,2022-03-21T13:50:35.026,unknown,-0.0498809814453125,0.023162841796875,0.99444580078125
1647870635126,2022-03-21T13:50:35.126,unknown,-0.0507049560546875,0.0241546630859375,0.9958038330078125
1647870635226,2022-03-21T13:50:35.226,unknown,-0.0498504638671875,0.022125244140625,0.9917755126953125
1647870635325,2022-03-21T13:50:35.325,unknown,-0.0503997802734375,0.0233001708984375,0.9969024658203125
1647870635425,2022-03-21T13:50:35.425,unknown,-0.0501251220703125,0.0221710205078125,0.9928131103515625
1647870635524,2022-03-21T13:50:35.524,unknown,-0.0503082275390625,0.02362060546875,0.995513916015625
1647870635624,2022-03-21T13:50:35.624,unknown,-0.0513916015625,0.0160064697265625,0.99578857421875
1647870635723,2022-03-21T13:50:35.723,unknown,-0.050018310546875,0.030731201171875,0.9922943115234375
1647870635823,2022-03-21T13:50:35.823,unknown,-0.049957275390625,0.0153961181640625,0.9971466064453125
1647870635923,2022-03-21T13:50:35.923,unknown,-0.05340576171875,0.0281524658203125,0.995269775390625
1647870636022,2022-03-21T13:50:36.022,unknown,-0.04693603515625,0.018280029296875,0.9918212890625
1647870636122,2022-03-21T13:50:36.122,unknown,-0.052337646484375,0.02642822265625,0.996490478515625
1647870636221,2022-03-21T13:50:36.221,unknown,-0.05072021484375,0.0193328857421875,0.9925537109375
1647870636321,2022-03-21T13:50:36.321,unknown,-0.0494232177734375,0.0249786376953125,0.9963836669921875
1647870636420,2022-03-21T13:50:36.420,unknown,-0.0508880615234375,0.021881103515625,0.9938201904296875
1647870636520,2022-03-21T13:50:36.520,unknown,-0.05108642578125,0.022918701171875,0.993194580078125
1647870636620,2022-03-21T13:50:36.620,unknown,-0.0497589111328125,0.0248260498046875,0.9962005615234375
1647870636719,2022-03-21T13:50:36.719,unknown,-0.051025390625,0.02130126953125,0.9904327392578125
1647870636819,2022-03-21T13:50:36.819,unknown,-0.05084228515625,0.0244140625,0.9974822998046875
1647870636918,2022-03-21T13:50:36.918,unknown,-0.0481414794921875,0.019683837890625,0.9936370849609375
1647870637018,2022-03-21T13:50:37.018,unknown,-0.052276611328125,0.0255584716796875,0.9941253662109375
1647870637117,2022-03-21T13:50:37.117,unknown,-0.0491943359375,0.0198822021484375,0.9964447021484375
1647870637217,2022-03-21T13:50:37.217,unknown,-0.0500640869140625,0.0267791748046875,0.990631103515625
1647870637317,2022-03-21T13:50:37.317,unknown,-0.04931640625,0.0187225341796875,0.9966278076171875
1647870637416,2022-03-21T13:50:37.416,unknown,-0.0518951416015625,0.02685546875,0.993194580078125
1647870637516,2022-03-21T13:50:37.516,unknown,-0.0485382080078125,0.019500732421875,0.9915771484375
1647870637615,2022-03-21T13:50:37.615,unknown,-0.052215576171875,0.0263214111328125,0.9969024658203125
1647870637715,2022-03-21T13:50:37.715,unknown,-0.0494232177734375,0.019775390625,0.991058349609375
1647870637814,2022-03-21T13:50:37.814,unknown,-0.0507354736328125,0.02557373046875,0.997283935546875
1647870637914,2022-03-21T13:50:37.914,unknown,-0.050689697265625,0.020294189453125,0.9947357177734375
1647870638014,2022-03-21T13:50:38.014,unknown,-0.05059814453125,0.025146484375,0.9942474365234375
1647870638113,2022-03-21T13:50:38.113,unknown,-0.0506591796875,0.0214080810546875,0.996551513671875
1647870638213,2022-03-21T13:50:38.213,unknown,-0.0508270263671875,0.0244293212890625,0.990234375
1647870638312,2022-03-21T13:50:38.312,unknown,-0.0502777099609375,0.022308349609375,0.9972381591796875
1647870638412,2022-03-21T13:50:38.412,unknown,-0.050872802734375,0.02435302734375,0.9958648681640625
1647870638511,2022-03-21T13:50:38.511,unknown,-0.0503692626953125,0.022369384765625,0.993804931640625
1647870638611,2022-03-21T13:50:38.611,unknown,-0.0498504638671875,0.0236053466796875,0.995635986328125
1647870638711,2022-03-21T13:50:38.711,unknown,-0.049835205078125,0.023406982421875,0.9912567138671875
1647870638810,2022-03-21T13:50:38.810,unknown,-0.05059814453125,0.0232391357421875,0.9978790283203125
1647870638910,2022-03-21T13:50:38.910,unknown,-0.051483154296875,0.019439697265625,0.9974365234375
1647870639009,2022-03-21T13:50:39.009,unknown,-0.050750732421875,0.026458740234375,0.9924163818359375
1647870639109,2022-03-21T13:50:39.109,unknown,-0.0477142333984375,0.0215301513671875,0.996246337890625
1647870639208,2022-03-21T13:50:39.208,unknown,-0.0530853271484375,0.024383544921875,0.9917144775390625
1647870639308,2022-03-21T13:50:39.308,unknown,-0.0464324951171875,0.0232696533203125,0.9959869384765625
1647870639408,2022-03-21T13:50:39.408,unknown,-0.052337646484375,0.0228118896484375,0.9940338134765625
1647870639507,2022-03-21T13:50:39.507,unknown,-0.050567626953125,0.023468017578125,0.9927978515625
1647870639607,2022-03-21T13:50:39.607,unknown,-0.0477752685546875,0.02227783203125,0.996978759765625
1647870639706,2022-03-21T13:50:39.706,unknown,-0.0526123046875,0.0231781005859375,0.9921417236328125
1647870639806,2022-03-21T13:50:39.806,unknown,-0.21966552734375,-0.087066650390625,0.990234375
1647870639905,2022-03-21T13:50:39.905,unknown,-0.247283935546875,-0.096527099609375,0.9765167236328125
1647870640005,2022-03-21T13:50:40.005,unknown,0.186981201171875,0.151763916015625,0.9833984375
1647870640105,2022-03-21T13:50:40.105,unknown,-0.0431671142578125,0.0200042724609375,1.0015106201171875
1647870640204,2022-03-21T13:50:40.204,unknown,-0.04132080078125,0.0388336181640625,0.986419677734375
1647870640304,2022-03-21T13:50:40.304,unknown,0.019805908203125,0.073944091796875,1.003021240234375
1647870640403,2022-03-21T13:50:40.403,unknown,-0.0471649169921875,0.0264434814453125,1.015411376953125
1647870640503,2022-03-21T13:50:40.503,unknown,-0.0677490234375,-0.001129150390625,0.9907684326171875
1647870640602,2022-03-21T13:50:40.602,unknown,0.00787353515625,0.0384368896484375,0.9933013916015625
1647870640702,2022-03-21T13:50:40.702,unknown,-0.026153564453125,0.02728271484375,0.987457275390625
1647870640802,2022-03-21T13:50:40.802,unknown,-0.048919677734375,0.0320281982421875,0.9961395263671875
1647870640901,2022-03-21T13:50:40.901,unknown,-0.0304412841796875,0.02203369140625,0.9940185546875
1647870641001,2022-03-21T13:50:41.001,unknown,-0.0124053955078125,0.040069580078125,0.990478515625
1647870641100,2022-03-21T13:50:41.100,unknown,-0.054901123046875,0.0157623291015625,0.995849609375
1647870641200,2022-03-21T13:50:41.200,unknown,-0.0406036376953125,0.0229949951171875,0.9984588623046875
1647870641299,2022-03-21T13:50:41.299,unknown,-0.0462493896484375,0.0196685791015625,0.9952392578125
1647870641399,2022-03-21T13:50:41.399,unknown,-0.0558929443359375,0.0204925537109375,0.99395751953125
1647870641499,2022-03-21T13:50:41.499,unknown,-0.0416259765625,0.0204315185546875,0.9934539794921875
1647870641598,2022-03-21T13:50:41.598,unknown,-0.0464935302734375,0.022491455078125,0.9983673095703125
1647870641698,2022-03-21T13:50:41.698,unknown,-0.0535888671875,0.019561767578125,0.9904632568359375
1647870641797,2022-03-21T13:50:41.797,unknown,-0.044036865234375,0.023834228515625,0.995697021484375
1647870641897,2022-03-21T13:50:41.897,unknown,-0.04449462890625,0.01507568359375,1.0027313232421875
1647870641996,2022-03-21T13:50:41.996,unknown,-0.0574951171875,0.014984130859375,0.9954376220703125
1647870642096,2022-03-21T13:50:42.096,unknown,-0.038116455078125,0.0169525146484375,0.9929962158203125
1647870642196,2022-03-21T13:50:42.196,unknown,-0.0495758056640625,0.0292205810546875,0.991943359375
1647870642295,2022-03-21T13:50:42.295,unknown,-0.0519561767578125,0.0185546875,0.9981536865234375
1647870642395,2022-03-21T13:50:42.395,unknown,-0.0464630126953125,0.0173492431640625,0.994293212890625
1647870642494,2022-03-21T13:50:42.494,unknown,-0.044403076171875,0.0277099609375,0.996826171875
1647870642594,2022-03-21T13:50:42.594,unknown,-0.04864501953125,0.008575439453125,0.9963531494140625
1647870642693,2022-03-21T13:50:42.693,unknown,-0.053131103515625,0.029083251953125,0.993621826171875
1647870642793,2022-03-21T13:50:42.793,unknown,-0.042388916015625,0.01702880859375,0.9990386962890625
1647870642893,2022-03-21T13:50:42.893,unknown,-0.0440521240234375,0.0135345458984375,0.9893646240234375
1647870642992,2022-03-21T13:50:42.992,unknown,-0.0576171875,0.03057861328125,0.9957427978515625
1647870643092,2022-03-21T13:50:43.092,unknown,-0.0435791015625,0.0100860595703125,0.996124267578125
1647870643191,2022-03-21T13:50:43.191,unknown,-0.041717529296875,0.0175323486328125,0.993011474609375
1647870643291,2022-03-21T13:50:43.291,unknown,-0.0575714111328125,0.0219879150390625,0.9974822998046875
1647870643390,2022-03-21T13:50:43.390,unknown,-0.0433502197265625,0.0174407958984375,0.9921722412109375
1647870643490,2022-03-21T13:50:43.490,unknown,-0.04296875,0.0206756591796875,0.994476318359375
1647870643590,2022-03-21T13:50:43.590,unknown,-0.0544586181640625,0.0222015380859375,0.9988555908203125
1647870643689,2022-03-21T13:50:43.689,unknown,-0.047821044921875,0.01708984375,0.990478515625
1647870643789,2022-03-21T13:50:43.789,unknown,-0.043914794921875,0.021331787109375,0.9994659423828125
1647870643888,2022-03-21T13:50:43.888,unknown,-0.0496673583984375,0.02166748046875,0.99310302734375
1647870643988,2022-03-21T13:50:43.988,unknown,-0.04937744140625,0.0165863037109375,0.9935760498046875
1647870644087,2022-03-21T13:50:44.087,unknown,-0.0450286865234375,0.0210723876953125,0.9976959228515625
1647870644187,2022-03-21T13:50:44.187,unknown,-0.048858642578125,0.0213165283203125,0.9920501708984375
1647870644287,2022-03-21T13:50:44.287,unknown,-0.0497894287109375,0.0191497802734375,0.996551513671875
1647870644386,2022-03-21T13:50:44.386,unknown,-0.048004150390625,0.022216796875,0.9938507080078125
1647870644486,2022-03-21T13:50:44.486,unknown,-0.0456085205078125,0.01751708984375,0.9964752197265625
1647870644585,2022-03-21T13:50:44.585,unknown,-0.050201416015625,0.0209808349609375,0.9969024658203125
1647870644685,2022-03-21T13:50:44.685,unknown,-0.0484619140625,0.018890380859375,0.9903411865234375
1647870644784,2022-03-21T13:50:44.784,unknown,-0.0453643798828125,0.0203704833984375,0.9980316162109375
1647870644884,2022-03-21T13:50:44.884,unknown,-0.0493927001953125,0.0188751220703125,0.99176025390625
1647870644984,2022-03-21T13:50:44.984,unknown,-0.0481109619140625,0.0196533203125,0.9962615966796875
1647870645083,2022-03-21T13:50:45.083,unknown,-0.046875,0.019256591796875,0.9961090087890625
1647870645183,2022-03-21T13:50:45.183,unknown,-0.0488128662109375,0.020660400390625,0.991973876953125
1647870645282,2022-03-21T13:50:45.282,unknown,-0.048797607421875,0.0201568603515625,0.997894287109375
1647870645382,2022-03-21T13:50:45.382,unknown,-0.046905517578125,0.0204620361328125,0.994171142578125
1647870705451,2022-03-21T13:51:45.451,unknown,-0.0478515625,0.0193939208984375,0.9910888671875
1647870705551,2022-03-21T13:51:45.551,unknown,-0.0474700927734375,0.02191162109375,0.9973297119140625
1647870705650,2022-03-21T13:51:45.650,unknown,-0.0486297607421875,0.0210113525390625,0.9940338134765625
1647870705750,2022-03-21T13:51:45.750,unknown,-0.047271728515625,0.019683837890625,0.9911956787109375
1647870705849,2022-03-21T13:51:45.849,unknown,-0.0478515625,0.0225982666015625,0.9964447021484375
1647870705949,2022-03-21T13:51:45.949,unknown,-0.0473480224609375,0.0189361572265625,0.991973876953125
1647870706048,2022-03-21T13:51:46.048,unknown,-0.047515869140625,0.022796630859375,0.996368408203125
1647870706148,2022-03-21T13:51:46.148,unknown,-0.046539306640625,0.0183868408203125,0.995330810546875
1647870706248,2022-03-21T13:51:46.248,unknown,-0.049407958984375,0.0248565673828125,0.992584228515625
1647870706347,2022-03-21T13:51:46.347,unknown,-0.047271728515625,0.018280029296875,0.99603271484375
1647870706447,2022-03-21T13:51:46.447,unknown,-0.0481414794921875,0.0258026123046875,0.9918060302734375
1647870706546,2022-03-21T13:51:46.546,unknown,-0.0475616455078125,0.016998291015625,0.9952850341796875
1647870706646,2022-03-21T13:51:46.646,unknown,-0.0485382080078125,0.024383544921875,0.9959259033203125
1647870706745,2022-03-21T13:51:46.745,unknown,-0.0472412109375,0.0169677734375,0.9901885986328125
1647870706845,2022-03-21T13:51:46.845,unknown,-0.048919677734375,0.0244903564453125,0.9985198974609375
1647870706945,2022-03-21T13:51:46.945,unknown,-0.0478057861328125,0.0177764892578125,0.991363525390625
1647870707044,2022-03-21T13:51:47.044,unknown,-0.0478973388671875,0.0239105224609375,0.9953155517578125
1647870707144,2022-03-21T13:51:47.144,unknown,-0.0469512939453125,0.01806640625,0.995697021484375
1647870707243,2022-03-21T13:51:47.243,unknown,-0.0486602783203125,0.0245361328125,0.993896484375
1647870707343,2022-03-21T13:51:47.343,unknown,-0.047637939453125,0.0191802978515625,0.995697021484375
1647870707442,2022-03-21T13:51:47.442,unknown,-0.048065185546875,0.0234222412109375,0.9937591552734375
1647870707542,2022-03-21T13:51:47.542,unknown,-0.047271728515625,0.01953125,0.9935455322265625
1647870707642,2022-03-21T13:51:47.642,unknown,-0.0478363037109375,0.0218505859375,0.9951019287109375
1647870707741,2022-03-21T13:51:47.741,unknown,-0.0474090576171875,0.0204925537109375,0.9891815185546875
1647870707841,2022-03-21T13:51:47.841,unknown,-0.0477752685546875,0.021575927734375,0.9969940185546875
1647870707940,2022-03-21T13:51:47.940,unknown,-0.0477447509765625,0.0205230712890625,0.9907989501953125
1647870708040,2022-03-21T13:51:48.040,unknown,-0.048187255859375,0.020904541015625,0.9952239990234375
1647870708139,2022-03-21T13:51:48.139,unknown,-0.0485382080078125,0.0210723876953125,0.9967803955078125
1647870708239,2022-03-21T13:51:48.239,unknown,-0.0474700927734375,0.0200042724609375,0.991851806640625
1647870708339,2022-03-21T13:51:48.339,unknown,-0.047576904296875,0.0215301513671875,0.9962921142578125
1647870708438,2022-03-21T13:51:48.438,unknown,-0.047821044921875,0.019866943359375,0.9955596923828125
1647870708538,2022-03-21T13:51:48.538,unknown,-0.0480194091796875,0.0223541259765625,0.9947967529296875
1647870708637,2022-03-21T13:51:48.637,unknown,-0.0484619140625,0.0201416015625,0.996063232421875
1647870708737,2022-03-21T13:51:48.737,unknown,-0.047821044921875,0.0219573974609375,0.9911041259765625
1647870708836,2022-03-21T13:51:48.836,unknown,-0.04779052734375,0.0195465087890625,0.99700927734375
1647870708936,2022-03-21T13:51:48.936,unknown,-0.048065185546875,0.0227203369140625,0.992523193359375
1647870709036,2022-03-21T13:51:49.036,unknown,-0.0472564697265625,0.0194549560546875,0.9924163818359375
1647870709135,2022-03-21T13:51:49.135,unknown,-0.049224853515625,0.0222015380859375,0.9972686767578125
1647870709235,2022-03-21T13:51:49.235,unknown,-0.0468902587890625,0.0192718505859375,0.99224853515625
1647870709334,2022-03-21T13:51:49.334,unknown,-0.04803466796875,0.021392822265625,0.999298095703125
1647870709434,2022-03-21T13:51:49.434,unknown,-0.0478057861328125,0.01995849609375,0.993682861328125
1647870709533,2022-03-21T13:51:49.533,unknown,-0.0479888916015625,0.0223236083984375,0.9927978515625
1647870709633,2022-03-21T13:51:49.633,unknown,-0.0471649169921875,0.019622802734375,0.9959564208984375
1647870709733,2022-03-21T13:51:49.733,unknown,-0.048248291015625,0.021270751953125,0.9905242919921875
1647870709832,2022-03-21T13:51:49.832,unknown,-0.0482025146484375,0.020660400390625,0.9995574951171875
1647870709932,2022-03-21T13:51:49.932,unknown,-0.04742431640625,0.0217132568359375,0.994384765625
1647870710031,2022-03-21T13:51:50.031,unknown,-0.0474395751953125,0.0211181640625,0.99188232421875
1647870710131,2022-03-21T13:51:50.131,unknown,-0.0476837158203125,0.0207977294921875,0.9976806640625
1647870710230,2022-03-21T13:51:50.230,unknown,-0.047515869140625,0.0208892822265625,0.9923553466796875
1647870710330,2022-03-21T13:51:50.330,unknown,-0.0478668212890625,0.021026611328125,0.998046875
1647870710430,2022-03-21T13:51:50.430,unknown,-0.0481109619140625,0.020965576171875,0.9940185546875
1647870710529,2022-03-21T13:51:50.529,unknown,-0.04779052734375,0.0203399658203125,0.9940185546875
1647870710629,2022-03-21T13:51:50.629,unknown,-0.04876708984375,0.0215911865234375,0.9958953857421875
1647870710728,2022-03-21T13:51:50.728,unknown,-0.047943115234375,0.020355224609375,0.9918975830078125
1647870710828,2022-03-21T13:51:50.828,unknown,-0.048828125,0.0213775634765625,0.9969482421875
1647870710927,2022-03-21T13:51:50.927,unknown,-0.0486297607421875,0.0205841064453125,0.9923248291015625
1647870711027,2022-03-21T13:51:51.027,unknown,-0.0474700927734375,0.021453857421875,0.994140625
1647870711127,2022-03-21T13:51:51.127,unknown,-0.04833984375,0.0205841064453125,0.9979095458984375
1647870711226,2022-03-21T13:51:51.226,unknown,-0.0478668212890625,0.0213775634765625,0.9914703369140625
1647870711326,2022-03-21T13:51:51.326,unknown,-0.048126220703125,0.0203704833984375,0.9970855712890625
1647870711425,2022-03-21T13:51:51.425,unknown,-0.0482635498046875,0.0217437744140625,0.9925689697265625
1647870711525,2022-03-21T13:51:51.525,unknown,-0.0477294921875,0.0207977294921875,0.995391845703125
1647870711624,2022-03-21T13:51:51.624,unknown,-0.048126220703125,0.02130126953125,0.9964752197265625
1647870711724,2022-03-21T13:51:51.724,unknown,-0.048095703125,0.0205535888671875,0.9923248291015625
1647870711824,2022-03-21T13:51:51.824,unknown,-0.047607421875,0.0216827392578125,0.997650146484375
1647870711923,2022-03-21T13:51:51.923,unknown,-0.0475616455078125,0.02020263671875,0.99468994140625
1647870712023,2022-03-21T13:51:52.023,unknown,-0.048614501953125,0.0208740234375,0.99432373046875
1647870712122,2022-03-21T13:51:52.122,unknown,-0.04840087890625,0.020843505859375,0.9977874755859375
1647870712222,2022-03-21T13:51:52.222,unknown,-0.0477752685546875,0.0207061767578125,0.9925079345703125
1647870712321,2022-03-21T13:51:52.321,unknown,-0.0489501953125,0.0208587646484375,0.9987335205078125
1647870712421,2022-03-21T13:51:52.421,unknown,-0.048614501953125,0.0208892822265625,0.9918670654296875
1647870712521,2022-03-21T13:51:52.521,unknown,-0.0483551025390625,0.0212860107421875,0.9929046630859375
1647870712620,2022-03-21T13:51:52.620,unknown,-0.0484619140625,0.021514892578125,0.9989471435546875
1647870712720,2022-03-21T13:51:52.720,unknown,-0.0482330322265625,0.0206451416015625,0.9904327392578125
1647870712819,2022-03-21T13:51:52.819,unknown,-0.0484466552734375,0.0205078125,0.996246337890625
1647870712919,2022-03-21T13:51:52.919,unknown,-0.047027587890625,0.02197265625,0.994659423828125
1647870713018,2022-03-21T13:51:53.018,unknown,-0.04791259765625,0.0207977294921875,0.9942169189453125
1647870713118,2022-03-21T13:51:53.118,unknown,-0.0479278564453125,0.0213623046875,0.998321533203125
1647870713218,2022-03-21T13:51:53.218,unknown,-0.0482177734375,0.02020263671875,0.9913330078125
1647870713317,2022-03-21T13:51:53.317,unknown,-0.0473785400390625,0.0214691162109375,0.99652099609375
1647870713417,2022-03-21T13:51:53.417,unknown,-0.04803466796875,0.0211944580078125,0.9941253662109375
1647870713516,2022-03-21T13:51:53.516,unknown,-0.048583984375,0.0209197998046875,0.992767333984375
1647870713616,2022-03-21T13:51:53.616,unknown,-0.048675537109375,0.0211181640625,0.9964447021484375
1647870713715,2022-03-21T13:51:53.715,unknown,-0.0478057861328125,0.0203704833984375,0.9912567138671875
1647870713815,2022-03-21T13:51:53.815,unknown,-0.0486602783203125,0.0214385986328125,0.9979248046875
1647870713915,2022-03-21T13:51:53.915,unknown,-0.047515869140625,0.021820068359375,0.994110107421875
1647870714014,2022-03-21T13:51:54.014,unknown,-0.0480804443359375,0.02154541015625,0.995208740234375
1647870714114,2022-03-21T13:51:54.114,unknown,-0.0479736328125,0.0208740234375,0.9974212646484375
1647870714213,2022-03-21T13:51:54.213,unknown,-0.0478973388671875,0.0206756591796875,0.9915924072265625
1647870714313,2022-03-21T13:51:54.313,unknown,-0.048095703125,0.021453857421875,0.9960174560546875
1647870714412,2022-03-21T13:51:54.412,unknown,-0.0485687255859375,0.0210113525390625,0.9938812255859375
1647870714512,2022-03-21T13:51:54.512,unknown,-0.047607421875,0.020721435546875,0.9929351806640625
1647870714612,2022-03-21T13:51:54.612,unknown,-0.04766845703125,0.021484375,0.9981689453125
1647870714711,2022-03-21T13:51:54.711,unknown,-0.048492431640625,0.0200347900390625,0.994842529296875
1647870714811,2022-03-21T13:51:54.811,unknown,-0.048248291015625,0.0209197998046875,0.996429443359375
1647870714910,2022-03-21T13:51:54.910,unknown,-0.0475921630859375,0.0210723876953125,0.9937744140625
1647870715010,2022-03-21T13:51:55.010,unknown,-0.0478057861328125,0.02166748046875,0.99346923828125
1647870715109,2022-03-21T13:51:55.109,unknown,-0.047515869140625,0.0206756591796875,0.9968109130859375
1647870715209,2022-03-21T13:51:55.209,unknown,-0.0480499267578125,0.021331787109375,0.991851806640625
1647870715309,2022-03-21T13:51:55.309,unknown,-0.0482177734375,0.0204925537109375,0.99560546875
1647870715408,2022-03-21T13:51:55.408,unknown,-0.04876708984375,0.02142333984375,0.9941558837890625
1647870715508,2022-03-21T13:51:55.508,unknown,-0.0473175048828125,0.020782470703125,0.9929656982421875
1647870715607,2022-03-21T13:51:55.607,unknown,-0.048004150390625,0.0215911865234375,0.997283935546875
1647870715707,2022-03-21T13:51:55.707,unknown,-0.047607421875,0.02081298828125,0.99169921875
1647870715806,2022-03-21T13:51:55.806,unknown,-0.04840087890625,0.0211639404296875,0.99786376953125
1647870715906,2022-03-21T13:51:55.906,unknown,-0.048370361328125,0.0210113525390625,0.9947967529296875
1647870716006,2022-03-21T13:51:56.006,unknown,-0.047515869140625,0.0209197998046875,0.99212646484375
1647870716105,2022-03-21T13:51:56.105,unknown,-0.0481109619140625,0.0211029052734375,0.9971771240234375
1647870716205,2022-03-21T13:51:56.205,unknown,-0.0476837158203125,0.021514892578125,0.9920654296875
1647870716304,2022-03-21T13:51:56.304,unknown,-0.0476531982421875,0.020477294921875,0.99481201171875
1647870716404,2022-03-21T13:51:56.404,unknown,-0.0480194091796875,0.0203399658203125,0.992889404296875
1647870716503,2022-03-21T13:51:56.503,unknown,-0.048187255859375,0.020751953125,0.9918670654296875
1647870716603,2022-03-21T13:51:56.603,unknown,-0.0485382080078125,0.0216217041015625,0.99755859375
1647870716703,2022-03-21T13:51:56.703,unknown,-0.0476226806640625,0.02069091796875,0.9926605224609375
1647870716802,2022-03-21T13:51:56.802,unknown,-0.0478973388671875,0.0207672119140625,0.9951629638671875
1647870716902,2022-03-21T13:51:56.902,unknown,-0.047943115234375,0.0207672119140625,0.9947052001953125
1647870717001,2022-03-21T13:51:57.001,unknown,-0.0475006103515625,0.0193634033203125,0.9901275634765625
1647870717101,2022-03-21T13:51:57.101,unknown,-0.0475311279296875,0.0212249755859375,0.9976043701171875
1647870717200,2022-03-21T13:51:57.200,unknown,-0.04815673828125,0.0205078125,0.9948883056640625
1647870717300,2022-03-21T13:51:57.300,unknown,-0.0477294921875,0.0214385986328125,0.9948577880859375
1647870717400,2022-03-21T13:51:57.400,unknown,-0.04736328125,0.0215911865234375,0.9964447021484375
1647870717499,2022-03-21T13:51:57.499,unknown,-0.047637939453125,0.0206146240234375,0.990234375
1647870717599,2022-03-21T13:51:57.599,unknown,-0.04815673828125,0.0199737548828125,0.9967803955078125
1647870717698,2022-03-21T13:51:57.698,unknown,-0.0476226806640625,0.0211639404296875,0.99249267578125
1647870717798,2022-03-21T13:51:57.798,unknown,-0.047027587890625,0.0208587646484375,0.996307373046875
1647870717897,2022-03-21T13:51:57.897,unknown,-0.047607421875,0.0217437744140625,0.9949798583984375
1647870717997,2022-03-21T13:51:57.997,unknown,-0.0475006103515625,0.0207366943359375,0.9929962158203125
1647870718097,2022-03-21T13:51:58.097,unknown,-0.0481109619140625,0.0211181640625,0.9989776611328125
1647870718196,2022-03-21T13:51:58.196,unknown,-0.0482330322265625,0.02008056640625,0.9928741455078125
1647870718296,2022-03-21T13:51:58.296,unknown,-0.0484619140625,0.021026611328125,0.996826171875
1647870718395,2022-03-21T13:51:58.395,unknown,-0.04852294921875,0.020660400390625,0.996307373046875
1647870718495,2022-03-21T13:51:58.495,unknown,-0.0478515625,0.0210418701171875,0.992034912109375
1647870718594,2022-03-21T13:51:58.594,unknown,-0.047882080078125,0.020965576171875,0.9963531494140625
1647870718694,2022-03-21T13:51:58.694,unknown,-0.0475311279296875,0.020599365234375,0.9932098388671875
1647870718794,2022-03-21T13:51:58.794,unknown,-0.0485992431640625,0.0205230712890625,0.99530029296875
1647870718893,2022-03-21T13:51:58.893,unknown,-0.04852294921875,0.0207061767578125,0.9968414306640625
1647870718993,2022-03-21T13:51:58.993,unknown,-0.0479278564453125,0.0213623046875,0.9932403564453125
1647870719092,2022-03-21T13:51:59.092,unknown,-0.048126220703125,0.020904541015625,0.9962615966796875
1647870719192,2022-03-21T13:51:59.192,unknown,-0.0483245849609375,0.020965576171875,0.992584228515625
1647870719291,2022-03-21T13:51:59.291,unknown,-0.048187255859375,0.0210723876953125,0.9955291748046875
1647870719391,2022-03-21T13:51:59.391,unknown,-0.0481109619140625,0.0216064453125,0.99700927734375
1647870719491,2022-03-21T13:51:59.491,unknown,-0.0478363037109375,0.0213165283203125,0.9915008544921875
1647870719590,2022-03-21T13:51:59.590,unknown,-0.0481414794921875,0.0208740234375,0.996185302734375
1647870719690,2022-03-21T13:51:59.690,unknown,-0.04754638671875,0.0204620361328125,0.99322509765625
1647870719789,2022-03-21T13:51:59.789,unknown,-0.0478363037109375,0.021942138671875,0.994842529296875
1647870719889,2022-03-21T13:51:59.889,unknown,-0.0484161376953125,0.0208587646484375,0.996185302734375
1647870719988,2022-03-21T13:51:59.988,unknown,-0.0477294921875,0.0214996337890625,0.9917449951171875
1647870720088,2022-03-21T13:52:00.088,unknown,-0.04827880859375,0.02032470703125,0.9987030029296875
1647870720188,2022-03-21T13:52:00.188,unknown,-0.048187255859375,0.021209716796875,0.99249267578125
1647870720287,2022-03-21T13:52:00.287,unknown,-0.0480194091796875,0.0211181640625,0.993499755859375
1647870720387,2022-03-21T13:52:00.387,unknown,-0.0482940673828125,0.021820068359375,0.9965362548828125
1647870720486,2022-03-21T13:52:00.486,unknown,-0.0482177734375,0.0213775634765625,0.9930419921875
1647870720586,2022-03-21T13:52:00.586,unknown,-0.0478973388671875,0.0215301513671875,0.996185302734375
1647870720685,2022-03-21T13:52:00.685,unknown,-0.0483856201171875,0.02032470703125,0.9925689697265625
1647870720785,2022-03-21T13:52:00.785,unknown,-0.047760009765625,0.0206756591796875,0.994110107421875
1647870720885,2022-03-21T13:52:00.885,unknown,-0.04815673828125,0.0206298828125,0.997039794921875
1647870720984,2022-03-21T13:52:00.984,unknown,-0.048675537109375,0.02032470703125,0.9926605224609375
1647870721084,2022-03-21T13:52:01.084,unknown,-0.0481414794921875,0.0203094482421875,0.9962005615234375
1647870721183,2022-03-21T13:52:01.183,unknown,-0.0474700927734375,0.0205078125,0.992095947265625
1647870721283,2022-03-21T13:52:01.283,unknown,-0.0472869873046875,0.021270751953125,0.9955291748046875
1647870721382,2022-03-21T13:52:01.382,unknown,-0.0481109619140625,0.0216064453125,0.9961395263671875
1647870721482,2022-03-21T13:52:01.482,unknown,-0.0480194091796875,0.0206298828125,0.9915618896484375
1647870721582,2022-03-21T13:52:01.582,unknown,-0.0471649169921875,0.0207366943359375,0.996429443359375
1647870721681,2022-03-21T13:52:01.681,unknown,-0.0485076904296875,0.0202789306640625,0.991943359375
1647870721781,2022-03-21T13:52:01.781,unknown,-0.047882080078125,0.019989013671875,0.9942474365234375
1647870721880,2022-03-21T13:52:01.880,unknown,-0.047332763671875,0.0206756591796875,0.9986114501953125
1647870721980,2022-03-21T13:52:01.980,unknown,-0.04803466796875,0.0204620361328125,0.991455078125
1647870722079,2022-03-21T13:52:02.079,unknown,-0.049163818359375,0.0211334228515625,0.9971160888671875
1647870722179,2022-03-21T13:52:02.179,unknown,-0.047943115234375,0.0207061767578125,0.9929656982421875
1647870722279,2022-03-21T13:52:02.279,unknown,-0.0474395751953125,0.021331787109375,0.9940185546875
1647870722378,2022-03-21T13:52:02.378,unknown,-0.0476837158203125,0.0199127197265625,0.997406005859375
1647870722478,2022-03-21T13:52:02.478,unknown,-0.0475006103515625,0.020965576171875,0.992401123046875
1647870722577,2022-03-21T13:52:02.577,unknown,-0.0479736328125,0.0211181640625,0.998809814453125
1647870722677,2022-03-21T13:52:02.677,unknown,-0.04803466796875,0.02130126953125,0.9937896728515625
1647870722776,2022-03-21T13:52:02.776,unknown,-0.047760009765625,0.0211944580078125,0.993743896484375
1647870722876,2022-03-21T13:52:02.876,unknown,-0.0485992431640625,0.021026611328125,0.996826171875
1647870722976,2022-03-21T13:52:02.976,unknown,-0.04754638671875,0.0209808349609375,0.9907989501953125
1647870723075,2022-03-21T13:52:03.075,unknown,-0.0489654541015625,0.020965576171875,0.9967803955078125
1647870723175,2022-03-21T13:52:03.175,unknown,-0.047119140625,0.0212249755859375,0.992645263671875
1647870723274,2022-03-21T13:52:03.274,unknown,-0.048004150390625,0.0208282470703125,0.9953155517578125
1647870723374,2022-03-21T13:52:03.374,unknown,-0.0485076904296875,0.020263671875,0.995941162109375
1647870723473,2022-03-21T13:52:03.473,unknown,-0.0480194091796875,0.020599365234375,0.9930572509765625
1647870723573,2022-03-21T13:52:03.573,unknown,-0.047943115234375,0.0216827392578125,0.998443603515625
1647870723673,2022-03-21T13:52:03.673,unknown,-0.0475006103515625,0.0210418701171875,0.993011474609375
1647870723772,2022-03-21T13:52:03.772,unknown,-0.047882080078125,0.0207977294921875,0.9947052001953125
1647870723872,2022-03-21T13:52:03.872,unknown,-0.04803466796875,0.021270751953125,0.9951019287109375
1647870723971,2022-03-21T13:52:03.971,unknown,-0.0472564697265625,0.0203094482421875,0.9909820556640625
1647870724071,2022-03-21T13:52:04.071,unknown,-0.04742431640625,0.0208892822265625,0.9973907470703125
1647870724170,2022-03-21T13:52:04.170,unknown,-0.0474090576171875,0.0214996337890625,0.9937591552734375
1647870724270,2022-03-21T13:52:04.270,unknown,-0.04766845703125,0.0210113525390625,0.993988037109375
1647870724369,2022-03-21T13:52:04.369,unknown,-0.04888916015625,0.0210723876953125,0.9961090087890625
1647870724469,2022-03-21T13:52:04.469,unknown,-0.04779052734375,0.0208892822265625,0.9921875
1647870724569,2022-03-21T13:52:04.569,unknown,-0.0485076904296875,0.0206298828125,1.0003814697265625
1647870724668,2022-03-21T13:52:04.668,unknown,-0.0483245849609375,0.02044677734375,0.992523193359375
1647870724768,2022-03-21T13:52:04.768,unknown,-0.0484161376953125,0.0211029052734375,0.9947509765625
1647870724867,2022-03-21T13:52:04.867,unknown,-0.0488739013671875,0.020843505859375,0.998260498046875
1647870724967,2022-03-21T13:52:04.967,unknown,-0.0483245849609375,0.020843505859375,0.9928131103515625
1647870725066,2022-03-21T13:52:05.066,unknown,-0.048828125,0.021453857421875,0.99664306640625
1647870725166,2022-03-21T13:52:05.166,unknown,-0.0478363037109375,0.0200653076171875,0.9927825927734375
1647870725266,2022-03-21T13:52:05.266,unknown,-0.0479888916015625,0.02178955078125,0.9955291748046875
1647870725365,2022-03-21T13:52:05.365,unknown,-0.047882080078125,0.02093505859375,0.99591064453125
1647870725465,2022-03-21T13:52:05.465,unknown,-0.047607421875,0.020751953125,0.9906158447265625
1647870725564,2022-03-21T13:52:05.564,unknown,-0.0472869873046875,0.0205841064453125,0.9983673095703125
1647870725664,2022-03-21T13:52:05.664,unknown,-0.04803466796875,0.0218963623046875,0.992034912109375
1647870725763,2022-03-21T13:52:05.763,unknown,-0.0472259521484375,0.0200042724609375,0.9947662353515625
1647870725863,2022-03-21T13:52:05.863,unknown,-0.04852294921875,0.0208740234375,0.99591064453125
1647870725963,2022-03-21T13:52:05.963,unknown,-0.04833984375,0.02105712890625,0.992218017578125
1647870726062,2022-03-21T13:52:06.062,unknown,-0.0481719970703125,0.0212249755859375,0.9968414306640625
1647870726162,2022-03-21T13:52:06.162,unknown,-0.0481109619140625,0.02093505859375,0.9919891357421875
1647870726261,2022-03-21T13:52:06.261,unknown,-0.0478057861328125,0.0210113525390625,0.994873046875
1647870726361,2022-03-21T13:52:06.361,unknown,-0.0478973388671875,0.021026611328125,0.9954376220703125
1647870726460,2022-03-21T13:52:06.460,unknown,-0.047210693359375,0.021453857421875,0.9888458251953125
1647870726560,2022-03-21T13:52:06.560,unknown,-0.0479888916015625,0.020599365234375,0.9964752197265625
1647870726660,2022-03-21T13:52:06.660,unknown,-0.0481414794921875,0.0208282470703125,0.9925537109375
1647870726759,2022-03-21T13:52:06.759,unknown,-0.0485382080078125,0.021820068359375,0.9948577880859375
1647870726859,2022-03-21T13:52:06.859,unknown,-0.0479888916015625,0.0211639404296875,0.9964599609375
1647870726958,2022-03-21T13:52:06.958,unknown,-0.047515869140625,0.021484375,0.9925994873046875
1647870727058,2022-03-21T13:52:07.058,unknown,-0.0478515625,0.0207366943359375,0.9971771240234375
1647870727157,2022-03-21T13:52:07.157,unknown,-0.048553466796875,0.0212249755859375,0.9926300048828125
1647870727257,2022-03-21T13:52:07.257,unknown,-0.0479583740234375,0.0212554931640625,0.993896484375
1647870727357,2022-03-21T13:52:07.357,unknown,-0.0480804443359375,0.0215911865234375,0.9957275390625
1647870727456,2022-03-21T13:52:07.456,unknown,-0.0474700927734375,0.0211029052734375,0.99249267578125
1647870727556,2022-03-21T13:52:07.556,unknown,-0.048431396484375,0.0211181640625,0.9978179931640625
1647870727655,2022-03-21T13:52:07.655,unknown,-0.0486602783203125,0.02099609375,0.994171142578125
1647870727755,2022-03-21T13:52:07.755,unknown,-0.0476837158203125,0.02044677734375,0.99371337890625
1647870727854,2022-03-21T13:52:07.854,unknown,-0.047607421875,0.020843505859375,0.9953765869140625
1647870727954,2022-03-21T13:52:07.954,unknown,-0.0475006103515625,0.0208740234375,0.9913330078125
1647870728054,2022-03-21T13:52:08.054,unknown,-0.0478668212890625,0.0214691162109375,0.998504638671875
1647870728153,2022-03-21T13:52:08.153,unknown,-0.0488739013671875,0.021575927734375,0.9944305419921875
1647870728253,2022-03-21T13:52:08.253,unknown,-0.0478668212890625,0.02081298828125,0.9954833984375
1647870728352,2022-03-21T13:52:08.352,unknown,-0.0488433837890625,0.0207672119140625,0.99664306640625
1647870728452,2022-03-21T13:52:08.452,unknown,-0.0482177734375,0.020294189453125,0.992034912109375
1647870728551,2022-03-21T13:52:08.551,unknown,-0.0478363037109375,0.0212249755859375,0.9980010986328125
1647870728651,2022-03-21T13:52:08.651,unknown,-0.0479888916015625,0.020355224609375,0.99139404296875
1647870728751,2022-03-21T13:52:08.751,unknown,-0.048309326171875,0.020538330078125,0.9950714111328125
1647870728850,2022-03-21T13:52:08.850,unknown,-0.0481109619140625,0.0215301513671875,0.9962158203125
1647870728950,2022-03-21T13:52:08.950,unknown,-0.0479888916015625,0.020660400390625,0.991180419921875
1647870729049,2022-03-21T13:52:09.049,unknown,-0.04840087890625,0.0208892822265625,0.99658203125
1647870729149,2022-03-21T13:52:09.149,unknown,-0.0477752685546875,0.0207977294921875,0.9935760498046875
1647870729248,2022-03-21T13:52:09.248,unknown,-0.0476226806640625,0.0214385986328125,0.9938507080078125
1647870729348,2022-03-21T13:52:09.348,unknown,-0.0478973388671875,0.021270751953125,0.996368408203125
1647870729448,2022-03-21T13:52:09.448,unknown,-0.048187255859375,0.0209503173828125,0.9917144775390625
1647870729547,2022-03-21T13:52:09.547,unknown,-0.0482635498046875,0.02154541015625,0.9973602294921875
1647870729647,2022-03-21T13:52:09.647,unknown,-0.0478057861328125,0.0214080810546875,0.9911651611328125
1647870729746,2022-03-21T13:52:09.746,unknown,-0.0479278564453125,0.02069091796875,0.993682861328125
1647870729846,2022-03-21T13:52:09.846,unknown,-0.04833984375,0.0223388671875,0.9960174560546875
1647870729945,2022-03-21T13:52:09.945,unknown,-0.047943115234375,0.02117919921875,0.9927215576171875
1647870730045,2022-03-21T13:52:10.045,unknown,-0.04754638671875,0.0210113525390625,0.99755859375
1647870730145,2022-03-21T13:52:10.145,unknown,-0.0481109619140625,0.0209503173828125,0.99139404296875
1647870730244,2022-03-21T13:52:10.244,unknown,-0.0477752685546875,0.0203857421875,0.993438720703125
1647870730344,2022-03-21T13:52:10.344,unknown,-0.047943115234375,0.021240234375,0.99560546875
1647870730443,2022-03-21T13:52:10.443,unknown,-0.048095703125,0.021148681640625,0.9907989501953125
1647870730543,2022-03-21T13:52:10.543,unknown,-0.047821044921875,0.02130126953125,0.9970703125
1647870730642,2022-03-21T13:52:10.642,unknown,-0.0489654541015625,0.020843505859375,0.992156982421875
1647870730742,2022-03-21T13:52:10.742,unknown,-0.0483856201171875,0.0214080810546875,0.9954071044921875
1647870730842,2022-03-21T13:52:10.842,unknown,-0.0493011474609375,0.020355224609375,0.99578857421875
1647870730941,2022-03-21T13:52:10.941,unknown,-0.0476226806640625,0.0209808349609375,0.994354248046875
1647870731041,2022-03-21T13:52:11.041,unknown,-0.04833984375,0.021240234375,0.9985809326171875
1647870731140,2022-03-21T13:52:11.140,unknown,-0.047454833984375,0.0206146240234375,0.9921875
1647870731240,2022-03-21T13:52:11.240,unknown,-0.047882080078125,0.021270751953125,0.9959869384765625
1647870731339,2022-03-21T13:52:11.339,unknown,-0.0486297607421875,0.021392822265625,0.99688720703125
1647870731439,2022-03-21T13:52:11.439,unknown,-0.0477142333984375,0.0208740234375,0.992645263671875
1647870731539,2022-03-21T13:52:11.539,unknown,-0.048492431640625,0.021697998046875,0.997314453125
1647870731638,2022-03-21T13:52:11.638,unknown,-0.0474853515625,0.0207061767578125,0.993560791015625
1647870731738,2022-03-21T13:52:11.738,unknown,-0.047607421875,0.02032470703125,0.9944915771484375
1647870731837,2022-03-21T13:52:11.837,unknown,-0.0479278564453125,0.0213165283203125,0.9953460693359375
1647870731937,2022-03-21T13:52:11.937,unknown,-0.0475006103515625,0.020751953125,0.9923858642578125
1647870732036,2022-03-21T13:52:12.036,unknown,-0.0484619140625,0.02056884765625,0.997650146484375
1647870732136,2022-03-21T13:52:12.136,unknown,-0.047943115234375,0.0201416015625,0.9925079345703125
1647870732236,2022-03-21T13:52:12.236,unknown,-0.0476837158203125,0.0204620361328125,0.99493408203125
1647870732335,2022-03-21T13:52:12.335,unknown,-0.0483856201171875,0.02081298828125,0.9965667724609375
1647870732435,2022-03-21T13:52:12.435,unknown,-0.0478515625,0.020538330078125,0.9905853271484375
1647870732534,2022-03-21T13:52:12.534,unknown,-0.04766845703125,0.02142333984375,0.9960784912109375
1647870732634,2022-03-21T13:52:12.634,unknown,-0.048492431640625,0.0214691162109375,0.991973876953125
1647870732733,2022-03-21T13:52:12.733,unknown,-0.047119140625,0.02044677734375,0.9943084716796875
1647870732833,2022-03-21T13:52:12.833,unknown,-0.0482635498046875,0.0213623046875,0.9954986572265625
1647870732933,2022-03-21T13:52:12.933,unknown,-0.0476531982421875,0.0211334228515625,0.9918365478515625
1647870733032,2022-03-21T13:52:13.032,unknown,-0.048126220703125,0.02020263671875,0.997283935546875
1647870733132,2022-03-21T13:52:13.132,unknown,-0.04827880859375,0.021148681640625,0.993560791015625
1647870733231,2022-03-21T13:52:13.231,unknown,-0.0480804443359375,0.021209716796875,0.9958648681640625
1647870733331,2022-03-21T13:52:13.331,unknown,-0.048004150390625,0.021270751953125,0.99615478515625
1647870733430,2022-03-21T13:52:13.430,unknown,-0.0479278564453125,0.0207977294921875,0.9902801513671875
1647870733530,2022-03-21T13:52:13.530,unknown,-0.0482940673828125,0.020660400390625,0.9973907470703125
1647870733630,2022-03-21T13:52:13.630,unknown,-0.0484161376953125,0.020263671875,0.99310302734375
1647870733729,2022-03-21T13:52:13.729,unknown,-0.04736328125,0.02154541015625,0.994140625
1647870733829,2022-03-21T13:52:13.829,unknown,-0.047821044921875,0.0209808349609375,0.99591064453125
1647870733928,2022-03-21T13:52:13.928,unknown,-0.0479583740234375,0.0199737548828125,0.992828369140625
1647870734028,2022-03-21T13:52:14.028,unknown,-0.04833984375,0.020538330078125,0.9968109130859375
1647870734127,2022-03-21T13:52:14.127,unknown,-0.0487823486328125,0.0217742919921875,0.9934539794921875
1647870734227,2022-03-21T13:52:14.227,unknown,-0.048370361328125,0.0209503173828125,0.9952239990234375
1647870734327,2022-03-21T13:52:14.327,unknown,-0.0477447509765625,0.0210113525390625,0.995269775390625
1647870734426,2022-03-21T13:52:14.426,unknown,-0.0480194091796875,0.0208740234375,0.991668701171875
1647870734526,2022-03-21T13:52:14.526,unknown,-0.0477142333984375,0.021514892578125,0.99591064453125
1647870734625,2022-03-21T13:52:14.625,unknown,-0.047637939453125,0.02044677734375,0.9919281005859375
1647870734725,2022-03-21T13:52:14.725,unknown,-0.047821044921875,0.0207672119140625,0.996124267578125
1647870734824,2022-03-21T13:52:14.824,unknown,-0.0487213134765625,0.0213165283203125,0.996551513671875
1647870734924,2022-03-21T13:52:14.924,unknown,-0.048095703125,0.0211334228515625,0.9944305419921875
1647870735024,2022-03-21T13:52:15.024,unknown,-0.0482177734375,0.02044677734375,0.997283935546875
1647870735123,2022-03-21T13:52:15.123,unknown,-0.048004150390625,0.0210418701171875,0.9916229248046875
1647870735223,2022-03-21T13:52:15.223,unknown,-0.04779052734375,0.0215606689453125,0.995758056640625
1647870735322,2022-03-21T13:52:15.322,unknown,-0.0485382080078125,0.0212554931640625,0.9947662353515625
1647870735422,2022-03-21T13:52:15.422,unknown,-0.0480499267578125,0.0207672119140625,0.992919921875
1647870735521,2022-03-21T13:52:15.521,unknown,-0.048004150390625,0.0206146240234375,0.9972991943359375
1647870735621,2022-03-21T13:52:15.621,unknown,-0.0484619140625,0.0217742919921875,0.99169921875
1647870735721,2022-03-21T13:52:15.721,unknown,-0.0483551025390625,0.0213165283203125,0.9976348876953125
1647870735820,2022-03-21T13:52:15.820,unknown,-0.048065185546875,0.0210723876953125,0.99627685546875
1647870735920,2022-03-21T13:52:15.920,unknown,-0.0474090576171875,0.02032470703125,0.9902496337890625
1647870736019,2022-03-21T13:52:16.019,unknown,-0.0483551025390625,0.0214080810546875,0.998748779296875
1647870736119,2022-03-21T13:52:16.119,unknown,-0.046875,0.0211181640625,0.9909210205078125
1647870736218,2022-03-21T13:52:16.218,unknown,-0.04827880859375,0.0215606689453125,0.9951629638671875
1647870736318,2022-03-21T13:52:16.318,unknown,-0.04888916015625,0.020294189453125,0.99755859375
1647870736418,2022-03-21T13:52:16.418,unknown,-0.048065185546875,0.0203094482421875,0.9922332763671875
1647870736517,2022-03-21T13:52:16.517,unknown,-0.0487518310546875,0.0206146240234375,0.996795654296875
1647870736617,2022-03-21T13:52:16.617,unknown,-0.04840087890625,0.020721435546875,0.9918670654296875
1647870736716,2022-03-21T13:52:16.716,unknown,-0.047821044921875,0.021026611328125,0.99432373046875
1647870736816,2022-03-21T13:52:16.816,unknown,-0.048095703125,0.0205841064453125,0.9949493408203125
1647870736915,2022-03-21T13:52:16.915,unknown,-0.047698974609375,0.021148681640625,0.9916839599609375
1647870737015,2022-03-21T13:52:17.015,unknown,-0.0479583740234375,0.0210113525390625,0.9969024658203125
1647870737115,2022-03-21T13:52:17.115,unknown,-0.04803466796875,0.0211944580078125,0.9918975830078125
1647870737214,2022-03-21T13:52:17.214,unknown,-0.04827880859375,0.0212249755859375,0.9957733154296875
1647870737314,2022-03-21T13:52:17.314,unknown,-0.04888916015625,0.0208740234375,0.99896240234375
1647870737413,2022-03-21T13:52:17.413,unknown,-0.0477752685546875,0.0210113525390625,0.99188232421875
1647870737513,2022-03-21T13:52:17.513,unknown,-0.0476531982421875,0.0211334228515625,0.9984130859375
1647870737612,2022-03-21T13:52:17.612,unknown,-0.04803466796875,0.0212249755859375,0.9943389892578125
1647870737712,2022-03-21T13:52:17.712,unknown,-0.0482330322265625,0.0214691162109375,0.9946746826171875
1647870737812,2022-03-21T13:52:17.812,unknown,-0.04852294921875,0.0210418701171875,0.9979705810546875
1647870737911,2022-03-21T13:52:17.911,unknown,-0.0475311279296875,0.0209503173828125,0.99505615234375
1647870738011,2022-03-21T13:52:18.011,unknown,-0.04803466796875,0.0204620361328125,0.9956512451171875
1647870738110,2022-03-21T13:52:18.110,unknown,-0.04705810546875,0.016998291015625,0.9934844970703125
1647870738210,2022-03-21T13:52:18.210,unknown,-0.0489654541015625,0.0252838134765625,0.9972991943359375
1647870738309,2022-03-21T13:52:18.309,unknown,-0.0473480224609375,0.020233154296875,0.9976654052734375
1647870738409,2022-03-21T13:52:18.409,unknown,-0.0488128662109375,0.0240020751953125,0.9927825927734375
1647870738509,2022-03-21T13:52:18.509,unknown,-0.04498291015625,0.01123046875,0.989044189453125
1647870738608,2022-03-21T13:52:18.608,unknown,-0.04754638671875,0.0271453857421875,0.9916534423828125
1647870738708,2022-03-21T13:52:18.708,unknown,-0.0520172119140625,0.0108795166015625,0.992889404296875
1647870738807,2022-03-21T13:52:18.807,unknown,-0.046112060546875,0.0170745849609375,0.995513916015625
1647870738907,2022-03-21T13:52:18.907,unknown,-0.04058837890625,0.04681396484375,0.995452880859375
1647870739006,2022-03-21T13:52:19.006,unknown,-0.049102783203125,-0.006439208984375,0.9933319091796875
1647870739106,2022-03-21T13:52:19.106,unknown,-0.0612945556640625,0.0495147705078125,0.9974365234375
1647870739206,2022-03-21T13:52:19.206,unknown,-0.031463623046875,-0.0015411376953125,0.992095947265625
1647870739305,2022-03-21T13:52:19.305,unknown,-0.0561370849609375,0.0441741943359375,1.0002593994140625
1647870739405,2022-03-21T13:52:19.405,unknown,-0.0517730712890625,-0.0010986328125,0.98858642578125
1647870739504,2022-03-21T13:52:19.504,unknown,-0.04150390625,0.0411376953125,0.999267578125
1647870739604,2022-03-21T13:52:19.604,unknown,-0.0477142333984375,0.0035552978515625,0.9918365478515625
1647870739703,2022-03-21T13:52:19.703,unknown,-0.055572509765625,0.0346221923828125,0.9962615966796875
1647870739803,2022-03-21T13:52:19.803,unknown,-0.0379638671875,0.009979248046875,0.996337890625
1647870739903,2022-03-21T13:52:19.903,unknown,-0.0516815185546875,0.0313568115234375,0.9921875
1647870740002,2022-03-21T13:52:20.002,unknown,-0.049530029296875,0.011962890625,0.9972686767578125
1647870740102,2022-03-21T13:52:20.102,unknown,-0.0432891845703125,0.0282135009765625,0.995330810546875
1647870740201,2022-03-21T13:52:20.201,unknown,-0.049591064453125,0.0142364501953125,0.9926605224609375
1647870740301,2022-03-21T13:52:20.301,unknown,-0.05078125,0.0241546630859375,0.99755859375
1647870740400,2022-03-21T13:52:20.400,unknown,-0.0435943603515625,0.0193023681640625,0.9911651611328125
1647870740500,2022-03-21T13:52:20.500,unknown,-0.050201416015625,0.0226287841796875,0.9967041015625
1647870740600,2022-03-21T13:52:20.600,unknown,-0.0498504638671875,0.0200958251953125,0.9951629638671875
1647870740699,2022-03-21T13:52:20.699,unknown,-0.0445709228515625,0.02423095703125,0.9922027587890625
1647870740799,2022-03-21T13:52:20.799,unknown,-0.049072265625,0.0201263427734375,0.9955291748046875
1647870740898,2022-03-21T13:52:20.898,unknown,-0.0501708984375,0.0210418701171875,0.9909515380859375
1647870740998,2022-03-21T13:52:20.998,unknown,-0.045684814453125,0.022735595703125,0.9978485107421875
1647870741097,2022-03-21T13:52:21.097,unknown,-0.0489501953125,0.018463134765625,0.994049072265625
1647870741197,2022-03-21T13:52:21.197,unknown,-0.050201416015625,0.0229034423828125,0.994720458984375
1647870741297,2022-03-21T13:52:21.297,unknown,-0.045257568359375,0.0181121826171875,0.9974517822265625
1647870741396,2022-03-21T13:52:21.396,unknown,-0.0495758056640625,0.0260162353515625,0.9913787841796875
1647870741496,2022-03-21T13:52:21.496,unknown,-0.0481109619140625,0.016845703125,0.99530029296875
1647870741595,2022-03-21T13:52:21.595,unknown,-0.0472869873046875,0.025726318359375,0.9944305419921875
1647870741695,2022-03-21T13:52:21.695,unknown,-0.046722412109375,0.0167999267578125,0.9935455322265625
1647870741794,2022-03-21T13:52:21.794,unknown,-0.049591064453125,0.02569580078125,1.00006103515625
1647870741894,2022-03-21T13:52:21.894,unknown,-0.045318603515625,0.0166778564453125,0.993316650390625
1647870741994,2022-03-21T13:52:21.994,unknown,-0.0485687255859375,0.0259857177734375,0.997589111328125
1647870742093,2022-03-21T13:52:22.093,unknown,-0.0470733642578125,0.01666259765625,0.9945068359375
1647870742193,2022-03-21T13:52:22.193,unknown,-0.0484771728515625,0.0259857177734375,0.992340087890625
1647870742292,2022-03-21T13:52:22.292,unknown,-0.047698974609375,0.0164031982421875,0.9957275390625
1647870742392,2022-03-21T13:52:22.392,unknown,-0.0489654541015625,0.0248870849609375,0.9929351806640625
1647870742491,2022-03-21T13:52:22.491,unknown,-0.0468597412109375,0.017822265625,0.9943695068359375
1647870742591,2022-03-21T13:52:22.591,unknown,-0.0481719970703125,0.0240631103515625,0.99517822265625
1647870742691,2022-03-21T13:52:22.691,unknown,-0.047821044921875,0.01800537109375,0.99298095703125
1647870742790,2022-03-21T13:52:22.790,unknown,-0.048370361328125,0.023406982421875,0.997161865234375
1647870742890,2022-03-21T13:52:22.890,unknown,-0.0477142333984375,0.019439697265625,0.991058349609375
1647870742989,2022-03-21T13:52:22.989,unknown,-0.0477447509765625,0.022491455078125,0.9953765869140625
1647870743089,2022-03-21T13:52:23.089,unknown,-0.0479888916015625,0.0207366943359375,0.9954681396484375
1647870743188,2022-03-21T13:52:23.188,unknown,-0.047637939453125,0.0211639404296875,0.9912109375
1647870743288,2022-03-21T13:52:23.288,unknown,-0.0479278564453125,0.021087646484375,0.996429443359375
1647870743388,2022-03-21T13:52:23.388,unknown,-0.0476226806640625,0.0207366943359375,0.9919891357421875
1647870743487,2022-03-21T13:52:23.487,unknown,-0.0482177734375,0.0214385986328125,0.9951629638671875
1647870743587,2022-03-21T13:52:23.587,unknown,-0.0483551025390625,0.02008056640625,0.99591064453125
1647870743686,2022-03-21T13:52:23.686,unknown,-0.0480194091796875,0.022491455078125,0.993133544921875
1647870743786,2022-03-21T13:52:23.786,unknown,-0.0486297607421875,0.019317626953125,0.9977264404296875
1647870743885,2022-03-21T13:52:23.885,unknown,-0.0480804443359375,0.022369384765625,0.9928436279296875
1647870743985,2022-03-21T13:52:23.985,unknown,-0.04705810546875,0.0192413330078125,0.993896484375
1647870744085,2022-03-21T13:52:24.085,unknown,-0.0485076904296875,0.0230865478515625,0.99609375
1647870744184,2022-03-21T13:52:24.184,unknown,-0.048065185546875,0.0197296142578125,0.991668701171875
1647870744284,2022-03-21T13:52:24.284,unknown,-0.0483551025390625,0.022918701171875,0.99969482421875
1647870744383,2022-03-21T13:52:24.383,unknown,-0.047760009765625,0.018768310546875,0.99188232421875
1647870744483,2022-03-21T13:52:24.483,unknown,-0.0486907958984375,0.0220947265625,0.9966583251953125
1647870744582,2022-03-21T13:52:24.582,unknown,-0.0470428466796875,0.0197906494140625,0.996612548828125
1647870744682,2022-03-21T13:52:24.682,unknown,-0.047943115234375,0.0216064453125,0.9913177490234375
1647870744782,2022-03-21T13:52:24.782,unknown,-0.0483245849609375,0.021392822265625,0.9972076416015625
1647870744881,2022-03-21T13:52:24.881,unknown,-0.0478973388671875,0.021026611328125,0.9913482666015625
1647870744981,2022-03-21T13:52:24.981,unknown,-0.0478668212890625,0.02001953125,0.9943389892578125
1647870745080,2022-03-21T13:52:25.080,unknown,-0.0483856201171875,0.021087646484375,0.99652099609375
1647870745180,2022-03-21T13:52:25.180,unknown,-0.0479278564453125,0.020172119140625,0.991729736328125
1647870745279,2022-03-21T13:52:25.279,unknown,-0.04827880859375,0.021514892578125,0.9984893798828125
1647870745379,2022-03-21T13:52:25.379,unknown,-0.047760009765625,0.021575927734375,0.9902496337890625
1647870745479,2022-03-21T13:52:25.479,unknown,-0.047637939453125,0.02069091796875,0.9945220947265625
1647870745578,2022-03-21T13:52:25.578,unknown,-0.0480194091796875,0.02117919921875,0.9954833984375
1647870745678,2022-03-21T13:52:25.678,unknown,-0.0474090576171875,0.020599365234375,0.99127197265625
1647870745777,2022-03-21T13:52:25.777,unknown,-0.04827880859375,0.0218658447265625,0.9955291748046875
1647870745877,2022-03-21T13:52:25.877,unknown,-0.0470428466796875,0.0205841064453125,0.991943359375
1647870745976,2022-03-21T13:52:25.976,unknown,-0.048004150390625,0.0216217041015625,0.9954986572265625
1647870746076,2022-03-21T13:52:26.076,unknown,-0.04791259765625,0.0202484130859375,0.9971771240234375
1647870746176,2022-03-21T13:52:26.176,unknown,-0.0474700927734375,0.0222015380859375,0.9930267333984375
1647870746275,2022-03-21T13:52:26.275,unknown,-0.0475921630859375,0.02056884765625,0.9969635009765625
1647870746375,2022-03-21T13:52:26.375,unknown,-0.0478515625,0.0214385986328125,0.991485595703125
1647870746474,2022-03-21T13:52:26.474,unknown,-0.04827880859375,0.0198516845703125,0.9948577880859375
1647870746574,2022-03-21T13:52:26.574,unknown,-0.0481109619140625,0.0214996337890625,0.994842529296875
1647870746673,2022-03-21T13:52:26.673,unknown,-0.0477752685546875,0.0196685791015625,0.9909210205078125
1647870746773,2022-03-21T13:52:26.773,unknown,-0.0475006103515625,0.021270751953125,0.997406005859375
1647870746873,2022-03-21T13:52:26.873,unknown,-0.0468902587890625,0.0208892822265625,0.9913482666015625
1647870746972,2022-03-21T13:52:26.972,unknown,-0.0475921630859375,0.022003173828125,0.99530029296875
1647870747072,2022-03-21T13:52:27.072,unknown,-0.0482177734375,0.0214996337890625,0.996856689453125
1647870747171,2022-03-21T13:52:27.171,unknown,-0.04779052734375,0.0219268798828125,0.9929351806640625
1647870747271,2022-03-21T13:52:27.271,unknown,-0.0481414794921875,0.0196990966796875,0.996734619140625
1647870747370,2022-03-21T13:52:27.370,unknown,-0.0479583740234375,0.0208587646484375,0.9942474365234375
1647870747470,2022-03-21T13:52:27.470,unknown,-0.04827880859375,0.0213623046875,0.9950103759765625
1647870747570,2022-03-21T13:52:27.570,unknown,-0.0482330322265625,0.0212249755859375,0.994903564453125
1647870747669,2022-03-21T13:52:27.669,unknown,-0.047943115234375,0.0211029052734375,0.992919921875
1647870747769,2022-03-21T13:52:27.769,unknown,-0.0484771728515625,0.0213470458984375,0.9987945556640625
1647870747868,2022-03-21T13:52:27.868,unknown,-0.0479583740234375,0.0214080810546875,0.9918212890625
1647870747968,2022-03-21T13:52:27.968,unknown,-0.0477294921875,0.020843505859375,0.9954376220703125
1647870748067,2022-03-21T13:52:28.067,unknown,-0.048309326171875,0.021575927734375,0.996551513671875
1647870748167,2022-03-21T13:52:28.167,unknown,-0.047760009765625,0.0204620361328125,0.9911956787109375
1647870748267,2022-03-21T13:52:28.267,unknown,-0.0481109619140625,0.02081298828125,0.9965057373046875
1647870748366,2022-03-21T13:52:28.366,unknown,-0.047576904296875,0.020660400390625,0.99176025390625
1647870748466,2022-03-21T13:52:28.466,unknown,-0.0472564697265625,0.0215301513671875,0.9954376220703125
1647870748565,2022-03-21T13:52:28.565,unknown,-0.04791259765625,0.0216217041015625,0.9958953857421875
1647870748665,2022-03-21T13:52:28.665,unknown,-0.04852294921875,0.0204620361328125,0.99249267578125
1647870748764,2022-03-21T13:52:28.764,unknown,-0.047271728515625,0.0208282470703125,0.9963531494140625
1647870748864,2022-03-21T13:52:28.864,unknown,-0.0479736328125,0.0210723876953125,0.99261474609375
1647870748964,2022-03-21T13:52:28.964,unknown,-0.0486907958984375,0.0207977294921875,0.9955902099609375
1647870749063,2022-03-21T13:52:29.063,unknown,-0.0474395751953125,0.0216827392578125,0.99591064453125
1647870749163,2022-03-21T13:52:29.163,unknown,-0.0472564697265625,0.02117919921875,0.994140625
1647870749262,2022-03-21T13:52:29.262,unknown,-0.0488128662109375,0.0209808349609375,1.0001983642578125
1647870749362,2022-03-21T13:52:29.362,unknown,-0.04888916015625,0.021514892578125,0.992156982421875
1647870749461,2022-03-21T13:52:29.461,unknown,-0.0480194091796875,0.0207061767578125,0.994598388671875
1647870749561,2022-03-21T13:52:29.561,unknown,-0.04827880859375,0.0213165283203125,0.99578857421875
1647870749661,2022-03-21T13:52:29.661,unknown,-0.047271728515625,0.0211639404296875,0.9925384521484375
1647870749760,2022-03-21T13:52:29.760,unknown,-0.0476226806640625,0.0216064453125,0.9956207275390625
1647870749860,2022-03-21T13:52:29.860,unknown,-0.0480194091796875,0.0209197998046875,0.99420166015625
1647870749959,2022-03-21T13:52:29.959,unknown,-0.047576904296875,0.021697998046875,0.99505615234375
1647870750059,2022-03-21T13:52:30.059,unknown,-0.0485076904296875,0.0207672119140625,0.997314453125
1647870750158,2022-03-21T13:52:30.158,unknown,-0.0475616455078125,0.0220794677734375,0.991851806640625
1647870750258,2022-03-21T13:52:30.258,unknown,-0.0478973388671875,0.0203704833984375,0.995941162109375
1647870750358,2022-03-21T13:52:30.358,unknown,-0.04901123046875,0.0213165283203125,0.9939422607421875
1647870750457,2022-03-21T13:52:30.457,unknown,-0.0470733642578125,0.0207366943359375,0.9943389892578125
1647870750557,2022-03-21T13:52:30.557,unknown,-0.0482177734375,0.0211639404296875,0.997528076171875
1647870750656,2022-03-21T13:52:30.656,unknown,-0.0481719970703125,0.020843505859375,0.9928436279296875
1647870750756,2022-03-21T13:52:30.756,unknown,-0.0478515625,0.0216217041015625,0.996368408203125
1647870750855,2022-03-21T13:52:30.855,unknown,-0.0475006103515625,0.0206756591796875,0.99346923828125
1647870750955,2022-03-21T13:52:30.955,unknown,-0.0482635498046875,0.0216064453125,0.9933013916015625
1647870751055,2022-03-21T13:52:31.055,unknown,-0.04876708984375,0.02069091796875,0.996917724609375
1647870751154,2022-03-21T13:52:31.154,unknown,-0.04742431640625,0.020843505859375,0.990478515625
1647870751254,2022-03-21T13:52:31.254,unknown,-0.04754638671875,0.0210723876953125,0.9965057373046875
1647870751353,2022-03-21T13:52:31.353,unknown,-0.0478668212890625,0.0204925537109375,0.9932403564453125
1647870751453,2022-03-21T13:52:31.453,unknown,-0.0472564697265625,0.0209197998046875,0.9940643310546875
1647870751552,2022-03-21T13:52:31.552,unknown,-0.0482025146484375,0.0213775634765625,0.9972381591796875
1647870751652,2022-03-21T13:52:31.652,unknown,-0.0481109619140625,0.0208892822265625,0.99267578125
1647870751752,2022-03-21T13:52:31.752,unknown,-0.0470428466796875,0.0205535888671875,0.9986419677734375
1647870751851,2022-03-21T13:52:31.851,unknown,-0.0476531982421875,0.0201263427734375,0.9952392578125
1647870751951,2022-03-21T13:52:31.951,unknown,-0.048095703125,0.0214385986328125,0.99462890625
1647870752050,2022-03-21T13:52:32.050,unknown,-0.0482635498046875,0.020172119140625,0.9943695068359375
1647870752150,2022-03-21T13:52:32.150,unknown,-0.0469512939453125,0.0211944580078125,0.99285888671875
1647870752249,2022-03-21T13:52:32.249,unknown,-0.0482025146484375,0.0210418701171875,0.99761962890625
1647870752349,2022-03-21T13:52:32.349,unknown,-0.0480194091796875,0.021026611328125,0.993255615234375
1647870752449,2022-03-21T13:52:32.449,unknown,-0.047332763671875,0.02099609375,0.995361328125
1647870752548,2022-03-21T13:52:32.548,unknown,-0.0491790771484375,0.0203857421875,0.9967498779296875
1647870752648,2022-03-21T13:52:32.648,unknown,-0.047760009765625,0.0215911865234375,0.990936279296875
1647870752747,2022-03-21T13:52:32.747,unknown,-0.047882080078125,0.0210113525390625,0.9972686767578125
1647870752847,2022-03-21T13:52:32.847,unknown,-0.0481414794921875,0.0219573974609375,0.9922637939453125
1647870752946,2022-03-21T13:52:32.946,unknown,-0.047271728515625,0.020477294921875,0.99432373046875
1647870753046,2022-03-21T13:52:33.046,unknown,-0.0476531982421875,0.021759033203125,0.99658203125
1647870753146,2022-03-21T13:52:33.146,unknown,-0.0482177734375,0.0202178955078125,0.99151611328125
1647870753245,2022-03-21T13:52:33.245,unknown,-0.048065185546875,0.0214691162109375,0.99847412109375
1647870753345,2022-03-21T13:52:33.345,unknown,-0.0477294921875,0.0204315185546875,0.994903564453125
1647870753444,2022-03-21T13:52:33.444,unknown,-0.0485992431640625,0.02178955078125,0.9935150146484375
1647870753544,2022-03-21T13:52:33.544,unknown,-0.0475006103515625,0.020294189453125,0.995880126953125
1647870753643,2022-03-21T13:52:33.643,unknown,-0.048126220703125,0.0203399658203125,0.992645263671875
1647870753743,2022-03-21T13:52:33.743,unknown,-0.04766845703125,0.021240234375,0.995269775390625
1647870753843,2022-03-21T13:52:33.843,unknown,-0.0478515625,0.0210723876953125,0.99493408203125
1647870753942,2022-03-21T13:52:33.942,unknown,-0.0474090576171875,0.020965576171875,0.9923858642578125
1647870754042,2022-03-21T13:52:34.042,unknown,-0.047821044921875,0.02130126953125,0.9958648681640625
1647870754141,2022-03-21T13:52:34.141,unknown,-0.0475616455078125,0.0205535888671875,0.991790771484375
1647870754241,2022-03-21T13:52:34.241,unknown,-0.0479888916015625,0.020751953125,0.996978759765625
1647870754340,2022-03-21T13:52:34.340,unknown,-0.0485992431640625,0.021697998046875,0.9951019287109375
1647870754440,2022-03-21T13:52:34.440,unknown,-0.047332763671875,0.0209808349609375,0.9933929443359375
1647870754540,2022-03-21T13:52:34.540,unknown,-0.0475616455078125,0.0213775634765625,0.9959869384765625
1647870754639,2022-03-21T13:52:34.639,unknown,-0.0478515625,0.02032470703125,0.9910888671875
1647870754739,2022-03-21T13:52:34.739,unknown,-0.0478515625,0.0211029052734375,0.9965362548828125
1647870754838,2022-03-21T13:52:34.838,unknown,-0.0478668212890625,0.02117919921875,0.9946441650390625
1647870754938,2022-03-21T13:52:34.938,unknown,-0.0484466552734375,0.0222625732421875,0.9935455322265625
1647870755037,2022-03-21T13:52:35.037,unknown,-0.0479888916015625,0.021087646484375,0.9986572265625
1647870755137,2022-03-21T13:52:35.137,unknown,-0.0480499267578125,0.0210723876953125,0.991455078125
1647870755237,2022-03-21T13:52:35.237,unknown,-0.0474700927734375,0.019805908203125,0.9976959228515625
1647870755336,2022-03-21T13:52:35.336,unknown,-0.04766845703125,0.0211029052734375,0.994354248046875
1647870755436,2022-03-21T13:52:35.436,unknown,-0.0477294921875,0.019989013671875,0.992218017578125
1647870755535,2022-03-21T13:52:35.535,unknown,-0.0482635498046875,0.021270751953125,0.9970855712890625
1647870755635,2022-03-21T13:52:35.635,unknown,-0.0479888916015625,0.0211181640625,0.9921112060546875
1647870755734,2022-03-21T13:52:35.734,unknown,-0.048187255859375,0.02154541015625,0.9953460693359375
1647870755834,2022-03-21T13:52:35.834,unknown,-0.047882080078125,0.0206756591796875,0.9944000244140625
1647870755934,2022-03-21T13:52:35.934,unknown,-0.0475616455078125,0.0208587646484375,0.9923248291015625
1647870756033,2022-03-21T13:52:36.033,unknown,-0.048004150390625,0.0213470458984375,0.9974365234375
1647870756133,2022-03-21T13:52:36.133,unknown,-0.0472564697265625,0.0207366943359375,0.9928436279296875
1647870756232,2022-03-21T13:52:36.232,unknown,-0.04803466796875,0.02105712890625,0.993743896484375
1647870756332,2022-03-21T13:52:36.332,unknown,-0.0484161376953125,0.02105712890625,0.994873046875
1647870756431,2022-03-21T13:52:36.431,unknown,-0.047698974609375,0.021453857421875,0.9931640625
1647870756531,2022-03-21T13:52:36.531,unknown,-0.0485992431640625,0.0199127197265625,0.998046875
1647870756631,2022-03-21T13:52:36.631,unknown,-0.04827880859375,0.02056884765625,0.991241455078125
1647870756730,2022-03-21T13:52:36.730,unknown,-0.04864501953125,0.02099609375,0.9971771240234375
1647870756830,2022-03-21T13:52:36.830,unknown,-0.0474853515625,0.020751953125,0.994537353515625
1647870756929,2022-03-21T13:52:36.929,unknown,-0.0478515625,0.02032470703125,0.99200439453125
1647870757029,2022-03-21T13:52:37.029,unknown,-0.048095703125,0.0211334228515625,0.998565673828125
1647870757128,2022-03-21T13:52:37.128,unknown,-0.047607421875,0.0205078125,0.993011474609375
1647870757228,2022-03-21T13:52:37.228,unknown,-0.0481109619140625,0.020416259765625,0.9976806640625
1647870757328,2022-03-21T13:52:37.328,unknown,-0.04840087890625,0.02117919921875,0.9943389892578125
1647870757427,2022-03-21T13:52:37.427,unknown,-0.0476837158203125,0.0216064453125,0.9929656982421875
1647870757527,2022-03-21T13:52:37.527,unknown,-0.048126220703125,0.021026611328125,0.996002197265625
1647870757626,2022-03-21T13:52:37.626,unknown,-0.0473785400390625,0.0211944580078125,0.9924774169921875
1647870757726,2022-03-21T13:52:37.726,unknown,-0.048431396484375,0.0207061767578125,0.9969940185546875
1647870757825,2022-03-21T13:52:37.825,unknown,-0.0480804443359375,0.02130126953125,0.995513916015625
1647870757925,2022-03-21T13:52:37.925,unknown,-0.0477294921875,0.0204925537109375,0.993927001953125
1647870758025,2022-03-21T13:52:38.025,unknown,-0.0478668212890625,0.020660400390625,0.996124267578125
1647870758124,2022-03-21T13:52:38.124,unknown,-0.047576904296875,0.02105712890625,0.99176025390625
1647870758224,2022-03-21T13:52:38.224,unknown,-0.04791259765625,0.021240234375,0.9958038330078125
1647870758323,2022-03-21T13:52:38.323,unknown,-0.0478668212890625,0.0206146240234375,0.9946441650390625
1647870758423,2022-03-21T13:52:38.423,unknown,-0.047882080078125,0.021453857421875,0.992401123046875
1647870758522,2022-03-21T13:52:38.522,unknown,-0.0479583740234375,0.0216217041015625,0.995635986328125
1647870758622,2022-03-21T13:52:38.622,unknown,-0.0486907958984375,0.0211181640625,0.9926300048828125
1647870758722,2022-03-21T13:52:38.722,unknown,-0.04815673828125,0.0211181640625,0.9965362548828125
1647870758821,2022-03-21T13:52:38.821,unknown,-0.048675537109375,0.020294189453125,0.9950714111328125
1647870758921,2022-03-21T13:52:38.921,unknown,-0.04754638671875,0.021026611328125,0.9933013916015625
1647870759020,2022-03-21T13:52:39.020,unknown,-0.0482635498046875,0.0214691162109375,0.99517822265625
1647870759120,2022-03-21T13:52:39.120,unknown,-0.0475616455078125,0.021728515625,0.9899749755859375
1647870759219,2022-03-21T13:52:39.219,unknown,-0.047821044921875,0.0207977294921875,0.9970855712890625
1647870759319,2022-03-21T13:52:39.319,unknown,-0.0482177734375,0.0222930908203125,0.9942169189453125
1647870759419,2022-03-21T13:52:39.419,unknown,-0.048187255859375,0.0211639404296875,0.9924774169921875
1647870759518,2022-03-21T13:52:39.518,unknown,-0.0482940673828125,0.02056884765625,0.9970855712890625
1647870759618,2022-03-21T13:52:39.618,unknown,-0.0474853515625,0.02117919921875,0.993316650390625
1647870759717,2022-03-21T13:52:39.717,unknown,-0.0482025146484375,0.0210113525390625,0.9970855712890625
1647870759817,2022-03-21T13:52:39.817,unknown,-0.0480194091796875,0.02008056640625,0.994964599609375
1647870759916,2022-03-21T13:52:39.916,unknown,-0.047088623046875,0.0207977294921875,0.9934844970703125
1647870760016,2022-03-21T13:52:40.016,unknown,-0.0478668212890625,0.021240234375,0.99810791015625
1647870760116,2022-03-21T13:52:40.116,unknown,-0.0478668212890625,0.0208892822265625,0.9912261962890625
1647870760215,2022-03-21T13:52:40.215,unknown,-0.0482177734375,0.0214080810546875,0.996978759765625
1647870760315,2022-03-21T13:52:40.315,unknown,-0.048248291015625,0.0208282470703125,0.9951629638671875
1647870760414,2022-03-21T13:52:40.414,unknown,-0.0477752685546875,0.0203094482421875,0.9931793212890625
1647870760514,2022-03-21T13:52:40.514,unknown,-0.0482025146484375,0.0206146240234375,0.997161865234375
1647870760613,2022-03-21T13:52:40.613,unknown,-0.047882080078125,0.0203704833984375,0.99127197265625
1647870760713,2022-03-21T13:52:40.713,unknown,-0.047821044921875,0.0204315185546875,0.996856689453125
1647870760813,2022-03-21T13:52:40.813,unknown,-0.0479888916015625,0.020751953125,0.99383544921875
1647870760912,2022-03-21T13:52:40.912,unknown,-0.0478973388671875,0.0209197998046875,0.9920196533203125
1647870761012,2022-03-21T13:52:41.012,unknown,-0.0484466552734375,0.021270751953125,0.996337890625
1647870761111,2022-03-21T13:52:41.111,unknown,-0.0478668212890625,0.0217742919921875,0.992340087890625
1647870761211,2022-03-21T13:52:41.211,unknown,-0.04742431640625,0.0212249755859375,0.9965362548828125
1647870761310,2022-03-21T13:52:41.310,unknown,-0.0482635498046875,0.0207366943359375,0.99603271484375
1647870761410,2022-03-21T13:52:41.410,unknown,-0.047454833984375,0.021881103515625,0.993377685546875
1647870761510,2022-03-21T13:52:41.510,unknown,-0.0479736328125,0.02044677734375,0.9966888427734375
1647870761609,2022-03-21T13:52:41.609,unknown,-0.04827880859375,0.021636962890625,0.9916839599609375
1647870761709,2022-03-21T13:52:41.709,unknown,-0.047698974609375,0.021270751953125,0.995880126953125
1647870761808,2022-03-21T13:52:41.808,unknown,-0.0478515625,0.020965576171875,0.99542236328125
1647870761908,2022-03-21T13:52:41.908,unknown,-0.0488433837890625,0.02105712890625,0.99188232421875
1647870762007,2022-03-21T13:52:42.007,unknown,-0.0483245849609375,0.022064208984375,0.9971466064453125
1647870762107,2022-03-21T13:52:42.107,unknown,-0.0481414794921875,0.0214996337890625,0.9939727783203125
1647870762207,2022-03-21T13:52:42.207,unknown,-0.048492431640625,0.0209503173828125,0.9952850341796875
1647870762306,2022-03-21T13:52:42.306,unknown,-0.048828125,0.0225372314453125,0.9975738525390625
1647870762406,2022-03-21T13:52:42.406,unknown,-0.0477294921875,0.0211639404296875,0.9916534423828125
1647870762505,2022-03-21T13:52:42.505,unknown,-0.0482635498046875,0.02142333984375,0.9970245361328125
1647870762605,2022-03-21T13:52:42.605,unknown,-0.047393798828125,0.02130126953125,0.9925537109375
1647870762704,2022-03-21T13:52:42.704,unknown,-0.0482940673828125,0.02117919921875,0.9951934814453125
1647870762804,2022-03-21T13:52:42.804,unknown,-0.0477142333984375,0.0220794677734375,0.996612548828125
1647870762904,2022-03-21T13:52:42.904,unknown,-0.047760009765625,0.020599365234375,0.99212646484375
1647870763003,2022-03-21T13:52:43.003,unknown,-0.04766845703125,0.0209808349609375,0.996856689453125
1647870763103,2022-03-21T13:52:43.103,unknown,-0.0481414794921875,0.0216217041015625,0.9940185546875
1647870763202,2022-03-21T13:52:43.202,unknown,-0.0483245849609375,0.0201263427734375,0.99591064453125
1647870763302,2022-03-21T13:52:43.302,unknown,-0.0475006103515625,0.0218963623046875,0.996002197265625
1647870763401,2022-03-21T13:52:43.401,unknown,-0.048095703125,0.02044677734375,0.9904937744140625
1647870763501,2022-03-21T13:52:43.501,unknown,-0.0485687255859375,0.021697998046875,0.9993743896484375
1647870763601,2022-03-21T13:52:43.601,unknown,-0.04815673828125,0.0215606689453125,0.99212646484375
1647870763700,2022-03-21T13:52:43.700,unknown,-0.0477294921875,0.0214996337890625,0.9954071044921875
1647870763800,2022-03-21T13:52:43.800,unknown,-0.0481109619140625,0.0214996337890625,0.99615478515625
1647870763899,2022-03-21T13:52:43.899,unknown,-0.0473785400390625,0.0209808349609375,0.992584228515625
1647870763999,2022-03-21T13:52:43.999,unknown,-0.04840087890625,0.0204620361328125,0.997039794921875
1647870764098,2022-03-21T13:52:44.098,unknown,-0.0478973388671875,0.020751953125,0.993743896484375
1647870764198,2022-03-21T13:52:44.198,unknown,-0.047637939453125,0.020263671875,0.9957427978515625
1647870764298,2022-03-21T13:52:44.298,unknown,-0.04803466796875,0.0209197998046875,0.9951324462890625
1647870764397,2022-03-21T13:52:44.397,unknown,-0.0474853515625,0.020904541015625,0.993072509765625
1647870764497,2022-03-21T13:52:44.497,unknown,-0.0483856201171875,0.0213623046875,0.9984130859375
1647870764596,2022-03-21T13:52:44.596,unknown,-0.0477294921875,0.0211181640625,0.9939117431640625
1647870764696,2022-03-21T13:52:44.696,unknown,-0.04864501953125,0.0213623046875,0.9969024658203125
1647870764795,2022-03-21T13:52:44.795,unknown,-0.0477752685546875,0.0203399658203125,0.9958648681640625
1647870764895,2022-03-21T13:52:44.895,unknown,-0.0475006103515625,0.0220489501953125,0.99066162109375
1647870764995,2022-03-21T13:52:44.995,unknown,-0.0476531982421875,0.020538330078125,0.9975738525390625
1647870765094,2022-03-21T13:52:45.094,unknown,-0.0485992431640625,0.0211029052734375,0.992431640625
1647870765194,2022-03-21T13:52:45.194,unknown,-0.0487823486328125,0.0211334228515625,0.9976043701171875
1647870765293,2022-03-21T13:52:45.293,unknown,-0.046844482421875,0.0230865478515625,0.9957275390625
1647870765393,2022-03-21T13:52:45.393,unknown,-0.047698974609375,0.021728515625,0.993194580078125
1647870825459,2022-03-21T13:53:45.459,unknown,-0.0483856201171875,0.0211029052734375,0.996246337890625
1647870825559,2022-03-21T13:53:45.559,unknown,-0.047882080078125,0.021209716796875,0.9933319091796875
1647870825658,2022-03-21T13:53:45.658,unknown,-0.048065185546875,0.02056884765625,0.9932403564453125
1647870825758,2022-03-21T13:53:45.758,unknown,-0.047637939453125,0.0220947265625,0.9962310791015625
1647870825858,2022-03-21T13:53:45.858,unknown,-0.04766845703125,0.020233154296875,0.990478515625
1647870825957,2022-03-21T13:53:45.957,unknown,-0.047637939453125,0.02154541015625,0.9955596923828125
1647870826057,2022-03-21T13:53:46.057,unknown,-0.0486602783203125,0.02069091796875,0.9923248291015625
1647870826156,2022-03-21T13:53:46.156,unknown,-0.047607421875,0.0206146240234375,0.993896484375
1647870826256,2022-03-21T13:53:46.256,unknown,-0.0475006103515625,0.022064208984375,0.996917724609375
1647870826355,2022-03-21T13:53:46.355,unknown,-0.047637939453125,0.0210113525390625,0.991546630859375
1647870826455,2022-03-21T13:53:46.455,unknown,-0.048370361328125,0.021759033203125,0.996124267578125
1647870826555,2022-03-21T13:53:46.555,unknown,-0.0481414794921875,0.021392822265625,0.9915618896484375
1647870826654,2022-03-21T13:53:46.654,unknown,-0.04791259765625,0.0204925537109375,0.9939422607421875
1647870826754,2022-03-21T13:53:46.754,unknown,-0.0484619140625,0.021240234375,0.9961395263671875
1647870826853,2022-03-21T13:53:46.853,unknown,-0.0484771728515625,0.021575927734375,0.991607666015625
1647870826953,2022-03-21T13:53:46.953,unknown,-0.04779052734375,0.0214691162109375,0.996246337890625
1647870827052,2022-03-21T13:53:47.052,unknown,-0.0479278564453125,0.0207061767578125,0.9932098388671875
1647870827152,2022-03-21T13:53:47.152,unknown,-0.04736328125,0.021240234375,0.9952239990234375
1647870827252,2022-03-21T13:53:47.252,unknown,-0.0478668212890625,0.02130126953125,0.9966888427734375
1647870827351,2022-03-21T13:53:47.351,unknown,-0.048583984375,0.0207672119140625,0.99127197265625
1647870827451,2022-03-21T13:53:47.451,unknown,-0.048492431640625,0.020721435546875,0.996307373046875
1647870827550,2022-03-21T13:53:47.550,unknown,-0.04766845703125,0.0213775634765625,0.9935455322265625
1647870827650,2022-03-21T13:53:47.650,unknown,-0.0481109619140625,0.0212249755859375,0.9928436279296875
1647870827749,2022-03-21T13:53:47.749,unknown,-0.0475616455078125,0.0209808349609375,0.997161865234375
1647870827849,2022-03-21T13:53:47.849,unknown,-0.0473785400390625,0.0207672119140625,0.9913330078125
1647870827949,2022-03-21T13:53:47.949,unknown,-0.04803466796875,0.020416259765625,0.9960479736328125
1647870828048,2022-03-21T13:53:48.048,unknown,-0.048095703125,0.0213165283203125,0.9948577880859375
1647870828148,2022-03-21T13:53:48.148,unknown,-0.0481109619140625,0.0201568603515625,0.9940948486328125
1647870828247,2022-03-21T13:53:48.247,unknown,-0.0484771728515625,0.021484375,0.9969024658203125
1647870828347,2022-03-21T13:53:48.347,unknown,-0.0474090576171875,0.021270751953125,0.991241455078125
1647870828446,2022-03-21T13:53:48.446,unknown,-0.0477142333984375,0.02117919921875,0.997283935546875
1647870828546,2022-03-21T13:53:48.546,unknown,-0.0478363037109375,0.02105712890625,0.9923553466796875
1647870828646,2022-03-21T13:53:48.646,unknown,-0.04742431640625,0.0218658447265625,0.992919921875
1647870828745,2022-03-21T13:53:48.745,unknown,-0.0478057861328125,0.0218353271484375,0.9970855712890625
1647870828845,2022-03-21T13:53:48.845,unknown,-0.047882080078125,0.021087646484375,0.9910888671875
1647870828944,2022-03-21T13:53:48.944,unknown,-0.048614501953125,0.0212554931640625,0.997894287109375
1647870829044,2022-03-21T13:53:49.044,unknown,-0.048675537109375,0.02117919921875,0.993927001953125
1647870829143,2022-03-21T13:53:49.143,unknown,-0.04803466796875,0.02056884765625,0.9930267333984375
1647870829243,2022-03-21T13:53:49.243,unknown,-0.048126220703125,0.021331787109375,0.9972991943359375
1647870829343,2022-03-21T13:53:49.343,unknown,-0.047637939453125,0.02142333984375,0.991363525390625
1647870829442,2022-03-21T13:53:49.442,unknown,-0.0478973388671875,0.0212554931640625,0.997467041015625
1647870829542,2022-03-21T13:53:49.542,unknown,-0.048004150390625,0.0213165283203125,0.9932708740234375
1647870829641,2022-03-21T13:53:49.641,unknown,-0.0480194091796875,0.0213165283203125,0.9931488037109375
1647870829741,2022-03-21T13:53:49.741,unknown,-0.04815673828125,0.020751953125,0.9984588623046875
1647870829840,2022-03-21T13:53:49.840,unknown,-0.047271728515625,0.0211944580078125,0.9934234619140625
1647870829940,2022-03-21T13:53:49.940,unknown,-0.0478973388671875,0.0214080810546875,0.997589111328125
1647870830040,2022-03-21T13:53:50.040,unknown,-0.0478057861328125,0.02154541015625,0.993682861328125
1647870830139,2022-03-21T13:53:50.139,unknown,-0.047821044921875,0.022216796875,0.9932708740234375
1647870830239,2022-03-21T13:53:50.239,unknown,-0.0484161376953125,0.0208740234375,0.9974365234375
1647870830338,2022-03-21T13:53:50.338,unknown,-0.04754638671875,0.0211639404296875,0.9922332763671875
1647870830438,2022-03-21T13:53:50.438,unknown,-0.0471343994140625,0.020904541015625,0.9962310791015625
1647870830537,2022-03-21T13:53:50.537,unknown,-0.04791259765625,0.0221099853515625,0.9949493408203125
1647870830637,2022-03-21T13:53:50.637,unknown,-0.0475006103515625,0.020477294921875,0.9944305419921875
1647870830737,2022-03-21T13:53:50.737,unknown,-0.048248291015625,0.0206451416015625,0.99761962890625
1647870830836,2022-03-21T13:53:50.836,unknown,-0.0479583740234375,0.020965576171875,0.992950439453125
1647870830936,2022-03-21T13:53:50.936,unknown,-0.0478973388671875,0.02197265625,0.9926605224609375
1647870831035,2022-03-21T13:53:51.035,unknown,-0.048095703125,0.02099609375,0.99517822265625
1647870831135,2022-03-21T13:53:51.135,unknown,-0.0478363037109375,0.021636962890625,0.99359130859375
1647870831234,2022-03-21T13:53:51.234,unknown,-0.0478668212890625,0.020904541015625,0.9962310791015625
1647870831334,2022-03-21T13:53:51.334,unknown,-0.0478363037109375,0.0213165283203125,0.9925079345703125
1647870831433,2022-03-21T13:53:51.433,unknown,-0.048095703125,0.0214996337890625,0.9950714111328125
1647870831533,2022-03-21T13:53:51.533,unknown,-0.0481414794921875,0.0213775634765625,0.995697021484375
1647870831633,2022-03-21T13:53:51.633,unknown,-0.0478973388671875,0.021240234375,0.993133544921875
1647870831732,2022-03-21T13:53:51.732,unknown,-0.047943115234375,0.02215576171875,0.9965057373046875
1647870831832,2022-03-21T13:53:51.832,unknown,-0.0478515625,0.0221405029296875,0.992279052734375
1647870831931,2022-03-21T13:53:51.931,unknown,-0.0477752685546875,0.021026611328125,0.996490478515625
1647870832031,2022-03-21T13:53:52.031,unknown,-0.0478515625,0.0219268798828125,0.9964141845703125
1647870832130,2022-03-21T13:53:52.130,unknown,-0.0485076904296875,0.021575927734375,0.9929046630859375
1647870832230,2022-03-21T13:53:52.230,unknown,-0.0482330322265625,0.0215301513671875,0.99749755859375
1647870832330,2022-03-21T13:53:52.330,unknown,-0.0479736328125,0.0206146240234375,0.992095947265625
1647870832429,2022-03-21T13:53:52.429,unknown,-0.048675537109375,0.020538330078125,0.996368408203125
1647870832529,2022-03-21T13:53:52.529,unknown,-0.04766845703125,0.0208892822265625,0.9957733154296875
1647870832628,2022-03-21T13:53:52.628,unknown,-0.0479888916015625,0.02099609375,0.99041748046875
1647870832728,2022-03-21T13:53:52.728,unknown,-0.048126220703125,0.021331787109375,0.9966583251953125
1647870832827,2022-03-21T13:53:52.827,unknown,-0.0479583740234375,0.0208740234375,0.9927520751953125
1647870832927,2022-03-21T13:53:52.927,unknown,-0.0470428466796875,0.021331787109375,0.99603271484375
1647870833027,2022-03-21T13:53:53.027,unknown,-0.048309326171875,0.0206451416015625,0.9945526123046875
1647870833126,2022-03-21T13:53:53.126,unknown,-0.0475921630859375,0.0211029052734375,0.9923095703125
1647870833226,2022-03-21T13:53:53.226,unknown,-0.048370361328125,0.022125244140625,0.9979248046875
1647870833325,2022-03-21T13:53:53.325,unknown,-0.0478668212890625,0.0214385986328125,0.9928436279296875
1647870833425,2022-03-21T13:53:53.425,unknown,-0.0482025146484375,0.0203704833984375,0.9964141845703125
1647870833524,2022-03-21T13:53:53.524,unknown,-0.04833984375,0.02117919921875,0.9937744140625
1647870833624,2022-03-21T13:53:53.624,unknown,-0.0488128662109375,0.0212860107421875,0.9924774169921875
1647870833724,2022-03-21T13:53:53.724,unknown,-0.047943115234375,0.0205230712890625,0.9971160888671875
1647870833823,2022-03-21T13:53:53.823,unknown,-0.0478057861328125,0.0217132568359375,0.991607666015625
1647870833923,2022-03-21T13:53:53.923,unknown,-0.0479888916015625,0.0210113525390625,0.9966278076171875
1647870834022,2022-03-21T13:53:54.022,unknown,-0.047760009765625,0.0211944580078125,0.9952850341796875
1647870834122,2022-03-21T13:53:54.122,unknown,-0.047607421875,0.0211334228515625,0.9911346435546875
1647870834221,2022-03-21T13:53:54.221,unknown,-0.0478668212890625,0.0216827392578125,0.9964447021484375
1647870834321,2022-03-21T13:53:54.321,unknown,-0.04833984375,0.0209808349609375,0.993438720703125
1647870834421,2022-03-21T13:53:54.421,unknown,-0.047271728515625,0.0209503173828125,0.9930572509765625
1647870834520,2022-03-21T13:53:54.520,unknown,-0.0478973388671875,0.021636962890625,0.996063232421875
1647870834620,2022-03-21T13:53:54.620,unknown,-0.04779052734375,0.0209808349609375,0.99334716796875
1647870834719,2022-03-21T13:53:54.719,unknown,-0.0484161376953125,0.021331787109375,0.9976348876953125
1647870834819,2022-03-21T13:53:54.819,unknown,-0.0475311279296875,0.0214996337890625,0.9916534423828125
1647870834918,2022-03-21T13:53:54.918,unknown,-0.0478057861328125,0.0204925537109375,0.995697021484375
1647870835018,2022-03-21T13:53:55.018,unknown,-0.0478668212890625,0.021209716796875,0.9961700439453125
1647870835118,2022-03-21T13:53:55.118,unknown,-0.0477294921875,0.0204925537109375,0.99322509765625
1647870835217,2022-03-21T13:53:55.217,unknown,-0.047943115234375,0.0208282470703125,0.996856689453125
1647870835317,2022-03-21T13:53:55.317,unknown,-0.048309326171875,0.020721435546875,0.993194580078125
1647870835416,2022-03-21T13:53:55.416,unknown,-0.0474395751953125,0.0211639404296875,0.9949493408203125
1647870835516,2022-03-21T13:53:55.516,unknown,-0.0477752685546875,0.0214385986328125,0.99578857421875
1647870835615,2022-03-21T13:53:55.615,unknown,-0.047119140625,0.0217132568359375,0.99261474609375
1647870835715,2022-03-21T13:53:55.715,unknown,-0.047454833984375,0.0208587646484375,0.9972381591796875
1647870835815,2022-03-21T13:53:55.815,unknown,-0.0475616455078125,0.021636962890625,0.9932098388671875
1647870835914,2022-03-21T13:53:55.914,unknown,-0.0482177734375,0.021453857421875,0.993682861328125
1647870836014,2022-03-21T13:53:56.014,unknown,-0.0478668212890625,0.02093505859375,0.996002197265625
1647870836113,2022-03-21T13:53:56.113,unknown,-0.04766845703125,0.0216217041015625,0.9932403564453125
1647870836213,2022-03-21T13:53:56.213,unknown,-0.0486602783203125,0.020721435546875,0.9979248046875
1647870836312,2022-03-21T13:53:56.312,unknown,-0.0477294921875,0.021209716796875,0.992523193359375
1647870836412,2022-03-21T13:53:56.412,unknown,-0.0482635498046875,0.0213623046875,0.9930572509765625
1647870836512,2022-03-21T13:53:56.512,unknown,-0.0477752685546875,0.021270751953125,0.9959869384765625
1647870836611,2022-03-21T13:53:56.611,unknown,-0.048065185546875,0.0209808349609375,0.9909515380859375
1647870836711,2022-03-21T13:53:56.711,unknown,-0.0485687255859375,0.0213470458984375,0.9961700439453125
1647870836810,2022-03-21T13:53:56.810,unknown,-0.0474853515625,0.0204620361328125,0.993011474609375
1647870836910,2022-03-21T13:53:56.910,unknown,-0.0479888916015625,0.02142333984375,0.99468994140625
1647870837009,2022-03-21T13:53:57.009,unknown,-0.0475616455078125,0.020263671875,0.9950408935546875
1647870837109,2022-03-21T13:53:57.109,unknown,-0.0480194091796875,0.021697998046875,0.9922027587890625
1647870837209,2022-03-21T13:53:57.209,unknown,-0.0482177734375,0.0212860107421875,0.9964141845703125
1647870837308,2022-03-21T13:53:57.308,unknown,-0.047943115234375,0.0213165283203125,0.9930572509765625
1647870837408,2022-03-21T13:53:57.408,unknown,-0.04815673828125,0.0212554931640625,0.9944610595703125
1647870837507,2022-03-21T13:53:57.507,unknown,-0.047576904296875,0.0221710205078125,0.9965667724609375
1647870837607,2022-03-21T13:53:57.607,unknown,-0.047607421875,0.021484375,0.9912567138671875
1647870837706,2022-03-21T13:53:57.706,unknown,-0.0485076904296875,0.02105712890625,0.997528076171875
1647870837806,2022-03-21T13:53:57.806,unknown,-0.0473785400390625,0.02032470703125,0.994232177734375
1647870837906,2022-03-21T13:53:57.906,unknown,-0.0481414794921875,0.0215606689453125,0.9937744140625
1647870838005,2022-03-21T13:53:58.005,unknown,-0.0478057861328125,0.020904541015625,0.99603271484375
1647870838105,2022-03-21T13:53:58.105,unknown,-0.04742431640625,0.0211944580078125,0.99176025390625
1647870838204,2022-03-21T13:53:58.204,unknown,-0.046875,0.0215301513671875,0.996337890625
1647870838304,2022-03-21T13:53:58.304,unknown,-0.04779052734375,0.022064208984375,0.992279052734375
1647870838403,2022-03-21T13:53:58.403,unknown,-0.0476531982421875,0.021636962890625,0.9937896728515625
1647870838503,2022-03-21T13:53:58.503,unknown,-0.047637939453125,0.02032470703125,0.997039794921875
1647870838603,2022-03-21T13:53:58.603,unknown,-0.0482177734375,0.0217437744140625,0.99188232421875
1647870838702,2022-03-21T13:53:58.702,unknown,-0.0476226806640625,0.0204620361328125,0.9978485107421875
1647870838802,2022-03-21T13:53:58.802,unknown,-0.047882080078125,0.0216522216796875,0.99383544921875
1647870838901,2022-03-21T13:53:58.901,unknown,-0.0480194091796875,0.02044677734375,0.9916534423828125
1647870839001,2022-03-21T13:53:59.001,unknown,-0.0478515625,0.02227783203125,0.9970245361328125
1647870839100,2022-03-21T13:53:59.100,unknown,-0.048095703125,0.020660400390625,0.9907684326171875
1647870839200,2022-03-21T13:53:59.200,unknown,-0.0474853515625,0.0217132568359375,0.9951934814453125
1647870839300,2022-03-21T13:53:59.300,unknown,-0.0485687255859375,0.0211639404296875,0.992462158203125
1647870839399,2022-03-21T13:53:59.399,unknown,-0.0474395751953125,0.0207061767578125,0.9940032958984375
1647870839499,2022-03-21T13:53:59.499,unknown,-0.048187255859375,0.02154541015625,0.997406005859375
1647870839598,2022-03-21T13:53:59.598,unknown,-0.04779052734375,0.020751953125,0.9912872314453125
1647870839698,2022-03-21T13:53:59.698,unknown,-0.0491790771484375,0.021087646484375,0.9967803955078125
1647870839797,2022-03-21T13:53:59.797,unknown,-0.048858642578125,0.021087646484375,0.9939422607421875
1647870839897,2022-03-21T13:53:59.897,unknown,-0.04766845703125,0.0215911865234375,0.991943359375
1647870839997,2022-03-21T13:53:59.997,unknown,-0.047515869140625,0.0218963623046875,0.9972686767578125
1647870840096,2022-03-21T13:54:00.096,unknown,-0.047393798828125,0.02069091796875,0.9910125732421875
1647870840196,2022-03-21T13:54:00.196,unknown,-0.0485687255859375,0.0209808349609375,0.996490478515625
1647870840295,2022-03-21T13:54:00.295,unknown,-0.0479583740234375,0.02044677734375,0.9952392578125
1647870840395,2022-03-21T13:54:00.395,unknown,-0.048492431640625,0.020721435546875,0.9933624267578125
1647870840494,2022-03-21T13:54:00.494,unknown,-0.0474853515625,0.0213470458984375,0.996978759765625
1647870840594,2022-03-21T13:54:00.594,unknown,-0.0474395751953125,0.0206451416015625,0.9910430908203125
1647870840694,2022-03-21T13:54:00.694,unknown,-0.0480804443359375,0.0211334228515625,0.9952239990234375
1647870840793,2022-03-21T13:54:00.793,unknown,-0.0472869873046875,0.0215301513671875,0.9940185546875
1647870840893,2022-03-21T13:54:00.893,unknown,-0.0485687255859375,0.0206451416015625,0.9925689697265625
1647870840992,2022-03-21T13:54:00.992,unknown,-0.0479888916015625,0.0209197998046875,0.9968719482421875
1647870841092,2022-03-21T13:54:01.092,unknown,-0.0477294921875,0.0206146240234375,0.992584228515625
1647870841191,2022-03-21T13:54:01.191,unknown,-0.04742431640625,0.0207977294921875,0.995819091796875
1647870841291,2022-03-21T13:54:01.291,unknown,-0.0478973388671875,0.0214385986328125,0.993865966796875
1647870841391,2022-03-21T13:54:01.391,unknown,-0.0475921630859375,0.0217132568359375,0.9920501708984375
1647870841490,2022-03-21T13:54:01.490,unknown,-0.0477752685546875,0.0213775634765625,0.9965057373046875
1647870841590,2022-03-21T13:54:01.590,unknown,-0.0473175048828125,0.022247314453125,0.9906463623046875
1647870841689,2022-03-21T13:54:01.689,unknown,-0.0484771728515625,0.0206451416015625,0.9976348876953125
1647870841789,2022-03-21T13:54:01.789,unknown,-0.0484619140625,0.021209716796875,0.993499755859375
1647870841888,2022-03-21T13:54:01.888,unknown,-0.047760009765625,0.0204010009765625,0.9920806884765625
1647870841988,2022-03-21T13:54:01.988,unknown,-0.0476837158203125,0.0220184326171875,0.9974517822265625
1647870842088,2022-03-21T13:54:02.088,unknown,-0.0484466552734375,0.021026611328125,0.9917449951171875
1647870842187,2022-03-21T13:54:02.187,unknown,-0.047821044921875,0.02154541015625,0.9953155517578125
1647870842287,2022-03-21T13:54:02.287,unknown,-0.048126220703125,0.021209716796875,0.9947967529296875
1647870842386,2022-03-21T13:54:02.386,unknown,-0.0478363037109375,0.020904541015625,0.993438720703125
1647870842486,2022-03-21T13:54:02.486,unknown,-0.0483245849609375,0.0211029052734375,0.9975738525390625
1647870842585,2022-03-21T13:54:02.585,unknown,-0.04791259765625,0.0210113525390625,0.992156982421875
1647870842685,2022-03-21T13:54:02.685,unknown,-0.048095703125,0.0205230712890625,0.99542236328125
1647870842785,2022-03-21T13:54:02.785,unknown,-0.048492431640625,0.0218048095703125,0.9961090087890625
1647870842884,2022-03-21T13:54:02.884,unknown,-0.04742431640625,0.021942138671875,0.9921875
1647870842984,2022-03-21T13:54:02.984,unknown,-0.0479888916015625,0.0217132568359375,0.9968719482421875
1647870843083,2022-03-21T13:54:03.083,unknown,-0.0484619140625,0.021728515625,0.9923858642578125
1647870843183,2022-03-21T13:54:03.183,unknown,-0.0482177734375,0.021240234375,0.994720458984375
1647870843282,2022-03-21T13:54:03.282,unknown,-0.0476531982421875,0.021148681640625,0.9947509765625
1647870843382,2022-03-21T13:54:03.382,unknown,-0.0481719970703125,0.0206146240234375,0.993682861328125
1647870843481,2022-03-21T13:54:03.481,unknown,-0.048095703125,0.021514892578125,0.9997711181640625
1647870843581,2022-03-21T13:54:03.581,unknown,-0.0478668212890625,0.021240234375,0.991485595703125
1647870843681,2022-03-21T13:54:03.681,unknown,-0.0476837158203125,0.0218658447265625,0.99627685546875
1647870843780,2022-03-21T13:54:03.780,unknown,-0.047882080078125,0.0216522216796875,0.9970855712890625
1647870843880,2022-03-21T13:54:03.880,unknown,-0.0476531982421875,0.0216064453125,0.99151611328125
1647870843979,2022-03-21T13:54:03.979,unknown,-0.04803466796875,0.021881103515625,0.996063232421875
1647870844079,2022-03-21T13:54:04.079,unknown,-0.04833984375,0.0211944580078125,0.9948577880859375
1647870844178,2022-03-21T13:54:04.178,unknown,-0.04840087890625,0.0217437744140625,0.995025634765625
1647870844278,2022-03-21T13:54:04.278,unknown,-0.047149658203125,0.0211639404296875,0.996124267578125
1647870844378,2022-03-21T13:54:04.378,unknown,-0.046966552734375,0.0203399658203125,0.9903564453125
1647870844477,2022-03-21T13:54:04.477,unknown,-0.0474090576171875,0.0215606689453125,0.996673583984375
1647870844577,2022-03-21T13:54:04.577,unknown,-0.04791259765625,0.0208282470703125,0.992584228515625
1647870844676,2022-03-21T13:54:04.676,unknown,-0.047637939453125,0.0213165283203125,0.994873046875
1647870844776,2022-03-21T13:54:04.776,unknown,-0.04827880859375,0.021514892578125,0.99664306640625
1647870844875,2022-03-21T13:54:04.875,unknown,-0.047698974609375,0.020965576171875,0.99285888671875
1647870844975,2022-03-21T13:54:04.975,unknown,-0.0480804443359375,0.0211639404296875,0.9976654052734375
1647870845075,2022-03-21T13:54:05.075,unknown,-0.0482330322265625,0.021514892578125,0.994537353515625
1647870845174,2022-03-21T13:54:05.174,unknown,-0.04730224609375,0.02166748046875,0.99481201171875
1647870845274,2022-03-21T13:54:05.274,unknown,-0.0482330322265625,0.0212554931640625,0.995147705078125
1647870845373,2022-03-21T13:54:05.373,unknown,-0.0478668212890625,0.0208587646484375,0.9923858642578125
1647870845473,2022-03-21T13:54:05.473,unknown,-0.0484771728515625,0.0213623046875,0.9959259033203125
1647870845572,2022-03-21T13:54:05.572,unknown,-0.04766845703125,0.021881103515625,0.99310302734375
1647870845672,2022-03-21T13:54:05.672,unknown,-0.0475921630859375,0.0204925537109375,0.994781494140625
1647870845772,2022-03-21T13:54:05.772,unknown,-0.0479583740234375,0.022430419921875,0.996917724609375
1647870845871,2022-03-21T13:54:05.871,unknown,-0.048065185546875,0.0213623046875,0.992218017578125
1647870845971,2022-03-21T13:54:05.971,unknown,-0.04827880859375,0.02044677734375,0.9971771240234375
1647870846070,2022-03-21T13:54:06.070,unknown,-0.0472412109375,0.0212554931640625,0.9927825927734375
1647870846170,2022-03-21T13:54:06.170,unknown,-0.0479736328125,0.02093505859375,0.9931640625
1647870846269,2022-03-21T13:54:06.269,unknown,-0.0482177734375,0.021148681640625,0.9971923828125
1647870846369,2022-03-21T13:54:06.369,unknown,-0.04736328125,0.02093505859375,0.99224853515625
1647870846469,2022-03-21T13:54:06.469,unknown,-0.0479736328125,0.0211334228515625,0.9958648681640625
1647870846568,2022-03-21T13:54:06.568,unknown,-0.04766845703125,0.0209197998046875,0.9939727783203125
1647870846668,2022-03-21T13:54:06.668,unknown,-0.0477142333984375,0.0215911865234375,0.9939422607421875
1647870846767,2022-03-21T13:54:06.767,unknown,-0.048431396484375,0.021697998046875,0.9976959228515625
1647870846867,2022-03-21T13:54:06.867,unknown,-0.04833984375,0.020965576171875,0.9906768798828125
1647870846966,2022-03-21T13:54:06.966,unknown,-0.0474700927734375,0.021026611328125,0.995025634765625
1647870847066,2022-03-21T13:54:07.066,unknown,-0.0475921630859375,0.021209716796875,0.9934539794921875
1647870847166,2022-03-21T13:54:07.166,unknown,-0.0484619140625,0.0212249755859375,0.992034912109375
1647870847265,2022-03-21T13:54:07.265,unknown,-0.0477142333984375,0.0212860107421875,0.99560546875
1647870847365,2022-03-21T13:54:07.365,unknown,-0.048065185546875,0.021636962890625,0.993316650390625
1647870847464,2022-03-21T13:54:07.464,unknown,-0.0479888916015625,0.0211944580078125,0.997314453125
1647870847564,2022-03-21T13:54:07.564,unknown,-0.047607421875,0.0213775634765625,0.9946746826171875
1647870847663,2022-03-21T13:54:07.663,unknown,-0.04730224609375,0.0203094482421875,0.993194580078125
1647870847763,2022-03-21T13:54:07.763,unknown,-0.0485687255859375,0.0208892822265625,0.9964447021484375
1647870847863,2022-03-21T13:54:07.863,unknown,-0.0472412109375,0.0205078125,0.9901580810546875
1647870847962,2022-03-21T13:54:07.962,unknown,-0.0479736328125,0.0216522216796875,0.9962615966796875
1647870848062,2022-03-21T13:54:08.062,unknown,-0.0476837158203125,0.0204925537109375,0.9933319091796875
1647870848161,2022-03-21T13:54:08.161,unknown,-0.0481109619140625,0.0222015380859375,0.993560791015625
1647870848261,2022-03-21T13:54:08.261,unknown,-0.047943115234375,0.0210723876953125,0.9971160888671875
1647870848360,2022-03-21T13:54:08.360,unknown,-0.04827880859375,0.021026611328125,0.99200439453125
1647870848460,2022-03-21T13:54:08.460,unknown,-0.0470733642578125,0.0211639404296875,0.99639892578125
1647870848560,2022-03-21T13:54:08.560,unknown,-0.0479736328125,0.0203704833984375,0.99493408203125
1647870848659,2022-03-21T13:54:08.659,unknown,-0.0482025146484375,0.021270751953125,0.99310302734375
1647870848759,2022-03-21T13:54:08.759,unknown,-0.0482635498046875,0.021331787109375,0.9972686767578125
1647870848858,2022-03-21T13:54:08.858,unknown,-0.0474090576171875,0.0218963623046875,0.9918212890625
1647870848958,2022-03-21T13:54:08.958,unknown,-0.0484771728515625,0.02191162109375,0.9957733154296875
1647870849057,2022-03-21T13:54:09.057,unknown,-0.0480804443359375,0.0219879150390625,0.9940032958984375
1647870849157,2022-03-21T13:54:09.157,unknown,-0.0479888916015625,0.021820068359375,0.9942474365234375
1647870849257,2022-03-21T13:54:09.257,unknown,-0.047637939453125,0.0208587646484375,0.997711181640625
1647870849356,2022-03-21T13:54:09.356,unknown,-0.048431396484375,0.020751953125,0.9912567138671875
1647870849456,2022-03-21T13:54:09.456,unknown,-0.0482177734375,0.02142333984375,0.9966278076171875
1647870849555,2022-03-21T13:54:09.555,unknown,-0.047576904296875,0.0213775634765625,0.99346923828125
1647870849655,2022-03-21T13:54:09.655,unknown,-0.0479278564453125,0.0216217041015625,0.993743896484375
1647870849754,2022-03-21T13:54:09.754,unknown,-0.0480499267578125,0.0208892822265625,0.9949188232421875
1647870849854,2022-03-21T13:54:09.854,unknown,-0.0476531982421875,0.0215911865234375,0.991485595703125
1647870849954,2022-03-21T13:54:09.954,unknown,-0.0474090576171875,0.0218048095703125,0.9979705810546875
1647870850053,2022-03-21T13:54:10.053,unknown,-0.048095703125,0.0213165283203125,0.9932708740234375
1647870850153,2022-03-21T13:54:10.153,unknown,-0.0480194091796875,0.0211944580078125,0.9934539794921875
1647870850252,2022-03-21T13:54:10.252,unknown,-0.048126220703125,0.020843505859375,0.99700927734375
1647870850352,2022-03-21T13:54:10.352,unknown,-0.04754638671875,0.0205230712890625,0.9918975830078125
1647870850451,2022-03-21T13:54:10.451,unknown,-0.0477294921875,0.021026611328125,0.996429443359375
1647870850551,2022-03-21T13:54:10.551,unknown,-0.047515869140625,0.0208282470703125,0.993865966796875
1647870850651,2022-03-21T13:54:10.651,unknown,-0.047698974609375,0.02142333984375,0.9942474365234375
1647870850750,2022-03-21T13:54:10.750,unknown,-0.04754638671875,0.0223541259765625,0.99609375
1647870850850,2022-03-21T13:54:10.850,unknown,-0.0477447509765625,0.021453857421875,0.9910125732421875
1647870850949,2022-03-21T13:54:10.949,unknown,-0.0481109619140625,0.0210418701171875,0.996185302734375
1647870851049,2022-03-21T13:54:11.049,unknown,-0.0473175048828125,0.0207061767578125,0.9936676025390625
1647870851148,2022-03-21T13:54:11.148,unknown,-0.04736328125,0.0211029052734375,0.994140625
1647870851248,2022-03-21T13:54:11.248,unknown,-0.0483245849609375,0.02130126953125,0.996826171875
1647870851348,2022-03-21T13:54:11.348,unknown,-0.0481109619140625,0.0220794677734375,0.99151611328125
1647870851447,2022-03-21T13:54:11.447,unknown,-0.047882080078125,0.0220184326171875,0.9979400634765625
1647870851547,2022-03-21T13:54:11.547,unknown,-0.048248291015625,0.0216522216796875,0.993896484375
1647870851646,2022-03-21T13:54:11.646,unknown,-0.0480804443359375,0.0216064453125,0.9952239990234375
1647870851746,2022-03-21T13:54:11.746,unknown,-0.0481719970703125,0.0211181640625,0.997650146484375
1647870851845,2022-03-21T13:54:11.845,unknown,-0.0483245849609375,0.0210113525390625,0.9925079345703125
1647870851945,2022-03-21T13:54:11.945,unknown,-0.0477752685546875,0.0208587646484375,0.9955291748046875
1647870852045,2022-03-21T13:54:12.045,unknown,-0.0475921630859375,0.02044677734375,0.9938507080078125
1647870852144,2022-03-21T13:54:12.144,unknown,-0.0477447509765625,0.0209808349609375,0.9939422607421875
1647870852244,2022-03-21T13:54:12.244,unknown,-0.048095703125,0.021331787109375,0.995941162109375
1647870852343,2022-03-21T13:54:12.343,unknown,-0.0480194091796875,0.0210113525390625,0.9910125732421875
1647870852443,2022-03-21T13:54:12.443,unknown,-0.0476226806640625,0.0211181640625,0.9977569580078125
1647870852542,2022-03-21T13:54:12.542,unknown,-0.0479736328125,0.0214691162109375,0.9938201904296875
1647870852642,2022-03-21T13:54:12.642,unknown,-0.04742431640625,0.0212860107421875,0.9940338134765625
1647870852742,2022-03-21T13:54:12.742,unknown,-0.04742431640625,0.021820068359375,0.9953765869140625
1647870852841,2022-03-21T13:54:12.841,unknown,-0.0476531982421875,0.0211639404296875,0.9918975830078125
1647870852941,2022-03-21T13:54:12.941,unknown,-0.048187255859375,0.022216796875,0.9954681396484375
1647870853040,2022-03-21T13:54:13.040,unknown,-0.047576904296875,0.02215576171875,0.9945526123046875
1647870853140,2022-03-21T13:54:13.140,unknown,-0.0475311279296875,0.020751953125,0.9929046630859375
1647870853239,2022-03-21T13:54:13.239,unknown,-0.0478515625,0.021392822265625,0.99749755859375
1647870853339,2022-03-21T13:54:13.339,unknown,-0.0478363037109375,0.0212249755859375,0.9912872314453125
1647870853439,2022-03-21T13:54:13.439,unknown,-0.047271728515625,0.0212860107421875,0.99462890625
1647870853538,2022-03-21T13:54:13.538,unknown,-0.047119140625,0.0213775634765625,0.995819091796875
1647870853638,2022-03-21T13:54:13.638,unknown,-0.0477447509765625,0.021026611328125,0.9924468994140625
1647870853737,2022-03-21T13:54:13.737,unknown,-0.0482025146484375,0.0216064453125,0.9977264404296875
1647870853837,2022-03-21T13:54:13.837,unknown,-0.04730224609375,0.020965576171875,0.990570068359375
1647870853936,2022-03-21T13:54:13.936,unknown,-0.0482177734375,0.0218658447265625,0.996734619140625
1647870854036,2022-03-21T13:54:14.036,unknown,-0.0484466552734375,0.0211944580078125,0.9947052001953125
1647870854136,2022-03-21T13:54:14.136,unknown,-0.0482177734375,0.0200958251953125,0.9906768798828125
1647870854235,2022-03-21T13:54:14.235,unknown,-0.0479736328125,0.0213775634765625,0.9968109130859375
1647870854335,2022-03-21T13:54:14.335,unknown,-0.0470123291015625,0.021087646484375,0.9910430908203125
1647870854434,2022-03-21T13:54:14.434,unknown,-0.047454833984375,0.021575927734375,0.994903564453125
1647870854534,2022-03-21T13:54:14.534,unknown,-0.0484161376953125,0.021392822265625,0.994903564453125
1647870854633,2022-03-21T13:54:14.633,unknown,-0.0478057861328125,0.0207061767578125,0.992767333984375
1647870854733,2022-03-21T13:54:14.733,unknown,-0.04779052734375,0.020965576171875,0.9980926513671875
1647870854833,2022-03-21T13:54:14.833,unknown,-0.0479583740234375,0.021453857421875,0.9922027587890625
1647870854932,2022-03-21T13:54:14.932,unknown,-0.0483551025390625,0.0222930908203125,0.9949188232421875
1647870855032,2022-03-21T13:54:15.032,unknown,-0.0483245849609375,0.021636962890625,0.99383544921875
1647870855131,2022-03-21T13:54:15.131,unknown,-0.04779052734375,0.0210418701171875,0.9926910400390625
1647870855231,2022-03-21T13:54:15.231,unknown,-0.0482940673828125,0.0213470458984375,0.9995880126953125
1647870855330,2022-03-21T13:54:15.330,unknown,-0.0481109619140625,0.0214385986328125,0.9915924072265625
1647870855430,2022-03-21T13:54:15.430,unknown,-0.047454833984375,0.02203369140625,0.99456787109375
1647870855529,2022-03-21T13:54:15.529,unknown,-0.0483245849609375,0.02117919921875,0.9932861328125
1647870855629,2022-03-21T13:54:15.629,unknown,-0.0481719970703125,0.0212249755859375,0.9923858642578125
1647870855729,2022-03-21T13:54:15.729,unknown,-0.0485076904296875,0.0211944580078125,0.997955322265625
1647870855828,2022-03-21T13:54:15.828,unknown,-0.047332763671875,0.021759033203125,0.98883056640625
1647870855928,2022-03-21T13:54:15.928,unknown,-0.0485687255859375,0.0212860107421875,0.9951019287109375
1647870856027,2022-03-21T13:54:16.027,unknown,-0.0479278564453125,0.02191162109375,0.9964447021484375
1647870856127,2022-03-21T13:54:16.127,unknown,-0.0481109619140625,0.020721435546875,0.9923553466796875
1647870856226,2022-03-21T13:54:16.226,unknown,-0.0480194091796875,0.0209503173828125,0.9992523193359375
1647870856326,2022-03-21T13:54:16.326,unknown,-0.047607421875,0.02044677734375,0.993560791015625
1647870856426,2022-03-21T13:54:16.426,unknown,-0.047088623046875,0.0208740234375,0.9957733154296875
1647870856525,2022-03-21T13:54:16.525,unknown,-0.0479583740234375,0.0219268798828125,0.995208740234375
1647870856625,2022-03-21T13:54:16.625,unknown,-0.048614501953125,0.0207366943359375,0.9929046630859375
1647870856724,2022-03-21T13:54:16.724,unknown,-0.0480499267578125,0.0214080810546875,0.9968109130859375
1647870856824,2022-03-21T13:54:16.824,unknown,-0.0476837158203125,0.0210113525390625,0.9916534423828125
1647870856923,2022-03-21T13:54:16.923,unknown,-0.0482330322265625,0.0221099853515625,0.99774169921875
1647870857023,2022-03-21T13:54:17.023,unknown,-0.0480804443359375,0.0212554931640625,0.9950714111328125
1647870857123,2022-03-21T13:54:17.123,unknown,-0.0478668212890625,0.0217437744140625,0.993499755859375
1647870857222,2022-03-21T13:54:17.222,unknown,-0.0479583740234375,0.021392822265625,0.9977874755859375
1647870857322,2022-03-21T13:54:17.322,unknown,-0.0474395751953125,0.021575927734375,0.991943359375
1647870857421,2022-03-21T13:54:17.421,unknown,-0.0472869873046875,0.0201416015625,0.9956817626953125
1647870857521,2022-03-21T13:54:17.521,unknown,-0.0476531982421875,0.0214385986328125,0.9952545166015625
1647870857620,2022-03-21T13:54:17.620,unknown,-0.04827880859375,0.020477294921875,0.99072265625
1647870857720,2022-03-21T13:54:17.720,unknown,-0.045806884765625,0.0075225830078125,0.995330810546875
1647870857820,2022-03-21T13:54:17.820,unknown,-0.0518646240234375,0.043792724609375,0.9942626953125
1647870857919,2022-03-21T13:54:17.919,unknown,-0.0460205078125,0.0033111572265625,0.9934844970703125
1647870858019,2022-03-21T13:54:18.019,unknown,-0.050140380859375,0.038909912109375,0.99951171875
1647870858118,2022-03-21T13:54:18.118,unknown,-0.0424957275390625,0.00494384765625,0.9881439208984375
1647870858218,2022-03-21T13:54:18.218,unknown,-0.053314208984375,0.0382843017578125,0.9989166259765625
1647870858317,2022-03-21T13:54:18.317,unknown,-0.043914794921875,0.0038604736328125,0.9891510009765625
1647870858417,2022-03-21T13:54:18.417,unknown,-0.0483245849609375,0.0387420654296875,0.996826171875
1647870858517,2022-03-21T13:54:18.517,unknown,-0.04718017578125,0.0037384033203125,0.993682861328125
1647870858616,2022-03-21T13:54:18.616,unknown,-0.0514678955078125,0.0382843017578125,0.993682861328125
1647870858716,2022-03-21T13:54:18.716,unknown,-0.0439605712890625,0.005889892578125,0.996002197265625
1647870858815,2022-03-21T13:54:18.815,unknown,-0.051727294921875,0.036651611328125,0.995086669921875
1647870858915,2022-03-21T13:54:18.915,unknown,-0.0458526611328125,0.0070648193359375,0.9945220947265625
1647870859014,2022-03-21T13:54:19.014,unknown,-0.0485076904296875,0.03387451171875,0.9970245361328125
1647870859114,2022-03-21T13:54:19.114,unknown,-0.0474090576171875,0.0086517333984375,0.9900054931640625
1647870859214,2022-03-21T13:54:19.214,unknown,-0.04974365234375,0.03155517578125,0.998565673828125
1647870859313,2022-03-21T13:54:19.313,unknown,-0.0456695556640625,0.0124359130859375,0.991363525390625
1647870859413,2022-03-21T13:54:19.413,unknown,-0.0496826171875,0.029815673828125,0.9956817626953125
1647870859512,2022-03-21T13:54:19.512,unknown,-0.04693603515625,0.014312744140625,0.9947662353515625
1647870859612,2022-03-21T13:54:19.612,unknown,-0.0479888916015625,0.0276031494140625,0.9925079345703125
1647870859711,2022-03-21T13:54:19.711,unknown,-0.0478668212890625,0.015960693359375,0.9988555908203125
1647870859811,2022-03-21T13:54:19.811,unknown,-0.0485687255859375,0.0235595703125,0.99365234375
1647870859911,2022-03-21T13:54:19.911,unknown,-0.047119140625,0.018890380859375,0.9935760498046875
1647870860010,2022-03-21T13:54:20.010,unknown,-0.0486297607421875,0.0228729248046875,0.9971923828125
1647870860110,2022-03-21T13:54:20.110,unknown,-0.047271728515625,0.021697998046875,0.991668701171875
1647870860209,2022-03-21T13:54:20.209,unknown,-0.047027587890625,0.02105712890625,0.996917724609375
1647870860309,2022-03-21T13:54:20.309,unknown,-0.04833984375,0.022735595703125,0.99462890625
1647870860408,2022-03-21T13:54:20.408,unknown,-0.0470123291015625,0.0192718505859375,0.9940032958984375
1647870860508,2022-03-21T13:54:20.508,unknown,-0.048248291015625,0.024993896484375,0.9962310791015625
1647870860608,2022-03-21T13:54:20.608,unknown,-0.04754638671875,0.0171051025390625,0.99127197265625
1647870860707,2022-03-21T13:54:20.707,unknown,-0.0485992431640625,0.0248870849609375,0.9982452392578125
1647870860807,2022-03-21T13:54:20.807,unknown,-0.04730224609375,0.018524169921875,0.992401123046875
1647870860906,2022-03-21T13:54:20.906,unknown,-0.0486907958984375,0.0247344970703125,0.99237060546875
1647870861006,2022-03-21T13:54:21.006,unknown,-0.0477752685546875,0.01776123046875,0.9964141845703125
1647870861105,2022-03-21T13:54:21.105,unknown,-0.048248291015625,0.025360107421875,0.992889404296875
1647870861205,2022-03-21T13:54:21.205,unknown,-0.0467071533203125,0.0172882080078125,0.9969482421875
1647870861305,2022-03-21T13:54:21.305,unknown,-0.0483551025390625,0.0247955322265625,0.993927001953125
1647870861404,2022-03-21T13:54:21.404,unknown,-0.0465087890625,0.0172882080078125,0.99322509765625
1647870861504,2022-03-21T13:54:21.504,unknown,-0.0484619140625,0.0238494873046875,0.9973907470703125
1647870861603,2022-03-21T13:54:21.603,unknown,-0.0474090576171875,0.0183563232421875,0.99163818359375
1647870861703,2022-03-21T13:54:21.703,unknown,-0.0488433837890625,0.0237579345703125,0.9962615966796875
1647870861802,2022-03-21T13:54:21.802,unknown,-0.0468597412109375,0.018218994140625,0.9940185546875
1647870861902,2022-03-21T13:54:21.902,unknown,-0.0481109619140625,0.0228729248046875,0.9925689697265625
1647870862002,2022-03-21T13:54:22.002,unknown,-0.046722412109375,0.020111083984375,0.9970703125
1647870862101,2022-03-21T13:54:22.101,unknown,-0.0476226806640625,0.0216217041015625,0.9910125732421875
1647870862201,2022-03-21T13:54:22.201,unknown,-0.048736572265625,0.02069091796875,0.9970703125
1647870862300,2022-03-21T13:54:22.300,unknown,-0.04766845703125,0.02178955078125,0.992218017578125
1647870862400,2022-03-21T13:54:22.400,unknown,-0.0475311279296875,0.02130126953125,0.99237060546875
1647870862499,2022-03-21T13:54:22.499,unknown,-0.048431396484375,0.0200653076171875,0.9957122802734375
1647870862599,2022-03-21T13:54:22.599,unknown,-0.0483245849609375,0.022186279296875,0.9928436279296875
1647870862699,2022-03-21T13:54:22.699,unknown,-0.04730224609375,0.019989013671875,0.99755859375
1647870862798,2022-03-21T13:54:22.798,unknown,-0.0482177734375,0.0220489501953125,0.993011474609375
1647870862898,2022-03-21T13:54:22.898,unknown,-0.048126220703125,0.0198974609375,0.9926605224609375
1647870862997,2022-03-21T13:54:22.997,unknown,-0.04791259765625,0.0236358642578125,0.9962310791015625
1647870863097,2022-03-21T13:54:23.097,unknown,-0.0472412109375,0.0197296142578125,0.9901885986328125
1647870863196,2022-03-21T13:54:23.196,unknown,-0.04815673828125,0.022430419921875,0.9986572265625
1647870863296,2022-03-21T13:54:23.296,unknown,-0.0484161376953125,0.019927978515625,0.995330810546875
1647870863396,2022-03-21T13:54:23.396,unknown,-0.0478363037109375,0.022308349609375,0.9925384521484375
1647870863495,2022-03-21T13:54:23.495,unknown,-0.0477294921875,0.0197296142578125,0.9950408935546875
1647870863595,2022-03-21T13:54:23.595,unknown,-0.0482635498046875,0.0220184326171875,0.99285888671875
1647870863694,2022-03-21T13:54:23.694,unknown,-0.0481414794921875,0.0204620361328125,0.9968109130859375
1647870863794,2022-03-21T13:54:23.794,unknown,-0.047637939453125,0.02166748046875,0.995513916015625
1647870863893,2022-03-21T13:54:23.893,unknown,-0.0474853515625,0.0204925537109375,0.9923248291015625
1647870863993,2022-03-21T13:54:23.993,unknown,-0.0476531982421875,0.0215301513671875,0.994384765625
1647870864093,2022-03-21T13:54:24.093,unknown,-0.0487060546875,0.0213623046875,0.992919921875
1647870864192,2022-03-21T13:54:24.192,unknown,-0.0484161376953125,0.0211639404296875,0.994049072265625
1647870864292,2022-03-21T13:54:24.292,unknown,-0.0481109619140625,0.0208892822265625,0.995574951171875
1647870864391,2022-03-21T13:54:24.391,unknown,-0.0474700927734375,0.02044677734375,0.9929656982421875
1647870864491,2022-03-21T13:54:24.491,unknown,-0.0479278564453125,0.02105712890625,0.997039794921875
1647870864590,2022-03-21T13:54:24.590,unknown,-0.0484466552734375,0.0204925537109375,0.9918212890625
1647870864690,2022-03-21T13:54:24.690,unknown,-0.04803466796875,0.0216827392578125,0.9940032958984375
1647870864790,2022-03-21T13:54:24.790,unknown,-0.0471343994140625,0.0203704833984375,0.9959869384765625
1647870864889,2022-03-21T13:54:24.889,unknown,-0.048126220703125,0.0214080810546875,0.992431640625
1647870864989,2022-03-21T13:54:24.989,unknown,-0.0487823486328125,0.0208740234375,0.9971160888671875
1647870865088,2022-03-21T13:54:25.088,unknown,-0.04791259765625,0.021820068359375,0.993072509765625
1647870865188,2022-03-21T13:54:25.188,unknown,-0.0478973388671875,0.0206298828125,0.9954376220703125
1647870865287,2022-03-21T13:54:25.287,unknown,-0.04791259765625,0.0216064453125,0.99554443359375
1647870865387,2022-03-21T13:54:25.387,unknown,-0.049163818359375,0.0205841064453125,0.9933319091796875
1647870865487,2022-03-21T13:54:25.487,unknown,-0.0462493896484375,0.016357421875,0.9931640625
1647870865586,2022-03-21T13:54:25.586,unknown,-0.0441436767578125,0.0263671875,0.99005126953125
1647870865686,2022-03-21T13:54:25.686,unknown,-0.050811767578125,0.0218048095703125,0.9936676025390625
1647870865785,2022-03-21T13:54:25.785,unknown,-0.0469207763671875,0.0199737548828125,0.9951324462890625
1647870865885,2022-03-21T13:54:25.885,unknown,-0.0439300537109375,0.0242919921875,0.9951171875
1647870865984,2022-03-21T13:54:25.984,unknown,-0.0463714599609375,0.01837158203125,0.9983673095703125
1647870866084,2022-03-21T13:54:26.084,unknown,-0.0577239990234375,0.012359619140625,0.9898223876953125
1647870866183,2022-03-21T13:54:26.183,unknown,-0.0452423095703125,0.0301361083984375,0.99530029296875
1647870866283,2022-03-21T13:54:26.283,unknown,-0.042510986328125,0.015228271484375,0.9919281005859375
1647870866383,2022-03-21T13:54:26.383,unknown,-0.0572509765625,0.0214691162109375,0.993072509765625
1647870866482,2022-03-21T13:54:26.482,unknown,-0.0415802001953125,0.0175933837890625,0.9964141845703125
1647870866582,2022-03-21T13:54:26.582,unknown,-0.0420684814453125,0.02105712890625,0.9920501708984375
1647870866681,2022-03-21T13:54:26.681,unknown,-0.06121826171875,0.0187530517578125,0.9966888427734375
1647870866781,2022-03-21T13:54:26.781,unknown,-0.04058837890625,0.0228271484375,0.99407958984375
1647870866880,2022-03-21T13:54:26.880,unknown,-0.0417022705078125,0.016693115234375,0.988189697265625
1647870866980,2022-03-21T13:54:26.980,unknown,-0.067413330078125,0.015533447265625,0.9998931884765625
1647870867080,2022-03-21T13:54:27.080,unknown,-0.0313720703125,0.0318603515625,0.99310302734375
1647870867179,2022-03-21T13:54:27.179,unknown,-0.04364013671875,0.016571044921875,0.99591064453125
1647870867279,2022-03-21T13:54:27.279,unknown,-0.064697265625,0.0212860107421875,0.99658203125
1647870867378,2022-03-21T13:54:27.378,unknown,-0.0372161865234375,0.0189666748046875,0.9924468994140625
1647870867478,2022-03-21T13:54:27.478,unknown,-0.0453033447265625,0.026947021484375,1.0014495849609375
1647870867577,2022-03-21T13:54:27.577,unknown,-0.0568084716796875,0.0165252685546875,0.9908599853515625
1647870867677,2022-03-21T13:54:27.677,unknown,-0.0454254150390625,0.0256195068359375,0.9968109130859375
1647870867777,2022-03-21T13:54:27.777,unknown,-0.0438079833984375,0.0224609375,0.995147705078125
1647870867876,2022-03-21T13:54:27.876,unknown,-0.0511322021484375,0.0201263427734375,0.99664306640625
1647870867976,2022-03-21T13:54:27.976,unknown,-0.0461578369140625,0.0195465087890625,0.9965362548828125
1647870868075,2022-03-21T13:54:28.075,unknown,-0.0474395751953125,0.0224151611328125,0.9925384521484375
1647870868175,2022-03-21T13:54:28.175,unknown,-0.047607421875,0.0195770263671875,0.9961700439453125
1647870868274,2022-03-21T13:54:28.274,unknown,-0.0535888671875,0.019287109375,0.9930877685546875
1647870868374,2022-03-21T13:54:28.374,unknown,-0.0420379638671875,0.0211181640625,0.99310302734375
1647870868474,2022-03-21T13:54:28.474,unknown,-0.0432891845703125,0.0169525146484375,0.99676513671875
1647870868573,2022-03-21T13:54:28.573,unknown,-0.0472412109375,0.0257720947265625,0.992706298828125
1647870868673,2022-03-21T13:54:28.673,unknown,-0.0594329833984375,0.014556884765625,0.9962921142578125
1647870868772,2022-03-21T13:54:28.772,unknown,-0.0435791015625,0.02813720703125,0.9965362548828125
1647870868872,2022-03-21T13:54:28.872,unknown,-0.0425567626953125,0.01416015625,0.9959869384765625
1647870868971,2022-03-21T13:54:28.971,unknown,-0.052734375,0.0246734619140625,0.99932861328125
1647870869071,2022-03-21T13:54:29.071,unknown,-0.051971435546875,0.020355224609375,0.9965972900390625
1647870869171,2022-03-21T13:54:29.171,unknown,-0.0419769287109375,0.0159454345703125,1.0007476806640625
1647870869270,2022-03-21T13:54:29.270,unknown,-0.0495147705078125,0.0267486572265625,0.9928741455078125
1647870869370,2022-03-21T13:54:29.370,unknown,-0.0501708984375,0.0123748779296875,0.9893951416015625
1647870869469,2022-03-21T13:54:29.469,unknown,-0.0466461181640625,0.0272216796875,1.000762939453125
1647870869569,2022-03-21T13:54:29.569,unknown,-0.0456695556640625,0.015472412109375,0.989654541015625
1647870869668,2022-03-21T13:54:29.668,unknown,-0.05218505859375,0.024322509765625,0.995574951171875
1647870869768,2022-03-21T13:54:29.768,unknown,-0.0450439453125,0.01544189453125,0.9897308349609375
1647870869868,2022-03-21T13:54:29.868,unknown,-0.047393798828125,0.024200439453125,0.99468994140625
1647870869967,2022-03-21T13:54:29.967,unknown,-0.0492095947265625,0.0170135498046875,1.0061492919921875
1647870870067,2022-03-21T13:54:30.067,unknown,-0.0471649169921875,0.023193359375,0.99505615234375
1647870870166,2022-03-21T13:54:30.166,unknown,-0.0458984375,0.0178680419921875,0.997894287109375
1647870870266,2022-03-21T13:54:30.266,unknown,-0.049591064453125,0.022064208984375,0.989837646484375
1647870870365,2022-03-21T13:54:30.365,unknown,-0.046783447265625,0.01873779296875,0.9920196533203125
1647870870465,2022-03-21T13:54:30.465,unknown,-0.0478515625,0.0221405029296875,0.9956817626953125
1647870870565,2022-03-21T13:54:30.565,unknown,-0.0484161376953125,0.0191650390625,0.9932861328125
1647870870664,2022-03-21T13:54:30.664,unknown,-0.0487518310546875,0.02081298828125,0.9970703125
1647870870764,2022-03-21T13:54:30.764,unknown,-0.0471343994140625,0.0192108154296875,0.9955902099609375
1647870870863,2022-03-21T13:54:30.863,unknown,-0.0485382080078125,0.021270751953125,0.9910888671875
1647870870963,2022-03-21T13:54:30.963,unknown,-0.049102783203125,0.0198974609375,0.99957275390625
1647870871062,2022-03-21T13:54:31.062,unknown,-0.0476226806640625,0.0200958251953125,0.9915618896484375
1647870871162,2022-03-21T13:54:31.162,unknown,-0.0474700927734375,0.0206298828125,0.9957427978515625
1647870871262,2022-03-21T13:54:31.262,unknown,-0.0478973388671875,0.0201416015625,0.9946746826171875
1647870871361,2022-03-21T13:54:31.361,unknown,-0.0472412109375,0.0216064453125,0.9963226318359375
1647870871461,2022-03-21T13:54:31.461,unknown,-0.0503997802734375,0.0191650390625,0.9982452392578125
1647870871560,2022-03-21T13:54:31.560,unknown,-0.046234130859375,0.0225067138671875,0.989593505859375
1647870871660,2022-03-21T13:54:31.660,unknown,-0.0465850830078125,0.01885986328125,0.993408203125
1647870871759,2022-03-21T13:54:31.759,unknown,-0.05078125,0.0224761962890625,0.9965362548828125
1647870871859,2022-03-21T13:54:31.859,unknown,-0.047515869140625,0.0189666748046875,0.9937896728515625
1647870871959,2022-03-21T13:54:31.959,unknown,-0.0470733642578125,0.0217132568359375,0.99505615234375
1647870872058,2022-03-21T13:54:32.058,unknown,-0.04827880859375,0.0188751220703125,0.9874114990234375
1647870872158,2022-03-21T13:54:32.158,unknown,-0.0483551025390625,0.0214385986328125,1.003936767578125
1647870872257,2022-03-21T13:54:32.257,unknown,-0.0469970703125,0.019683837890625,0.99664306640625
1647870872357,2022-03-21T13:54:32.357,unknown,-0.048553466796875,0.02105712890625,0.98638916015625
1647870872456,2022-03-21T13:54:32.456,unknown,-0.0478057861328125,0.0197906494140625,0.9954681396484375
1647870872556,2022-03-21T13:54:32.556,unknown,-0.0478668212890625,0.021392822265625,0.9974822998046875
1647870872656,2022-03-21T13:54:32.656,unknown,-0.047515869140625,0.019622802734375,0.9934844970703125
1647870872755,2022-03-21T13:54:32.755,unknown,-0.0486297607421875,0.0212554931640625,0.9916839599609375
1647870872855,2022-03-21T13:54:32.855,unknown,-0.046295166015625,0.01959228515625,0.9952545166015625
1647870872954,2022-03-21T13:54:32.954,unknown,-0.0471343994140625,0.0207061767578125,0.99835205078125
1647870873054,2022-03-21T13:54:33.054,unknown,-0.0479278564453125,0.019256591796875,0.99139404296875
1647870873153,2022-03-21T13:54:33.153,unknown,-0.048431396484375,0.0206756591796875,0.9937591552734375
1647870873253,2022-03-21T13:54:33.253,unknown,-0.0484466552734375,0.019256591796875,0.9947967529296875
1647870873353,2022-03-21T13:54:33.353,unknown,-0.04791259765625,0.020355224609375,0.992340087890625
1647870873452,2022-03-21T13:54:33.452,unknown,-0.047943115234375,0.0198516845703125,0.9969329833984375
1647870873552,2022-03-21T13:54:33.552,unknown,-0.048248291015625,0.02032470703125,0.991455078125
1647870873651,2022-03-21T13:54:33.651,unknown,-0.04815673828125,0.02032470703125,0.9946441650390625
1647870873751,2022-03-21T13:54:33.751,unknown,-0.0473785400390625,0.0204925537109375,0.9946441650390625
1647870873850,2022-03-21T13:54:33.850,unknown,-0.0468902587890625,0.019866943359375,0.992523193359375
1647870873950,2022-03-21T13:54:33.950,unknown,-0.0474090576171875,0.0225830078125,0.9976654052734375
1647870874050,2022-03-21T13:54:34.050,unknown,-0.050750732421875,0.019500732421875,0.992279052734375
1647870874149,2022-03-21T13:54:34.149,unknown,-0.0443267822265625,0.02032470703125,0.9946136474609375
1647870874249,2022-03-21T13:54:34.249,unknown,-0.047760009765625,0.0205841064453125,0.9928741455078125
1647870874348,2022-03-21T13:54:34.348,unknown,-0.05029296875,0.0194854736328125,0.9922637939453125
1647870874448,2022-03-21T13:54:34.448,unknown,-0.04583740234375,0.0192718505859375,0.9964141845703125
1647870874547,2022-03-21T13:54:34.547,unknown,-0.0490875244140625,0.0216522216796875,0.9927825927734375
1647870874647,2022-03-21T13:54:34.647,unknown,-0.0492095947265625,0.0197906494140625,0.99615478515625
1647870874747,2022-03-21T13:54:34.747,unknown,-0.046783447265625,0.021209716796875,0.9964752197265625
1647870874846,2022-03-21T13:54:34.846,unknown,-0.04815673828125,0.01995849609375,0.9920806884765625
1647870874946,2022-03-21T13:54:34.946,unknown,-0.0491180419921875,0.0192718505859375,0.9985198974609375
1647870875045,2022-03-21T13:54:35.045,unknown,-0.0464324951171875,0.0208892822265625,0.992279052734375
1647870875145,2022-03-21T13:54:35.145,unknown,-0.047698974609375,0.02032470703125,0.995849609375
1647870875244,2022-03-21T13:54:35.244,unknown,-0.048919677734375,0.0200347900390625,0.993408203125
1647870875344,2022-03-21T13:54:35.344,unknown,-0.04644775390625,0.0203399658203125,0.9906768798828125
1647870875444,2022-03-21T13:54:35.444,unknown,-0.048126220703125,0.019805908203125,0.9963226318359375
1647870875543,2022-03-21T13:54:35.543,unknown,-0.0486297607421875,0.01934814453125,0.9911346435546875
1647870875643,2022-03-21T13:54:35.643,unknown,-0.0467071533203125,0.02001953125,0.9948272705078125
1647870875742,2022-03-21T13:54:35.742,unknown,-0.048248291015625,0.0200653076171875,0.9947052001953125
1647870875842,2022-03-21T13:54:35.842,unknown,-0.048919677734375,0.019744873046875,0.9920501708984375
1647870875941,2022-03-21T13:54:35.941,unknown,-0.0475921630859375,0.01995849609375,0.9952545166015625
1647870876041,2022-03-21T13:54:36.041,unknown,-0.0483551025390625,0.020904541015625,0.991485595703125
1647870876141,2022-03-21T13:54:36.141,unknown,-0.04754638671875,0.020416259765625,0.9947509765625
1647870876240,2022-03-21T13:54:36.240,unknown,-0.0477752685546875,0.0205535888671875,0.9935760498046875
1647870876340,2022-03-21T13:54:36.340,unknown,-0.0484466552734375,0.020751953125,0.9923095703125
1647870876439,2022-03-21T13:54:36.439,unknown,-0.0469818115234375,0.0201873779296875,0.997650146484375
1647870876539,2022-03-21T13:54:36.539,unknown,-0.047882080078125,0.019805908203125,0.9925079345703125
1647870876638,2022-03-21T13:54:36.638,unknown,-0.0469970703125,0.020263671875,0.995147705078125
1647870876738,2022-03-21T13:54:36.738,unknown,-0.0487518310546875,0.0208587646484375,0.995330810546875
1647870876837,2022-03-21T13:54:36.837,unknown,-0.04681396484375,0.0182342529296875,0.990753173828125
1647870876937,2022-03-21T13:54:36.937,unknown,-0.047760009765625,0.02325439453125,0.996856689453125
1647870877037,2022-03-21T13:54:37.037,unknown,-0.0489044189453125,0.0188140869140625,0.9915771484375
1647870877136,2022-03-21T13:54:37.136,unknown,-0.04669189453125,0.02166748046875,0.9943695068359375
1647870877236,2022-03-21T13:54:37.236,unknown,-0.0501861572265625,0.01727294921875,0.9950714111328125
1647870877335,2022-03-21T13:54:37.335,unknown,-0.0461273193359375,0.0199127197265625,0.99249267578125
1647870877435,2022-03-21T13:54:37.435,unknown,-0.04010009765625,0.0238189697265625,0.9964447021484375
1647870877534,2022-03-21T13:54:37.534,unknown,-0.0605316162109375,0.0184783935546875,0.9918975830078125
1647870877634,2022-03-21T13:54:37.634,unknown,-0.0460052490234375,0.021728515625,0.99346923828125
1647870877734,2022-03-21T13:54:37.734,unknown,-0.0390625,0.0216217041015625,0.9960784912109375
1647870877833,2022-03-21T13:54:37.833,unknown,-0.0558929443359375,0.0161590576171875,0.990814208984375
1647870877933,2022-03-21T13:54:37.933,unknown,-0.0481109619140625,0.0193023681640625,0.99658203125
1647870878032,2022-03-21T13:54:38.032,unknown,-0.03936767578125,0.020660400390625,0.9927215576171875
1647870878132,2022-03-21T13:54:38.132,unknown,-0.055419921875,0.01788330078125,0.9948883056640625
1647870878231,2022-03-21T13:54:38.231,unknown,-0.0455474853515625,0.019927978515625,0.9966583251953125
1647870878331,2022-03-21T13:54:38.331,unknown,-0.045013427734375,0.0111083984375,0.990570068359375
1647870878431,2022-03-21T13:54:38.431,unknown,-0.0624542236328125,0.04425048828125,1.002960205078125
1647870878530,2022-03-21T13:54:38.530,unknown,-0.0299835205078125,0.016845703125,0.9941558837890625
1647870878630,2022-03-21T13:54:38.630,unknown,-0.069793701171875,0.020294189453125,0.9948272705078125
1647870878729,2022-03-21T13:54:38.729,unknown,-0.0393524169921875,0.0235137939453125,0.996063232421875
1647870878829,2022-03-21T13:54:38.829,unknown,-0.0383758544921875,0.0148468017578125,0.98797607421875
1647870878928,2022-03-21T13:54:38.928,unknown,-0.0568695068359375,0.018157958984375,0.996124267578125
1647870879028,2022-03-21T13:54:39.028,unknown,-0.0474700927734375,0.0188140869140625,0.991851806640625
1647870879128,2022-03-21T13:54:39.128,unknown,-0.039825439453125,0.0223388671875,0.994476318359375
1647870879227,2022-03-21T13:54:39.227,unknown,-0.05413818359375,0.0210418701171875,0.99560546875
1647870879327,2022-03-21T13:54:39.327,unknown,-0.0471649169921875,0.0230865478515625,0.99151611328125
1647870879426,2022-03-21T13:54:39.426,unknown,-0.0490570068359375,0.017486572265625,0.9959716796875
1647870879526,2022-03-21T13:54:39.526,unknown,-0.0448760986328125,0.02410888671875,0.993682861328125
1647870879625,2022-03-21T13:54:39.625,unknown,-0.0477447509765625,0.0244140625,0.9909820556640625
1647870879725,2022-03-21T13:54:39.725,unknown,-0.053253173828125,0.025177001953125,0.9963531494140625
1647870879825,2022-03-21T13:54:39.825,unknown,-0.0422210693359375,0.02239990234375,0.9919281005859375
1647870879924,2022-03-21T13:54:39.924,unknown,-0.0504150390625,0.018402099609375,0.998199462890625
1647870880024,2022-03-21T13:54:40.024,unknown,-0.052825927734375,0.0253143310546875,0.9941253662109375
1647870880123,2022-03-21T13:54:40.123,unknown,-0.0419158935546875,0.0179290771484375,0.99359130859375
1647870880223,2022-03-21T13:54:40.223,unknown,-0.0518951416015625,0.01849365234375,0.9976348876953125
1647870880322,2022-03-21T13:54:40.322,unknown,-0.049774169921875,0.0194854736328125,0.9919891357421875
1647870880422,2022-03-21T13:54:40.422,unknown,-0.0405120849609375,0.0244598388671875,0.9981689453125
1647870880522,2022-03-21T13:54:40.522,unknown,-0.0519561767578125,0.0175018310546875,0.9909210205078125
1647870880621,2022-03-21T13:54:40.621,unknown,-0.046783447265625,0.02252197265625,0.9944305419921875
1647870880721,2022-03-21T13:54:40.721,unknown,-0.0462646484375,0.0185394287109375,0.99658203125
1647870880820,2022-03-21T13:54:40.820,unknown,-0.049774169921875,0.0210418701171875,0.9903106689453125
1647870880920,2022-03-21T13:54:40.920,unknown,-0.0475006103515625,0.0202178955078125,0.9954071044921875
1647870881019,2022-03-21T13:54:41.019,unknown,-0.0461578369140625,0.020111083984375,0.992462158203125
1647870881119,2022-03-21T13:54:41.119,unknown,-0.0489349365234375,0.0213775634765625,0.9951171875
1647870881219,2022-03-21T13:54:41.219,unknown,-0.0478515625,0.0205230712890625,0.9966278076171875
1647870881318,2022-03-21T13:54:41.318,unknown,-0.048431396484375,0.0199127197265625,0.9910125732421875
1647870881418,2022-03-21T13:54:41.418,unknown,-0.0482330322265625,0.0204925537109375,0.9976043701171875
1647870881517,2022-03-21T13:54:41.517,unknown,-0.046966552734375,0.0211334228515625,0.993011474609375
1647870881617,2022-03-21T13:54:41.617,unknown,-0.0490875244140625,0.021759033203125,0.9937591552734375
1647870881716,2022-03-21T13:54:41.716,unknown,-0.048736572265625,0.0177459716796875,0.996856689453125
1647870881816,2022-03-21T13:54:41.816,unknown,-0.04730224609375,0.022186279296875,0.9924163818359375
1647870881916,2022-03-21T13:54:41.916,unknown,-0.044036865234375,0.0207366943359375,0.9986419677734375
1647870882015,2022-03-21T13:54:42.015,unknown,-0.05169677734375,0.01727294921875,0.9917449951171875
1647870882115,2022-03-21T13:54:42.115,unknown,-0.047760009765625,0.0192413330078125,0.99481201171875
1647870882214,2022-03-21T13:54:42.214,unknown,-0.044586181640625,0.0187530517578125,0.9949188232421875
1647870882314,2022-03-21T13:54:42.314,unknown,-0.05218505859375,0.020843505859375,0.9914703369140625
1647870882413,2022-03-21T13:54:42.413,unknown,-0.04534912109375,0.0212554931640625,0.99774169921875
1647870882513,2022-03-21T13:54:42.513,unknown,-0.0467071533203125,0.022308349609375,0.99176025390625
1647870882613,2022-03-21T13:54:42.613,unknown,-0.05035400390625,0.019012451171875,0.9954071044921875
1647870882712,2022-03-21T13:54:42.712,unknown,-0.0455322265625,0.0218048095703125,0.9947967529296875
1647870882812,2022-03-21T13:54:42.812,unknown,-0.0463104248046875,0.019439697265625,0.992279052734375
1647870882911,2022-03-21T13:54:42.911,unknown,-0.050018310546875,0.0191192626953125,0.998565673828125
1647870883011,2022-03-21T13:54:43.011,unknown,-0.0468902587890625,0.019561767578125,0.992462158203125
1647870883110,2022-03-21T13:54:43.110,unknown,-0.04656982421875,0.020050048828125,0.995391845703125
1647870883210,2022-03-21T13:54:43.210,unknown,-0.0493927001953125,0.02044677734375,0.9954071044921875
1647870883310,2022-03-21T13:54:43.310,unknown,-0.046722412109375,0.0206298828125,0.99163818359375
1647870883409,2022-03-21T13:54:43.409,unknown,-0.047760009765625,0.0204315185546875,0.9972991943359375
1647870883509,2022-03-21T13:54:43.509,unknown,-0.049163818359375,0.0197601318359375,0.9932708740234375
1647870883608,2022-03-21T13:54:43.608,unknown,-0.0462799072265625,0.0203704833984375,0.9966888427734375
1647870883708,2022-03-21T13:54:43.708,unknown,-0.0478363037109375,0.0198211669921875,0.995025634765625
1647870883807,2022-03-21T13:54:43.807,unknown,-0.048004150390625,0.0199127197265625,0.9933319091796875
1647870883907,2022-03-21T13:54:43.907,unknown,-0.0474853515625,0.021240234375,0.9969482421875
1647870884007,2022-03-21T13:54:44.007,unknown,-0.0478363037109375,0.0198516845703125,0.991302490234375
1647870884106,2022-03-21T13:54:44.106,unknown,-0.04864501953125,0.020172119140625,0.9955902099609375
1647870884206,2022-03-21T13:54:44.206,unknown,-0.046630859375,0.0202789306640625,0.9960479736328125
1647870884305,2022-03-21T13:54:44.305,unknown,-0.047637939453125,0.01898193359375,0.992889404296875
1647870884405,2022-03-21T13:54:44.405,unknown,-0.047637939453125,0.0218658447265625,0.9985504150390625
1647870884504,2022-03-21T13:54:44.504,unknown,-0.0477142333984375,0.0189056396484375,0.9936065673828125
1647870884604,2022-03-21T13:54:44.604,unknown,-0.04852294921875,0.020599365234375,0.9949188232421875
1647870884704,2022-03-21T13:54:44.704,unknown,-0.04742431640625,0.0202178955078125,0.9946441650390625
1647870884803,2022-03-21T13:54:44.803,unknown,-0.04754638671875,0.0209503173828125,0.9928436279296875
1647870884903,2022-03-21T13:54:44.903,unknown,-0.0499267578125,0.0191650390625,0.9961395263671875
1647870885002,2022-03-21T13:54:45.002,unknown,-0.047882080078125,0.023406982421875,0.9929351806640625
1647870885102,2022-03-21T13:54:45.102,unknown,-0.0439910888671875,0.019256591796875,0.9970855712890625
1647870885201,2022-03-21T13:54:45.201,unknown,-0.051513671875,0.0203857421875,0.995574951171875
1647870885301,2022-03-21T13:54:45.301,unknown,-0.0475616455078125,0.01690673828125,0.992431640625
1647870885401,2022-03-21T13:54:45.401,unknown,-0.044036865234375,0.020965576171875,0.99700927734375
1647870945476,2022-03-21T13:55:45.476,unknown,-0.0479278564453125,0.0218353271484375,0.993438720703125
1647870945575,2022-03-21T13:55:45.575,unknown,-0.0478057861328125,0.0201568603515625,0.99237060546875
1647870945675,2022-03-21T13:55:45.675,unknown,-0.04736328125,0.0208587646484375,0.996551513671875
1647870945774,2022-03-21T13:55:45.774,unknown,-0.0482940673828125,0.0209197998046875,0.993743896484375
1647870945874,2022-03-21T13:55:45.874,unknown,-0.0482635498046875,0.020660400390625,0.9952850341796875
1647870945974,2022-03-21T13:55:45.974,unknown,-0.04852294921875,0.020294189453125,0.9946441650390625
1647870946073,2022-03-21T13:55:46.073,unknown,-0.0478668212890625,0.0205230712890625,0.9920654296875
1647870946173,2022-03-21T13:55:46.173,unknown,-0.0482940673828125,0.020751953125,0.996917724609375
1647870946272,2022-03-21T13:55:46.272,unknown,-0.047088623046875,0.0217437744140625,0.99169921875
1647870946372,2022-03-21T13:55:46.372,unknown,-0.0479736328125,0.0222320556640625,0.994842529296875
1647870946471,2022-03-21T13:55:46.471,unknown,-0.048065185546875,0.02203369140625,0.995086669921875
1647870946571,2022-03-21T13:55:46.571,unknown,-0.0475616455078125,0.0213470458984375,0.99169921875
1647870946671,2022-03-21T13:55:46.671,unknown,-0.047882080078125,0.0224151611328125,0.99664306640625
1647870946770,2022-03-21T13:55:46.770,unknown,-0.0472412109375,0.021026611328125,0.992156982421875
1647870946870,2022-03-21T13:55:46.870,unknown,-0.047210693359375,0.021087646484375,0.9945526123046875
1647870946969,2022-03-21T13:55:46.969,unknown,-0.048431396484375,0.021148681640625,0.9947052001953125
1647870947069,2022-03-21T13:55:47.069,unknown,-0.0478363037109375,0.020843505859375,0.9913787841796875
1647870947168,2022-03-21T13:55:47.168,unknown,-0.047943115234375,0.02117919921875,0.9988250732421875
1647870947268,2022-03-21T13:55:47.268,unknown,-0.0479888916015625,0.02130126953125,0.9911346435546875
1647870947368,2022-03-21T13:55:47.368,unknown,-0.048004150390625,0.021026611328125,0.9966278076171875
1647870947467,2022-03-21T13:55:47.467,unknown,-0.047760009765625,0.0209808349609375,0.9960784912109375
1647870947567,2022-03-21T13:55:47.567,unknown,-0.0473480224609375,0.0211181640625,0.9931793212890625
1647870947666,2022-03-21T13:55:47.666,unknown,-0.04815673828125,0.0205535888671875,0.9974517822265625
1647870947766,2022-03-21T13:55:47.766,unknown,-0.048004150390625,0.022247314453125,0.989837646484375
1647870947865,2022-03-21T13:55:47.865,unknown,-0.0481109619140625,0.0207977294921875,0.996002197265625
1647870947965,2022-03-21T13:55:47.965,unknown,-0.0477294921875,0.0210418701171875,0.9938812255859375
1647870948065,2022-03-21T13:55:48.065,unknown,-0.0479888916015625,0.0207672119140625,0.9926605224609375
1647870948164,2022-03-21T13:55:48.164,unknown,-0.04779052734375,0.0220184326171875,0.9976806640625
1647870948264,2022-03-21T13:55:48.264,unknown,-0.0478515625,0.0205841064453125,0.9911956787109375
1647870948363,2022-03-21T13:55:48.363,unknown,-0.0478057861328125,0.0208740234375,0.9962158203125
1647870948463,2022-03-21T13:55:48.463,unknown,-0.047393798828125,0.0210418701171875,0.9953460693359375
1647870948562,2022-03-21T13:55:48.562,unknown,-0.0479888916015625,0.0208740234375,0.994903564453125
1647870948662,2022-03-21T13:55:48.662,unknown,-0.0481109619140625,0.0205230712890625,0.996368408203125
1647870948762,2022-03-21T13:55:48.762,unknown,-0.04791259765625,0.0209503173828125,0.9918060302734375
1647870948861,2022-03-21T13:55:48.861,unknown,-0.0486297607421875,0.0222015380859375,0.996429443359375
1647870948961,2022-03-21T13:55:48.961,unknown,-0.048309326171875,0.0209503173828125,0.9959716796875
1647870949060,2022-03-21T13:55:49.060,unknown,-0.047698974609375,0.0208740234375,0.9926300048828125
1647870949160,2022-03-21T13:55:49.160,unknown,-0.0474395751953125,0.0212554931640625,0.9966888427734375
1647870949259,2022-03-21T13:55:49.259,unknown,-0.0471954345703125,0.01995849609375,0.9925689697265625
1647870949359,2022-03-21T13:55:49.359,unknown,-0.047698974609375,0.02130126953125,0.995849609375
1647870949459,2022-03-21T13:55:49.459,unknown,-0.047454833984375,0.020782470703125,0.9936676025390625
1647870949558,2022-03-21T13:55:49.558,unknown,-0.047698974609375,0.02105712890625,0.99285888671875
1647870949658,2022-03-21T13:55:49.658,unknown,-0.0479888916015625,0.0205535888671875,0.9979705810546875
1647870949757,2022-03-21T13:55:49.757,unknown,-0.0480499267578125,0.0207061767578125,0.992401123046875
1647870949857,2022-03-21T13:55:49.857,unknown,-0.0474853515625,0.0208892822265625,0.99530029296875
1647870949956,2022-03-21T13:55:49.956,unknown,-0.047607421875,0.0207977294921875,0.9954986572265625
1647870950056,2022-03-21T13:55:50.056,unknown,-0.0476531982421875,0.0216522216796875,0.992095947265625
1647870950155,2022-03-21T13:55:50.155,unknown,-0.04754638671875,0.02093505859375,0.9969482421875
1647870950255,2022-03-21T13:55:50.255,unknown,-0.04833984375,0.020965576171875,0.9915618896484375
1647870950355,2022-03-21T13:55:50.355,unknown,-0.0477752685546875,0.021881103515625,0.996185302734375
1647870950454,2022-03-21T13:55:50.454,unknown,-0.047760009765625,0.0207977294921875,0.99456787109375
1647870950554,2022-03-21T13:55:50.554,unknown,-0.0482940673828125,0.021240234375,0.9922332763671875
1647870950653,2022-03-21T13:55:50.653,unknown,-0.048126220703125,0.020843505859375,0.997650146484375
1647870950753,2022-03-21T13:55:50.753,unknown,-0.0483551025390625,0.0213775634765625,0.992523193359375
1647870950852,2022-03-21T13:55:50.852,unknown,-0.0477447509765625,0.0213165283203125,0.99493408203125
1647870950952,2022-03-21T13:55:50.952,unknown,-0.04791259765625,0.020660400390625,0.9959259033203125
1647870951052,2022-03-21T13:55:51.052,unknown,-0.0479736328125,0.0215301513671875,0.9925384521484375
1647870951151,2022-03-21T13:55:51.151,unknown,-0.0479278564453125,0.0207061767578125,0.9979248046875
1647870951251,2022-03-21T13:55:51.251,unknown,-0.048126220703125,0.0210418701171875,0.993377685546875
1647870951350,2022-03-21T13:55:51.350,unknown,-0.04840087890625,0.0215911865234375,0.9951324462890625
1647870951450,2022-03-21T13:55:51.450,unknown,-0.0475921630859375,0.0206756591796875,0.995361328125
1647870951549,2022-03-21T13:55:51.549,unknown,-0.0478057861328125,0.0212249755859375,0.991912841796875
1647870951649,2022-03-21T13:55:51.649,unknown,-0.0477294921875,0.021148681640625,0.9984283447265625
1647870951749,2022-03-21T13:55:51.749,unknown,-0.048248291015625,0.021820068359375,0.9925537109375
1647870951848,2022-03-21T13:55:51.848,unknown,-0.0474700927734375,0.0209197998046875,0.994781494140625
1647870951948,2022-03-21T13:55:51.948,unknown,-0.0482940673828125,0.0213775634765625,0.9972381591796875
1647870952047,2022-03-21T13:55:52.047,unknown,-0.047698974609375,0.020721435546875,0.99114990234375
1647870952147,2022-03-21T13:55:52.147,unknown,-0.04827880859375,0.0213470458984375,0.996490478515625
1647870952246,2022-03-21T13:55:52.246,unknown,-0.04754638671875,0.0210418701171875,0.9925994873046875
1647870952346,2022-03-21T13:55:52.346,unknown,-0.0469818115234375,0.021484375,0.9945831298828125
1647870952446,2022-03-21T13:55:52.446,unknown,-0.048309326171875,0.020965576171875,0.9963836669921875
1647870952545,2022-03-21T13:55:52.545,unknown,-0.0472564697265625,0.0221710205078125,0.992431640625
1647870952645,2022-03-21T13:55:52.645,unknown,-0.047454833984375,0.0218963623046875,0.9980926513671875
1647870952744,2022-03-21T13:55:52.744,unknown,-0.0480194091796875,0.0218505859375,0.9930572509765625
1647870952844,2022-03-21T13:55:52.844,unknown,-0.0472869873046875,0.019927978515625,0.9951324462890625
1647870952943,2022-03-21T13:55:52.943,unknown,-0.0478363037109375,0.02178955078125,0.996612548828125
1647870953043,2022-03-21T13:55:53.043,unknown,-0.0474853515625,0.02117919921875,0.9916229248046875
1647870953143,2022-03-21T13:55:53.143,unknown,-0.047576904296875,0.021148681640625,0.996795654296875
1647870953242,2022-03-21T13:55:53.242,unknown,-0.0480499267578125,0.0216522216796875,0.9933624267578125
1647870953342,2022-03-21T13:55:53.342,unknown,-0.0482940673828125,0.0203399658203125,0.994720458984375
1647870953441,2022-03-21T13:55:53.441,unknown,-0.04754638671875,0.0215606689453125,0.9993133544921875
1647870953541,2022-03-21T13:55:53.541,unknown,-0.0478973388671875,0.02166748046875,0.9931488037109375
1647870953640,2022-03-21T13:55:53.640,unknown,-0.0481414794921875,0.021484375,1.0032806396484375
1647870953740,2022-03-21T13:55:53.740,unknown,-0.0469970703125,0.0211029052734375,0.99310302734375
1647870953840,2022-03-21T13:55:53.840,unknown,-0.0472259521484375,0.0216217041015625,0.991424560546875
1647870953939,2022-03-21T13:55:53.939,unknown,-0.04827880859375,0.0209808349609375,0.9987030029296875
1647870954039,2022-03-21T13:55:54.039,unknown,-0.0477294921875,0.020843505859375,0.990875244140625
1647870954138,2022-03-21T13:55:54.138,unknown,-0.046966552734375,0.0214080810546875,0.9942779541015625
1647870954238,2022-03-21T13:55:54.238,unknown,-0.0470733642578125,0.0216064453125,0.9947967529296875
1647870954337,2022-03-21T13:55:54.337,unknown,-0.047760009765625,0.021270751953125,0.995880126953125
1647870954437,2022-03-21T13:55:54.437,unknown,-0.04815673828125,0.0208740234375,0.9978485107421875
1647870954537,2022-03-21T13:55:54.537,unknown,-0.0480499267578125,0.0213775634765625,0.992584228515625
1647870954636,2022-03-21T13:55:54.636,unknown,-0.0468597412109375,0.020660400390625,0.9962310791015625
1647870954736,2022-03-21T13:55:54.736,unknown,-0.048065185546875,0.021087646484375,0.994171142578125
1647870954835,2022-03-21T13:55:54.835,unknown,-0.048065185546875,0.0211639404296875,0.9927978515625
1647870954935,2022-03-21T13:55:54.935,unknown,-0.0479278564453125,0.0215911865234375,0.9972686767578125
1647870955034,2022-03-21T13:55:55.034,unknown,-0.047027587890625,0.0211181640625,0.9907684326171875
1647870955134,2022-03-21T13:55:55.134,unknown,-0.04766845703125,0.020904541015625,0.9959716796875
1647870955234,2022-03-21T13:55:55.234,unknown,-0.048370361328125,0.0211639404296875,0.9949951171875
1647870955333,2022-03-21T13:55:55.333,unknown,-0.047637939453125,0.0218658447265625,0.9930877685546875
1647870955433,2022-03-21T13:55:55.433,unknown,-0.0478973388671875,0.0219573974609375,0.9969329833984375
1647870955532,2022-03-21T13:55:55.532,unknown,-0.04705810546875,0.020904541015625,0.991119384765625
1647870955632,2022-03-21T13:55:55.632,unknown,-0.04791259765625,0.021392822265625,0.9970703125
1647870955731,2022-03-21T13:55:55.731,unknown,-0.04803466796875,0.0213165283203125,0.9938812255859375
1647870955831,2022-03-21T13:55:55.831,unknown,-0.047393798828125,0.0215301513671875,0.993499755859375
1647870955931,2022-03-21T13:55:55.931,unknown,-0.0465545654296875,0.0208740234375,0.9989471435546875
1647870956030,2022-03-21T13:55:56.030,unknown,-0.0475616455078125,0.02099609375,0.9907379150390625
1647870956130,2022-03-21T13:55:56.130,unknown,-0.047576904296875,0.0211181640625,0.9946441650390625
1647870956229,2022-03-21T13:55:56.229,unknown,-0.0479736328125,0.0205535888671875,0.9962615966796875
1647870956329,2022-03-21T13:55:56.329,unknown,-0.0480499267578125,0.0209503173828125,0.993988037109375
1647870956428,2022-03-21T13:55:56.428,unknown,-0.0481109619140625,0.0216827392578125,0.99560546875
1647870956528,2022-03-21T13:55:56.528,unknown,-0.0475921630859375,0.021636962890625,0.991912841796875
1647870956628,2022-03-21T13:55:56.628,unknown,-0.047515869140625,0.020843505859375,0.9978485107421875
1647870956727,2022-03-21T13:55:56.727,unknown,-0.048065185546875,0.0210723876953125,0.993377685546875
1647870956827,2022-03-21T13:55:56.827,unknown,-0.046875,0.02093505859375,0.9936370849609375
1647870956926,2022-03-21T13:55:56.926,unknown,-0.0474395751953125,0.020965576171875,0.99884033203125
1647870957026,2022-03-21T13:55:57.026,unknown,-0.0480194091796875,0.0219573974609375,0.99200439453125
1647870957125,2022-03-21T13:55:57.125,unknown,-0.0480194091796875,0.0207977294921875,0.99688720703125
1647870957225,2022-03-21T13:55:57.225,unknown,-0.047210693359375,0.021087646484375,0.993255615234375
1647870957325,2022-03-21T13:55:57.325,unknown,-0.0471343994140625,0.0219879150390625,0.9927520751953125
1647870957424,2022-03-21T13:55:57.424,unknown,-0.0477142333984375,0.020538330078125,0.9962005615234375
1647870957524,2022-03-21T13:55:57.524,unknown,-0.047454833984375,0.0208587646484375,0.992095947265625
1647870957623,2022-03-21T13:55:57.623,unknown,-0.04791259765625,0.02166748046875,0.9989776611328125
1647870957723,2022-03-21T13:55:57.723,unknown,-0.047607421875,0.021331787109375,0.9902801513671875
1647870957822,2022-03-21T13:55:57.822,unknown,-0.047149658203125,0.0212249755859375,0.9928741455078125
1647870957922,2022-03-21T13:55:57.922,unknown,-0.0475006103515625,0.021270751953125,0.996551513671875
1647870958022,2022-03-21T13:55:58.022,unknown,-0.0475921630859375,0.02056884765625,0.98980712890625
1647870958121,2022-03-21T13:55:58.121,unknown,-0.04779052734375,0.0215911865234375,0.995758056640625
1647870958221,2022-03-21T13:55:58.221,unknown,-0.0479583740234375,0.0196685791015625,0.9940948486328125
1647870958320,2022-03-21T13:55:58.320,unknown,-0.0474090576171875,0.02203369140625,0.9934844970703125
1647870958420,2022-03-21T13:55:58.420,unknown,-0.04736328125,0.0203704833984375,0.997711181640625
1647870958519,2022-03-21T13:55:58.519,unknown,-0.048065185546875,0.022186279296875,0.9932861328125
1647870958619,2022-03-21T13:55:58.619,unknown,-0.0477447509765625,0.0214385986328125,0.996856689453125
1647870958719,2022-03-21T13:55:58.719,unknown,-0.0476531982421875,0.0213775634765625,0.993804931640625
1647870958818,2022-03-21T13:55:58.818,unknown,-0.0476226806640625,0.0212554931640625,0.99365234375
1647870958918,2022-03-21T13:55:58.918,unknown,-0.0478057861328125,0.020843505859375,0.9961395263671875
1647870959017,2022-03-21T13:55:59.017,unknown,-0.048095703125,0.021087646484375,0.990570068359375
1647870959117,2022-03-21T13:55:59.117,unknown,-0.0478363037109375,0.020904541015625,0.9966278076171875
1647870959216,2022-03-21T13:55:59.216,unknown,-0.047882080078125,0.0219268798828125,0.9929962158203125
1647870959316,2022-03-21T13:55:59.316,unknown,-0.04791259765625,0.0202789306640625,0.994140625
1647870959415,2022-03-21T13:55:59.415,unknown,-0.0485382080078125,0.021881103515625,0.998291015625
1647870959515,2022-03-21T13:55:59.515,unknown,-0.0476226806640625,0.0206756591796875,0.9912872314453125
1647870959615,2022-03-21T13:55:59.615,unknown,-0.047119140625,0.02044677734375,0.99786376953125
1647870959714,2022-03-21T13:55:59.714,unknown,-0.0472259521484375,0.02093505859375,0.994354248046875
1647870959814,2022-03-21T13:55:59.814,unknown,-0.0476531982421875,0.0216064453125,0.9920501708984375
1647870959913,2022-03-21T13:55:59.913,unknown,-0.047698974609375,0.0200347900390625,0.996124267578125
1647870960013,2022-03-21T13:56:00.013,unknown,-0.0477752685546875,0.0212860107421875,0.993865966796875
1647870960112,2022-03-21T13:56:00.112,unknown,-0.0480804443359375,0.021759033203125,0.9974212646484375
1647870960212,2022-03-21T13:56:00.212,unknown,-0.04827880859375,0.021453857421875,0.9925079345703125
1647870960312,2022-03-21T13:56:00.312,unknown,-0.0477142333984375,0.0207366943359375,0.9940948486328125
1647870960411,2022-03-21T13:56:00.411,unknown,-0.0475006103515625,0.0211334228515625,0.99468994140625
1647870960511,2022-03-21T13:56:00.511,unknown,-0.046783447265625,0.02142333984375,0.9914398193359375
1647870960610,2022-03-21T13:56:00.610,unknown,-0.047760009765625,0.0203857421875,0.9964599609375
1647870960710,2022-03-21T13:56:00.710,unknown,-0.0471954345703125,0.021453857421875,0.9945831298828125
1647870960809,2022-03-21T13:56:00.809,unknown,-0.0481414794921875,0.0209808349609375,0.99542236328125
1647870960909,2022-03-21T13:56:00.909,unknown,-0.047271728515625,0.0205841064453125,0.9994659423828125
1647870961009,2022-03-21T13:56:01.009,unknown,-0.0475006103515625,0.021331787109375,0.99151611328125
1647870961108,2022-03-21T13:56:01.108,unknown,-0.0469512939453125,0.0211944580078125,0.9951171875
1647870961208,2022-03-21T13:56:01.208,unknown,-0.047454833984375,0.0208892822265625,0.9943695068359375
1647870961307,2022-03-21T13:56:01.307,unknown,-0.0469207763671875,0.0212860107421875,0.9929046630859375
1647870961407,2022-03-21T13:56:01.407,unknown,-0.04840087890625,0.0210418701171875,0.99530029296875
1647870961506,2022-03-21T13:56:01.506,unknown,-0.0482940673828125,0.021484375,0.9935760498046875
1647870961606,2022-03-21T13:56:01.606,unknown,-0.0477752685546875,0.021575927734375,0.9962005615234375
1647870961706,2022-03-21T13:56:01.706,unknown,-0.0478668212890625,0.02093505859375,0.9948883056640625
1647870961805,2022-03-21T13:56:01.805,unknown,-0.0471343994140625,0.0211944580078125,0.9931488037109375
1647870961905,2022-03-21T13:56:01.905,unknown,-0.0478668212890625,0.021087646484375,0.9961700439453125
1647870962004,2022-03-21T13:56:02.004,unknown,-0.0473175048828125,0.0206451416015625,0.991943359375
1647870962104,2022-03-21T13:56:02.104,unknown,-0.047821044921875,0.0207061767578125,0.996856689453125
1647870962203,2022-03-21T13:56:02.203,unknown,-0.0471038818359375,0.0205841064453125,0.994140625
1647870962303,2022-03-21T13:56:02.303,unknown,-0.04803466796875,0.02069091796875,0.9940032958984375
1647870962403,2022-03-21T13:56:02.403,unknown,-0.047515869140625,0.021636962890625,0.99603271484375
1647870962502,2022-03-21T13:56:02.502,unknown,-0.04815673828125,0.0203857421875,0.9915313720703125
1647870962602,2022-03-21T13:56:02.602,unknown,-0.0482177734375,0.0225067138671875,0.9981231689453125
1647870962701,2022-03-21T13:56:02.701,unknown,-0.049072265625,0.02032470703125,0.9930572509765625
1647870962801,2022-03-21T13:56:02.801,unknown,-0.0478668212890625,0.0203857421875,0.992584228515625
1647870962900,2022-03-21T13:56:02.900,unknown,-0.047637939453125,0.021331787109375,0.9958953857421875
1647870963000,2022-03-21T13:56:03.000,unknown,-0.048431396484375,0.0214080810546875,0.9909820556640625
1647870963100,2022-03-21T13:56:03.100,unknown,-0.04766845703125,0.02191162109375,0.997711181640625
1647870963199,2022-03-21T13:56:03.199,unknown,-0.04791259765625,0.0213470458984375,0.992156982421875
1647870963299,2022-03-21T13:56:03.299,unknown,-0.047332763671875,0.021087646484375,0.9950408935546875
1647870963398,2022-03-21T13:56:03.398,unknown,-0.0480804443359375,0.021148681640625,0.9980621337890625
1647870963498,2022-03-21T13:56:03.498,unknown,-0.04718017578125,0.0208282470703125,0.9916839599609375
1647870963597,2022-03-21T13:56:03.597,unknown,-0.0475006103515625,0.021331787109375,0.9956207275390625
1647870963697,2022-03-21T13:56:03.697,unknown,-0.048065185546875,0.0210723876953125,0.9911956787109375
1647870963797,2022-03-21T13:56:03.797,unknown,-0.0475006103515625,0.0204620361328125,0.993682861328125
1647870963896,2022-03-21T13:56:03.896,unknown,-0.0481109619140625,0.0213470458984375,0.996429443359375
1647870963996,2022-03-21T13:56:03.996,unknown,-0.0469818115234375,0.02069091796875,0.99224853515625
1647870964095,2022-03-21T13:56:04.095,unknown,-0.0489349365234375,0.0214691162109375,0.9980316162109375
1647870964195,2022-03-21T13:56:04.195,unknown,-0.0471954345703125,0.0216064453125,0.9921722412109375
1647870964294,2022-03-21T13:56:04.294,unknown,-0.0475311279296875,0.0206146240234375,0.9943389892578125
1647870964394,2022-03-21T13:56:04.394,unknown,-0.0477447509765625,0.0208587646484375,0.996246337890625
1647870964494,2022-03-21T13:56:04.494,unknown,-0.0469512939453125,0.02044677734375,0.9923095703125
1647870964593,2022-03-21T13:56:04.593,unknown,-0.04766845703125,0.02081298828125,0.9971771240234375
1647870964693,2022-03-21T13:56:04.693,unknown,-0.0481719970703125,0.0206298828125,0.993072509765625
1647870964792,2022-03-21T13:56:04.792,unknown,-0.0474395751953125,0.0205841064453125,0.9942169189453125
1647870964892,2022-03-21T13:56:04.892,unknown,-0.0475006103515625,0.0219268798828125,0.99639892578125
1647870964991,2022-03-21T13:56:04.991,unknown,-0.047607421875,0.0210113525390625,0.9917144775390625
1647870965091,2022-03-21T13:56:05.091,unknown,-0.0483856201171875,0.0219879150390625,0.9969024658203125
1647870965191,2022-03-21T13:56:05.191,unknown,-0.0473175048828125,0.020843505859375,0.9943389892578125
1647870965290,2022-03-21T13:56:05.290,unknown,-0.0486602783203125,0.0213623046875,0.994354248046875
1647870965390,2022-03-21T13:56:05.390,unknown,-0.04815673828125,0.0210418701171875,0.9950103759765625
1647870965489,2022-03-21T13:56:05.489,unknown,-0.0474395751953125,0.0214385986328125,0.9925689697265625
1647870965589,2022-03-21T13:56:05.589,unknown,-0.048248291015625,0.0206451416015625,0.9982147216796875
1647870965688,2022-03-21T13:56:05.688,unknown,-0.0478057861328125,0.0211639404296875,0.9931488037109375
1647870965788,2022-03-21T13:56:05.788,unknown,-0.0471649169921875,0.0206298828125,0.99395751953125
1647870965888,2022-03-21T13:56:05.888,unknown,-0.0473175048828125,0.021697998046875,0.994415283203125
1647870965987,2022-03-21T13:56:05.987,unknown,-0.04791259765625,0.021148681640625,0.99346923828125
1647870966087,2022-03-21T13:56:06.087,unknown,-0.04754638671875,0.021087646484375,0.99700927734375
1647870966186,2022-03-21T13:56:06.186,unknown,-0.0480499267578125,0.0213165283203125,0.9933319091796875
1647870966286,2022-03-21T13:56:06.286,unknown,-0.048187255859375,0.0211639404296875,0.996856689453125
1647870966385,2022-03-21T13:56:06.385,unknown,-0.047882080078125,0.0208740234375,0.9955291748046875
1647870966485,2022-03-21T13:56:06.485,unknown,-0.0478515625,0.020782470703125,0.991119384765625
1647870966585,2022-03-21T13:56:06.585,unknown,-0.048309326171875,0.021697998046875,0.9974517822265625
1647870966684,2022-03-21T13:56:06.684,unknown,-0.0480194091796875,0.0213775634765625,0.9930572509765625
1647870966784,2022-03-21T13:56:06.784,unknown,-0.047821044921875,0.0208892822265625,0.9949951171875
1647870966883,2022-03-21T13:56:06.883,unknown,-0.0479583740234375,0.021209716796875,0.9956207275390625
1647870966983,2022-03-21T13:56:06.983,unknown,-0.0474700927734375,0.020721435546875,0.9912872314453125
1647870967082,2022-03-21T13:56:07.082,unknown,-0.04693603515625,0.0213775634765625,0.997589111328125
1647870967182,2022-03-21T13:56:07.182,unknown,-0.0476837158203125,0.021026611328125,0.9934234619140625
1647870967282,2022-03-21T13:56:07.282,unknown,-0.0477447509765625,0.01971435546875,0.9948272705078125
1647870967381,2022-03-21T13:56:07.381,unknown,-0.0479736328125,0.02099609375,0.99591064453125
1647870967481,2022-03-21T13:56:07.481,unknown,-0.0482635498046875,0.020965576171875,0.992218017578125
1647870967580,2022-03-21T13:56:07.580,unknown,-0.0476531982421875,0.0213623046875,0.997528076171875
1647870967680,2022-03-21T13:56:07.680,unknown,-0.048095703125,0.02105712890625,0.992156982421875
1647870967779,2022-03-21T13:56:07.779,unknown,-0.0475921630859375,0.02166748046875,0.9946746826171875
1647870967879,2022-03-21T13:56:07.879,unknown,-0.047821044921875,0.021514892578125,0.9959869384765625
1647870967978,2022-03-21T13:56:07.978,unknown,-0.047637939453125,0.0211334228515625,0.992584228515625
1647870968078,2022-03-21T13:56:08.078,unknown,-0.047943115234375,0.0210418701171875,0.99749755859375
1647870968178,2022-03-21T13:56:08.178,unknown,-0.0475616455078125,0.0208740234375,0.9927520751953125
1647870968277,2022-03-21T13:56:08.277,unknown,-0.04779052734375,0.0214080810546875,0.9945831298828125
1647870968377,2022-03-21T13:56:08.377,unknown,-0.047821044921875,0.02178955078125,0.996734619140625
1647870968476,2022-03-21T13:56:08.476,unknown,-0.0472412109375,0.0210418701171875,0.9921722412109375
1647870968576,2022-03-21T13:56:08.576,unknown,-0.047119140625,0.0216217041015625,0.996307373046875
1647870968675,2022-03-21T13:56:08.675,unknown,-0.046783447265625,0.0204620361328125,0.9940185546875
1647870968775,2022-03-21T13:56:08.775,unknown,-0.0479888916015625,0.020904541015625,0.9940948486328125
1647870968875,2022-03-21T13:56:08.875,unknown,-0.047637939453125,0.0213165283203125,0.9958343505859375
1647870968974,2022-03-21T13:56:08.974,unknown,-0.0480194091796875,0.0210418701171875,0.9914093017578125
1647870969074,2022-03-21T13:56:09.074,unknown,-0.0477294921875,0.021484375,0.9963836669921875
1647870969173,2022-03-21T13:56:09.173,unknown,-0.0475311279296875,0.0200958251953125,0.992706298828125
1647870969273,2022-03-21T13:56:09.273,unknown,-0.047393798828125,0.0217437744140625,0.992340087890625
1647870969372,2022-03-21T13:56:09.372,unknown,-0.047943115234375,0.0220947265625,0.9957733154296875
1647870969472,2022-03-21T13:56:09.472,unknown,-0.047393798828125,0.0210723876953125,0.9916534423828125
1647870969572,2022-03-21T13:56:09.572,unknown,-0.047576904296875,0.02093505859375,0.997283935546875
1647870969671,2022-03-21T13:56:09.671,unknown,-0.0482177734375,0.0206756591796875,0.9930267333984375
1647870969771,2022-03-21T13:56:09.771,unknown,-0.04791259765625,0.020599365234375,0.9961090087890625
1647870969870,2022-03-21T13:56:09.870,unknown,-0.0482635498046875,0.0211181640625,0.9974365234375
1647870969970,2022-03-21T13:56:09.970,unknown,-0.047637939453125,0.02154541015625,0.991546630859375
1647870970069,2022-03-21T13:56:10.069,unknown,-0.0482330322265625,0.0208282470703125,0.9960174560546875
1647870970169,2022-03-21T13:56:10.169,unknown,-0.0481109619140625,0.0210113525390625,0.9932708740234375
1647870970269,2022-03-21T13:56:10.269,unknown,-0.0472869873046875,0.0208587646484375,0.99395751953125
1647870970368,2022-03-21T13:56:10.368,unknown,-0.048492431640625,0.0209808349609375,0.9962005615234375
1647870970468,2022-03-21T13:56:10.468,unknown,-0.0477752685546875,0.020965576171875,0.99005126953125
1647870970567,2022-03-21T13:56:10.567,unknown,-0.0477752685546875,0.0213623046875,0.9968719482421875
1647870970667,2022-03-21T13:56:10.667,unknown,-0.047393798828125,0.0208282470703125,0.991729736328125
1647870970766,2022-03-21T13:56:10.766,unknown,-0.0470428466796875,0.0206298828125,0.9945220947265625
1647870970866,2022-03-21T13:56:10.866,unknown,-0.0478363037109375,0.0212554931640625,0.9949798583984375
1647870970966,2022-03-21T13:56:10.966,unknown,-0.0479736328125,0.021453857421875,0.9904937744140625
1647870971065,2022-03-21T13:56:11.065,unknown,-0.0482025146484375,0.0213165283203125,0.9999542236328125
1647870971165,2022-03-21T13:56:11.165,unknown,-0.047882080078125,0.0208740234375,0.993194580078125
1647870971264,2022-03-21T13:56:11.264,unknown,-0.047271728515625,0.0214080810546875,0.9944305419921875
1647870971364,2022-03-21T13:56:11.364,unknown,-0.048583984375,0.021392822265625,0.997039794921875
1647870971463,2022-03-21T13:56:11.463,unknown,-0.04791259765625,0.02142333984375,0.9930572509765625
1647870971563,2022-03-21T13:56:11.563,unknown,-0.0481414794921875,0.0216827392578125,0.998046875
1647870971663,2022-03-21T13:56:11.663,unknown,-0.048553466796875,0.021209716796875,0.99163818359375
1647870971762,2022-03-21T13:56:11.762,unknown,-0.047576904296875,0.02099609375,0.994049072265625
1647870971862,2022-03-21T13:56:11.862,unknown,-0.0478973388671875,0.0207672119140625,0.9952850341796875
1647870971961,2022-03-21T13:56:11.961,unknown,-0.0475616455078125,0.0218658447265625,0.9910430908203125
1647870972061,2022-03-21T13:56:12.061,unknown,-0.0481719970703125,0.022125244140625,0.9980621337890625
1647870972160,2022-03-21T13:56:12.160,unknown,-0.047637939453125,0.020843505859375,0.9951019287109375
1647870972260,2022-03-21T13:56:12.260,unknown,-0.0473175048828125,0.0207366943359375,0.992584228515625
1647870972360,2022-03-21T13:56:12.360,unknown,-0.0476226806640625,0.0211334228515625,0.9951934814453125
1647870972459,2022-03-21T13:56:12.459,unknown,-0.047821044921875,0.020294189453125,0.99114990234375
1647870972559,2022-03-21T13:56:12.559,unknown,-0.047637939453125,0.0209808349609375,0.99749755859375
1647870972658,2022-03-21T13:56:12.658,unknown,-0.0475921630859375,0.021453857421875,0.9921722412109375
1647870972758,2022-03-21T13:56:12.758,unknown,-0.047149658203125,0.0207977294921875,0.9934844970703125
1647870972857,2022-03-21T13:56:12.857,unknown,-0.04803466796875,0.021575927734375,0.9957275390625
1647870972957,2022-03-21T13:56:12.957,unknown,-0.0474395751953125,0.0209503173828125,0.992034912109375
1647870973057,2022-03-21T13:56:13.057,unknown,-0.047943115234375,0.0215301513671875,0.996734619140625
1647870973156,2022-03-21T13:56:13.156,unknown,-0.047393798828125,0.021240234375,0.992401123046875
1647870973256,2022-03-21T13:56:13.256,unknown,-0.04754638671875,0.0205841064453125,0.9933929443359375
1647870973355,2022-03-21T13:56:13.355,unknown,-0.047637939453125,0.0210723876953125,0.996307373046875
1647870973455,2022-03-21T13:56:13.455,unknown,-0.0481719970703125,0.020416259765625,0.9914703369140625
1647870973554,2022-03-21T13:56:13.554,unknown,-0.0471649169921875,0.02166748046875,0.9958953857421875
1647870973654,2022-03-21T13:56:13.654,unknown,-0.04742431640625,0.0210723876953125,0.9921112060546875
1647870973754,2022-03-21T13:56:13.754,unknown,-0.048248291015625,0.0207366943359375,0.9932708740234375
1647870973853,2022-03-21T13:56:13.853,unknown,-0.047119140625,0.0208282470703125,0.997161865234375
1647870973953,2022-03-21T13:56:13.953,unknown,-0.0471038818359375,0.0200042724609375,0.99261474609375
1647870974052,2022-03-21T13:56:14.052,unknown,-0.047698974609375,0.0211029052734375,0.9960174560546875
1647870974152,2022-03-21T13:56:14.152,unknown,-0.0477447509765625,0.02117919921875,0.9929656982421875
1647870974251,2022-03-21T13:56:14.251,unknown,-0.048095703125,0.0211181640625,0.9939117431640625
1647870974351,2022-03-21T13:56:14.351,unknown,-0.0476531982421875,0.02142333984375,0.9960784912109375
1647870974451,2022-03-21T13:56:14.451,unknown,-0.0477752685546875,0.0207061767578125,0.9915313720703125
1647870974550,2022-03-21T13:56:14.550,unknown,-0.0472869873046875,0.021453857421875,0.9962921142578125
1647870974650,2022-03-21T13:56:14.650,unknown,-0.047821044921875,0.0214385986328125,0.994873046875
1647870974749,2022-03-21T13:56:14.749,unknown,-0.0481414794921875,0.0211029052734375,0.9930877685546875
1647870974849,2022-03-21T13:56:14.849,unknown,-0.0483551025390625,0.020843505859375,0.9972076416015625
1647870974948,2022-03-21T13:56:14.948,unknown,-0.04779052734375,0.02081298828125,0.992645263671875
1647870975048,2022-03-21T13:56:15.048,unknown,-0.0475616455078125,0.0212554931640625,0.99603271484375
1647870975148,2022-03-21T13:56:15.148,unknown,-0.04681396484375,0.0211639404296875,0.993682861328125
1647870975247,2022-03-21T13:56:15.247,unknown,-0.048553466796875,0.0214691162109375,0.991851806640625
1647870975347,2022-03-21T13:56:15.347,unknown,-0.04876708984375,0.02001953125,0.997894287109375
1647870975446,2022-03-21T13:56:15.446,unknown,-0.048004150390625,0.0201416015625,0.9939117431640625
1647870975546,2022-03-21T13:56:15.546,unknown,-0.0472869873046875,0.0207672119140625,0.9962310791015625
1647870975645,2022-03-21T13:56:15.645,unknown,-0.0476837158203125,0.0217132568359375,0.9953460693359375
1647870975745,2022-03-21T13:56:15.745,unknown,-0.0474853515625,0.0205078125,0.9910430908203125
1647870975845,2022-03-21T13:56:15.845,unknown,-0.048370361328125,0.0206756591796875,0.9945068359375
1647870975944,2022-03-21T13:56:15.944,unknown,-0.0480804443359375,0.0203704833984375,0.9920654296875
1647870976044,2022-03-21T13:56:16.044,unknown,-0.047698974609375,0.020843505859375,0.99652099609375
1647870976143,2022-03-21T13:56:16.143,unknown,-0.0478057861328125,0.021087646484375,0.993865966796875
1647870976243,2022-03-21T13:56:16.243,unknown,-0.0476531982421875,0.021209716796875,0.9931640625
1647870976342,2022-03-21T13:56:16.342,unknown,-0.0477447509765625,0.0210113525390625,0.99700927734375
1647870976442,2022-03-21T13:56:16.442,unknown,-0.0475921630859375,0.0214996337890625,0.99102783203125
1647870976541,2022-03-21T13:56:16.541,unknown,-0.0478668212890625,0.0207366943359375,0.996368408203125
1647870976641,2022-03-21T13:56:16.641,unknown,-0.047760009765625,0.0211029052734375,0.9940185546875
1647870976741,2022-03-21T13:56:16.741,unknown,-0.0473785400390625,0.02099609375,0.9922332763671875
1647870976840,2022-03-21T13:56:16.840,unknown,-0.0484466552734375,0.0205841064453125,0.9969635009765625
1647870976940,2022-03-21T13:56:16.940,unknown,-0.0477294921875,0.0217742919921875,0.991943359375
1647870977039,2022-03-21T13:56:17.039,unknown,-0.0477142333984375,0.02130126953125,0.9962005615234375
1647870977139,2022-03-21T13:56:17.139,unknown,-0.0475921630859375,0.0209197998046875,0.9940948486328125
1647870977238,2022-03-21T13:56:17.238,unknown,-0.0479888916015625,0.021270751953125,0.9922027587890625
1647870977338,2022-03-21T13:56:17.338,unknown,-0.0474395751953125,0.02056884765625,0.9966888427734375
1647870977438,2022-03-21T13:56:17.438,unknown,-0.0472412109375,0.020660400390625,0.9951171875
1647870977537,2022-03-21T13:56:17.537,unknown,-0.047821044921875,0.021240234375,0.9918212890625
1647870977637,2022-03-21T13:56:17.637,unknown,-0.0483856201171875,0.021087646484375,0.9947357177734375
1647870977736,2022-03-21T13:56:17.736,unknown,-0.0476226806640625,0.021453857421875,0.9929351806640625
1647870977836,2022-03-21T13:56:17.836,unknown,-0.047576904296875,0.0221405029296875,0.9933319091796875
1647870977935,2022-03-21T13:56:17.935,unknown,-0.047607421875,0.0210113525390625,0.9911041259765625
1647870978035,2022-03-21T13:56:18.035,unknown,-0.0471343994140625,0.02099609375,0.9974822998046875
1647870978135,2022-03-21T13:56:18.135,unknown,-0.04779052734375,0.0216217041015625,0.998504638671875
1647870978234,2022-03-21T13:56:18.234,unknown,-0.0477294921875,0.02069091796875,0.98760986328125
1647870978334,2022-03-21T13:56:18.334,unknown,-0.047332763671875,0.020538330078125,1.0019378662109375
1647870978433,2022-03-21T13:56:18.433,unknown,-0.0472564697265625,0.0209503173828125,0.9935760498046875
1647870978533,2022-03-21T13:56:18.533,unknown,-0.0481109619140625,0.0211029052734375,0.9927520751953125
1647870978632,2022-03-21T13:56:18.632,unknown,-0.04779052734375,0.0206451416015625,0.99761962890625
1647870978732,2022-03-21T13:56:18.732,unknown,-0.0475616455078125,0.021484375,0.9947509765625
1647870978832,2022-03-21T13:56:18.832,unknown,-0.047576904296875,0.021087646484375,0.993408203125
1647870978931,2022-03-21T13:56:18.931,unknown,-0.0481414794921875,0.02197265625,0.9919586181640625
1647870979031,2022-03-21T13:56:19.031,unknown,-0.047454833984375,0.0212554931640625,0.9998779296875
1647870979130,2022-03-21T13:56:19.130,unknown,-0.04766845703125,0.021270751953125,0.9930267333984375
1647870979230,2022-03-21T13:56:19.230,unknown,-0.0476226806640625,0.021087646484375,0.992431640625
1647870979329,2022-03-21T13:56:19.329,unknown,-0.04742431640625,0.021514892578125,1.00128173828125
1647870979429,2022-03-21T13:56:19.429,unknown,-0.04791259765625,0.0205078125,0.9934844970703125
1647870979529,2022-03-21T13:56:19.529,unknown,-0.0473175048828125,0.0203399658203125,0.991119384765625
1647870979628,2022-03-21T13:56:19.628,unknown,-0.047607421875,0.021026611328125,0.993438720703125
1647870979728,2022-03-21T13:56:19.728,unknown,-0.047454833984375,0.021697998046875,0.99285888671875
1647870979827,2022-03-21T13:56:19.827,unknown,-0.0478668212890625,0.0212554931640625,0.9959869384765625
1647870979927,2022-03-21T13:56:19.927,unknown,-0.0474395751953125,0.0211181640625,0.992889404296875
1647870980026,2022-03-21T13:56:20.026,unknown,-0.04815673828125,0.021331787109375,0.996826171875
1647870980126,2022-03-21T13:56:20.126,unknown,-0.04876708984375,0.0215301513671875,0.997772216796875
1647870980226,2022-03-21T13:56:20.226,unknown,-0.047393798828125,0.0214385986328125,0.9962615966796875
1647870980325,2022-03-21T13:56:20.325,unknown,-0.0479278564453125,0.0213165283203125,0.9912261962890625
1647870980425,2022-03-21T13:56:20.425,unknown,-0.04779052734375,0.021881103515625,0.9879302978515625
1647870980524,2022-03-21T13:56:20.524,unknown,-0.0478515625,0.020965576171875,0.9979095458984375
1647870980624,2022-03-21T13:56:20.624,unknown,-0.0480804443359375,0.021453857421875,0.9965972900390625
1647870980723,2022-03-21T13:56:20.723,unknown,-0.0476226806640625,0.0210113525390625,0.99493408203125
1647870980823,2022-03-21T13:56:20.823,unknown,-0.0477294921875,0.0215606689453125,0.994781494140625
1647870980923,2022-03-21T13:56:20.923,unknown,-0.047882080078125,0.0205535888671875,0.98809814453125
1647870981022,2022-03-21T13:56:21.022,unknown,-0.04852294921875,0.0213623046875,1.000762939453125
1647870981122,2022-03-21T13:56:21.122,unknown,-0.0479736328125,0.021881103515625,0.9962921142578125
1647870981221,2022-03-21T13:56:21.221,unknown,-0.047607421875,0.0214691162109375,0.9918060302734375
1647870981321,2022-03-21T13:56:21.321,unknown,-0.0479278564453125,0.021759033203125,0.9940948486328125
1647870981420,2022-03-21T13:56:21.420,unknown,-0.0479583740234375,0.0216522216796875,0.9912109375
1647870981520,2022-03-21T13:56:21.520,unknown,-0.047210693359375,0.021331787109375,0.9954376220703125
1647870981620,2022-03-21T13:56:21.620,unknown,-0.04864501953125,0.02099609375,0.9974822998046875
1647870981719,2022-03-21T13:56:21.719,unknown,-0.0476226806640625,0.0212249755859375,0.999359130859375
1647870981819,2022-03-21T13:56:21.819,unknown,-0.048004150390625,0.020660400390625,1.0001068115234375
1647870981918,2022-03-21T13:56:21.918,unknown,-0.0471954345703125,0.0207061767578125,0.9864959716796875
1647870982018,2022-03-21T13:56:22.018,unknown,-0.0478363037109375,0.0212249755859375,0.993011474609375
1647870982117,2022-03-21T13:56:22.117,unknown,-0.0472564697265625,0.0206146240234375,0.9982757568359375
1647870982217,2022-03-21T13:56:22.217,unknown,-0.0476531982421875,0.0210723876953125,0.9872894287109375
1647870982317,2022-03-21T13:56:22.317,unknown,-0.0478057861328125,0.02056884765625,0.995758056640625
1647870982416,2022-03-21T13:56:22.416,unknown,-0.0474090576171875,0.021453857421875,1.000396728515625
1647870982516,2022-03-21T13:56:22.516,unknown,-0.0475006103515625,0.0214996337890625,0.9967041015625
1647870982615,2022-03-21T13:56:22.615,unknown,-0.04705810546875,0.020843505859375,0.99017333984375
1647870982715,2022-03-21T13:56:22.715,unknown,-0.0478057861328125,0.021148681640625,0.9953765869140625
1647870982814,2022-03-21T13:56:22.814,unknown,-0.048492431640625,0.0206146240234375,0.9925994873046875
1647870982914,2022-03-21T13:56:22.914,unknown,-0.047882080078125,0.0203399658203125,0.987396240234375
1647870983014,2022-03-21T13:56:23.014,unknown,-0.0481414794921875,0.02154541015625,0.997222900390625
1647870983113,2022-03-21T13:56:23.113,unknown,-0.0470123291015625,0.020904541015625,0.9965667724609375
1647870983213,2022-03-21T13:56:23.213,unknown,-0.0472259521484375,0.020751953125,0.997772216796875
1647870983312,2022-03-21T13:56:23.312,unknown,-0.04827880859375,0.0220947265625,1.0015869140625
1647870983412,2022-03-21T13:56:23.412,unknown,-0.0467987060546875,0.0213623046875,0.98773193359375
1647870983511,2022-03-21T13:56:23.511,unknown,-0.0477142333984375,0.02044677734375,0.988922119140625
1647870983611,2022-03-21T13:56:23.611,unknown,-0.0479583740234375,0.02044677734375,0.99578857421875
1647870983711,2022-03-21T13:56:23.711,unknown,-0.0466766357421875,0.0208282470703125,0.994110107421875
1647870983810,2022-03-21T13:56:23.810,unknown,-0.048858642578125,0.021759033203125,0.9965667724609375
1647870983910,2022-03-21T13:56:23.910,unknown,-0.0482330322265625,0.0215301513671875,0.9916839599609375
1647870984009,2022-03-21T13:56:24.009,unknown,-0.048675537109375,0.0217437744140625,0.996337890625
1647870984109,2022-03-21T13:56:24.109,unknown,-0.047821044921875,0.02117919921875,0.9899444580078125
1647870984208,2022-03-21T13:56:24.208,unknown,-0.048095703125,0.02191162109375,0.99542236328125
1647870984308,2022-03-21T13:56:24.308,unknown,-0.0485076904296875,0.020782470703125,0.99932861328125
1647870984408,2022-03-21T13:56:24.408,unknown,-0.0467071533203125,0.021728515625,0.994171142578125
1647870984507,2022-03-21T13:56:24.507,unknown,-0.047119140625,0.0205841064453125,0.9949798583984375
1647870984607,2022-03-21T13:56:24.607,unknown,-0.0480499267578125,0.02117919921875,0.9917755126953125
1647870984706,2022-03-21T13:56:24.706,unknown,-0.0473785400390625,0.021148681640625,0.99169921875
1647870984806,2022-03-21T13:56:24.806,unknown,-0.0474853515625,0.0217742919921875,0.9988555908203125
1647870984905,2022-03-21T13:56:24.905,unknown,-0.04766845703125,0.0204925537109375,0.9939117431640625
1647870985005,2022-03-21T13:56:25.005,unknown,-0.04742431640625,0.0211029052734375,0.993896484375
1647870985104,2022-03-21T13:56:25.104,unknown,-0.0471649169921875,0.0208282470703125,0.990631103515625
1647870985204,2022-03-21T13:56:25.204,unknown,-0.0474700927734375,0.0211944580078125,0.99530029296875
1647870985304,2022-03-21T13:56:25.304,unknown,-0.047943115234375,0.020721435546875,0.9911651611328125
1647870985403,2022-03-21T13:56:25.403,unknown,-0.0478973388671875,0.021148681640625,0.9908447265625
1647870985503,2022-03-21T13:56:25.503,unknown,-0.0474853515625,0.0212249755859375,0.9986114501953125
1647870985602,2022-03-21T13:56:25.602,unknown,-0.04840087890625,0.021697998046875,0.988433837890625
1647870985702,2022-03-21T13:56:25.702,unknown,-0.04736328125,0.0217742919921875,0.9946441650390625
1647870985801,2022-03-21T13:56:25.801,unknown,-0.0479888916015625,0.02197265625,0.997283935546875
1647870985901,2022-03-21T13:56:25.901,unknown,-0.0472259521484375,0.0215301513671875,0.9934844970703125
1647870986001,2022-03-21T13:56:26.001,unknown,-0.047454833984375,0.0206451416015625,0.9948577880859375
1647870986100,2022-03-21T13:56:26.100,unknown,-0.0474090576171875,0.021331787109375,0.9909820556640625
1647870986200,2022-03-21T13:56:26.200,unknown,-0.0475311279296875,0.0212249755859375,0.994354248046875
1647870986299,2022-03-21T13:56:26.299,unknown,-0.04833984375,0.0208892822265625,0.9952545166015625
1647870986399,2022-03-21T13:56:26.399,unknown,-0.04779052734375,0.02099609375,0.9929046630859375
1647870986498,2022-03-21T13:56:26.498,unknown,-0.0475616455078125,0.021728515625,0.997894287109375
1647870986598,2022-03-21T13:56:26.598,unknown,-0.0478973388671875,0.020751953125,0.9939117431640625
1647870986698,2022-03-21T13:56:26.698,unknown,-0.048095703125,0.0220794677734375,0.99493408203125
1647870986797,2022-03-21T13:56:26.797,unknown,-0.04718017578125,0.021026611328125,0.9933013916015625
1647870986897,2022-03-21T13:56:26.897,unknown,-0.04791259765625,0.0213470458984375,0.993499755859375
1647870986996,2022-03-21T13:56:26.996,unknown,-0.046966552734375,0.0209197998046875,0.9972381591796875
1647870987096,2022-03-21T13:56:27.096,unknown,-0.0487060546875,0.0214080810546875,0.992218017578125
1647870987195,2022-03-21T13:56:27.195,unknown,-0.04815673828125,0.0217132568359375,0.9967803955078125
1647870987295,2022-03-21T13:56:27.295,unknown,-0.0476531982421875,0.0208740234375,0.994720458984375
1647870987395,2022-03-21T13:56:27.395,unknown,-0.047607421875,0.0211944580078125,0.99383544921875
1647870987494,2022-03-21T13:56:27.494,unknown,-0.047393798828125,0.0211639404296875,0.9973297119140625
1647870987594,2022-03-21T13:56:27.594,unknown,-0.0482940673828125,0.0218048095703125,0.9924468994140625
1647870987693,2022-03-21T13:56:27.693,unknown,-0.0473785400390625,0.0206756591796875,0.9951324462890625
1647870987793,2022-03-21T13:56:27.793,unknown,-0.047576904296875,0.0206298828125,0.9942779541015625
1647870987892,2022-03-21T13:56:27.892,unknown,-0.0477752685546875,0.020965576171875,0.993377685546875
1647870987992,2022-03-21T13:56:27.992,unknown,-0.0474395751953125,0.0220489501953125,0.9985198974609375
1647870988092,2022-03-21T13:56:28.092,unknown,-0.04736328125,0.020904541015625,0.99169921875
1647870988191,2022-03-21T13:56:28.191,unknown,-0.0479736328125,0.02093505859375,0.9963226318359375
1647870988291,2022-03-21T13:56:28.291,unknown,-0.0478515625,0.0215606689453125,0.99395751953125
1647870988390,2022-03-21T13:56:28.390,unknown,-0.0481414794921875,0.020904541015625,0.9939727783203125
1647870988490,2022-03-21T13:56:28.490,unknown,-0.04718017578125,0.02130126953125,0.9967193603515625
1647870988589,2022-03-21T13:56:28.589,unknown,-0.04815673828125,0.0214385986328125,0.99151611328125
1647870988689,2022-03-21T13:56:28.689,unknown,-0.04766845703125,0.0205841064453125,0.996734619140625
1647870988789,2022-03-21T13:56:28.789,unknown,-0.0482025146484375,0.0211639404296875,0.994720458984375
1647870988888,2022-03-21T13:56:28.888,unknown,-0.0478515625,0.0211944580078125,0.993743896484375
1647870988988,2022-03-21T13:56:28.988,unknown,-0.0484161376953125,0.021881103515625,0.9980926513671875
1647870989087,2022-03-21T13:56:29.087,unknown,-0.0485382080078125,0.0211639404296875,0.9928436279296875
1647870989187,2022-03-21T13:56:29.187,unknown,-0.0475311279296875,0.020843505859375,0.994232177734375
1647870989286,2022-03-21T13:56:29.286,unknown,-0.047698974609375,0.0213165283203125,0.994110107421875
1647870989386,2022-03-21T13:56:29.386,unknown,-0.047515869140625,0.0218048095703125,0.9914703369140625
1647870989486,2022-03-21T13:56:29.486,unknown,-0.047576904296875,0.0212249755859375,0.9966583251953125
1647870989585,2022-03-21T13:56:29.585,unknown,-0.0475921630859375,0.0218658447265625,0.99127197265625
1647870989685,2022-03-21T13:56:29.685,unknown,-0.0475921630859375,0.0214385986328125,0.99530029296875
1647870989784,2022-03-21T13:56:29.784,unknown,-0.047698974609375,0.0214996337890625,0.9931793212890625
1647870989884,2022-03-21T13:56:29.884,unknown,-0.047760009765625,0.0213775634765625,0.99542236328125
1647870989983,2022-03-21T13:56:29.983,unknown,-0.0475921630859375,0.021026611328125,0.9973907470703125
1647870990083,2022-03-21T13:56:30.083,unknown,-0.0474395751953125,0.020751953125,0.99176025390625
1647870990183,2022-03-21T13:56:30.183,unknown,-0.0476226806640625,0.020904541015625,0.998443603515625
1647870990282,2022-03-21T13:56:30.282,unknown,-0.0478973388671875,0.021026611328125,0.9949798583984375
1647870990382,2022-03-21T13:56:30.382,unknown,-0.04779052734375,0.0209808349609375,0.991973876953125
1647870990481,2022-03-21T13:56:30.481,unknown,-0.047821044921875,0.021087646484375,1.00067138671875
1647870990581,2022-03-21T13:56:30.581,unknown,-0.0477142333984375,0.0210723876953125,0.993804931640625
1647870990680,2022-03-21T13:56:30.680,unknown,-0.0479583740234375,0.020721435546875,0.9937896728515625
1647870990780,2022-03-21T13:56:30.780,unknown,-0.048126220703125,0.021881103515625,0.9940948486328125
1647870990880,2022-03-21T13:56:30.880,unknown,-0.047637939453125,0.02130126953125,0.9926300048828125
1647870990979,2022-03-21T13:56:30.979,unknown,-0.04718017578125,0.0218658447265625,0.9964141845703125
1647870991079,2022-03-21T13:56:31.079,unknown,-0.04833984375,0.020904541015625,0.9905242919921875
1647870991178,2022-03-21T13:56:31.178,unknown,-0.0474090576171875,0.021484375,0.99737548828125
1647870991278,2022-03-21T13:56:31.278,unknown,-0.0474853515625,0.021484375,0.995330810546875
1647870991377,2022-03-21T13:56:31.377,unknown,-0.0476837158203125,0.0206146240234375,0.992950439453125
1647870991477,2022-03-21T13:56:31.477,unknown,-0.0482330322265625,0.0206451416015625,0.9973602294921875
1647870991577,2022-03-21T13:56:31.577,unknown,-0.048126220703125,0.0206146240234375,0.99200439453125
1647870991676,2022-03-21T13:56:31.676,unknown,-0.0479888916015625,0.021209716796875,0.99615478515625
1647870991776,2022-03-21T13:56:31.776,unknown,-0.0471343994140625,0.0216522216796875,0.994781494140625
1647870991875,2022-03-21T13:56:31.875,unknown,-0.047088623046875,0.0210113525390625,0.9929656982421875
1647870991975,2022-03-21T13:56:31.975,unknown,-0.0478363037109375,0.0209808349609375,0.998321533203125
1647870992074,2022-03-21T13:56:32.074,unknown,-0.0475616455078125,0.0214996337890625,0.99273681640625
1647870992174,2022-03-21T13:56:32.174,unknown,-0.04766845703125,0.0210418701171875,0.9949188232421875
1647870992274,2022-03-21T13:56:32.274,unknown,-0.0477294921875,0.0209808349609375,0.9952392578125
1647870992373,2022-03-21T13:56:32.373,unknown,-0.0474700927734375,0.0204620361328125,0.9923553466796875
1647870992473,2022-03-21T13:56:32.473,unknown,-0.0479736328125,0.0216217041015625,0.99664306640625
1647870992572,2022-03-21T13:56:32.572,unknown,-0.047515869140625,0.02093505859375,0.991119384765625
1647870992672,2022-03-21T13:56:32.672,unknown,-0.0481414794921875,0.02142333984375,0.996307373046875
1647870992771,2022-03-21T13:56:32.771,unknown,-0.04779052734375,0.0214385986328125,0.9964752197265625
1647870992871,2022-03-21T13:56:32.871,unknown,-0.0478973388671875,0.0222015380859375,0.9922332763671875
1647870992970,2022-03-21T13:56:32.970,unknown,-0.0477142333984375,0.021575927734375,0.9965362548828125
1647870993070,2022-03-21T13:56:33.070,unknown,-0.047576904296875,0.0213775634765625,0.9916534423828125
1647870993170,2022-03-21T13:56:33.170,unknown,-0.0482177734375,0.020782470703125,0.9969940185546875
1647870993269,2022-03-21T13:56:33.269,unknown,-0.04815673828125,0.0208282470703125,0.995208740234375
1647870993369,2022-03-21T13:56:33.369,unknown,-0.047332763671875,0.0213165283203125,0.9913330078125
1647870993468,2022-03-21T13:56:33.468,unknown,-0.04827880859375,0.0212860107421875,0.997833251953125
1647870993568,2022-03-21T13:56:33.568,unknown,-0.047637939453125,0.02154541015625,0.9931182861328125
1647870993667,2022-03-21T13:56:33.667,unknown,-0.04827880859375,0.0211334228515625,0.9951324462890625
1647870993767,2022-03-21T13:56:33.767,unknown,-0.0485992431640625,0.0211944580078125,0.9958953857421875
1647870993867,2022-03-21T13:56:33.867,unknown,-0.0474395751953125,0.0211639404296875,0.9917755126953125
1647870993966,2022-03-21T13:56:33.966,unknown,-0.0472869873046875,0.021453857421875,0.9976654052734375
1647870994066,2022-03-21T13:56:34.066,unknown,-0.04766845703125,0.0202178955078125,0.992462158203125
1647870994165,2022-03-21T13:56:34.165,unknown,-0.04736328125,0.020538330078125,0.996185302734375
1647870994265,2022-03-21T13:56:34.265,unknown,-0.047454833984375,0.02130126953125,0.99493408203125
1647870994364,2022-03-21T13:56:34.364,unknown,-0.0470123291015625,0.021392822265625,0.9921722412109375
1647870994464,2022-03-21T13:56:34.464,unknown,-0.0477447509765625,0.022064208984375,0.997161865234375
1647870994564,2022-03-21T13:56:34.564,unknown,-0.0479888916015625,0.0206756591796875,0.9921722412109375
1647870994663,2022-03-21T13:56:34.663,unknown,-0.0483245849609375,0.0202789306640625,0.995697021484375
1647870994763,2022-03-21T13:56:34.763,unknown,-0.046783447265625,0.0213165283203125,0.993133544921875
1647870994862,2022-03-21T13:56:34.862,unknown,-0.047698974609375,0.0209197998046875,0.991363525390625
1647870994962,2022-03-21T13:56:34.962,unknown,-0.04779052734375,0.0213470458984375,0.99932861328125
1647870995061,2022-03-21T13:56:35.061,unknown,-0.047607421875,0.0204620361328125,0.9921722412109375
1647870995161,2022-03-21T13:56:35.161,unknown,-0.047607421875,0.0216064453125,0.9959869384765625
1647870995261,2022-03-21T13:56:35.261,unknown,-0.0477752685546875,0.0201873779296875,0.9949188232421875
1647870995360,2022-03-21T13:56:35.360,unknown,-0.04791259765625,0.0212249755859375,0.994354248046875
1647870995460,2022-03-21T13:56:35.460,unknown,-0.048004150390625,0.0211639404296875,0.994903564453125
1647870995559,2022-03-21T13:56:35.559,unknown,-0.048187255859375,0.0210113525390625,0.9912872314453125
1647870995659,2022-03-21T13:56:35.659,unknown,-0.047821044921875,0.0214996337890625,0.9991607666015625
1647870995758,2022-03-21T13:56:35.758,unknown,-0.0475311279296875,0.0209503173828125,0.9938201904296875
1647870995858,2022-03-21T13:56:35.858,unknown,-0.0485382080078125,0.0216827392578125,0.9925689697265625
1647870995958,2022-03-21T13:56:35.958,unknown,-0.04779052734375,0.020294189453125,0.9987030029296875
1647870996057,2022-03-21T13:56:36.057,unknown,-0.047637939453125,0.020538330078125,0.9919281005859375
1647870996157,2022-03-21T13:56:36.157,unknown,-0.046966552734375,0.0214080810546875,0.9974822998046875
1647870996256,2022-03-21T13:56:36.256,unknown,-0.0484466552734375,0.02105712890625,0.9947509765625
1647870996356,2022-03-21T13:56:36.356,unknown,-0.04730224609375,0.0212249755859375,0.9915924072265625
1647870996455,2022-03-21T13:56:36.455,unknown,-0.047515869140625,0.020965576171875,0.9969482421875
1647870996555,2022-03-21T13:56:36.555,unknown,-0.0478363037109375,0.0215911865234375,0.99212646484375
1647870996655,2022-03-21T13:56:36.655,unknown,-0.0484161376953125,0.02130126953125,0.9951019287109375
1647870996754,2022-03-21T13:56:36.754,unknown,-0.0476531982421875,0.0214080810546875,0.99627685546875
1647870996854,2022-03-21T13:56:36.854,unknown,-0.0478668212890625,0.0209503173828125,0.993438720703125
1647870996953,2022-03-21T13:56:36.953,unknown,-0.0479278564453125,0.0219573974609375,0.997283935546875
1647870997053,2022-03-21T13:56:37.053,unknown,-0.047760009765625,0.021697998046875,0.9913482666015625
1647870997152,2022-03-21T13:56:37.152,unknown,-0.0475006103515625,0.021575927734375,0.9946441650390625
1647870997252,2022-03-21T13:56:37.252,unknown,-0.0482177734375,0.0204010009765625,0.9957275390625
1647870997352,2022-03-21T13:56:37.352,unknown,-0.0478363037109375,0.0218658447265625,0.991302490234375
1647870997451,2022-03-21T13:56:37.451,unknown,-0.0479278564453125,0.0206451416015625,0.9984130859375
1647870997551,2022-03-21T13:56:37.551,unknown,-0.0471343994140625,0.0219573974609375,0.994415283203125
1647870997650,2022-03-21T13:56:37.650,unknown,-0.0480804443359375,0.0214691162109375,0.992645263671875
1647870997750,2022-03-21T13:56:37.750,unknown,-0.047576904296875,0.0220489501953125,0.99774169921875
1647870997849,2022-03-21T13:56:37.849,unknown,-0.0477142333984375,0.0215911865234375,0.9911956787109375
1647870997949,2022-03-21T13:56:37.949,unknown,-0.04754638671875,0.021270751953125,0.9970855712890625
1647870998049,2022-03-21T13:56:38.049,unknown,-0.0480804443359375,0.020782470703125,0.9939727783203125
1647870998148,2022-03-21T13:56:38.148,unknown,-0.047760009765625,0.021087646484375,0.99212646484375
1647870998248,2022-03-21T13:56:38.248,unknown,-0.04779052734375,0.021728515625,0.997833251953125
1647870998347,2022-03-21T13:56:38.347,unknown,-0.0478057861328125,0.0212860107421875,0.9926605224609375
1647870998447,2022-03-21T13:56:38.447,unknown,-0.0487213134765625,0.0216064453125,0.9964599609375
1647870998546,2022-03-21T13:56:38.546,unknown,-0.0476226806640625,0.0214385986328125,0.9947052001953125
1647870998646,2022-03-21T13:56:38.646,unknown,-0.047637939453125,0.0216522216796875,0.9924774169921875
1647870998746,2022-03-21T13:56:38.746,unknown,-0.0481719970703125,0.0215911865234375,0.995635986328125
1647870998845,2022-03-21T13:56:38.845,unknown,-0.0475616455078125,0.0217742919921875,0.9915313720703125
1647870998945,2022-03-21T13:56:38.945,unknown,-0.0480499267578125,0.021087646484375,0.996002197265625
1647870999044,2022-03-21T13:56:39.044,unknown,-0.0475921630859375,0.021240234375,0.99615478515625
1647870999144,2022-03-21T13:56:39.144,unknown,-0.048065185546875,0.0213470458984375,0.992828369140625
1647870999243,2022-03-21T13:56:39.243,unknown,-0.047821044921875,0.020538330078125,0.997589111328125
1647870999343,2022-03-21T13:56:39.343,unknown,-0.0478363037109375,0.020965576171875,0.9924163818359375
1647870999443,2022-03-21T13:56:39.443,unknown,-0.0478668212890625,0.0219268798828125,0.9960479736328125
1647870999542,2022-03-21T13:56:39.542,unknown,-0.04833984375,0.0217132568359375,0.9954833984375
1647870999642,2022-03-21T13:56:39.642,unknown,-0.0472869873046875,0.020904541015625,0.99163818359375
1647870999741,2022-03-21T13:56:39.741,unknown,-0.0476531982421875,0.0215301513671875,0.9959259033203125
1647870999841,2022-03-21T13:56:39.841,unknown,-0.0477142333984375,0.020660400390625,0.9898834228515625
1647870999940,2022-03-21T13:56:39.940,unknown,-0.0481719970703125,0.0208587646484375,0.9958343505859375
1647871000040,2022-03-21T13:56:40.040,unknown,-0.0478973388671875,0.021148681640625,0.99578857421875
1647871000140,2022-03-21T13:56:40.140,unknown,-0.0479736328125,0.02130126953125,0.992645263671875
1647871000239,2022-03-21T13:56:40.239,unknown,-0.047698974609375,0.0205841064453125,0.99835205078125
1647871000339,2022-03-21T13:56:40.339,unknown,-0.0481719970703125,0.020233154296875,0.9933319091796875
1647871000438,2022-03-21T13:56:40.438,unknown,-0.0481109619140625,0.0213623046875,0.994903564453125
1647871000538,2022-03-21T13:56:40.538,unknown,-0.0479583740234375,0.020782470703125,0.996429443359375
1647871000637,2022-03-21T13:56:40.637,unknown,-0.048004150390625,0.0216217041015625,0.9915313720703125
1647871000737,2022-03-21T13:56:40.737,unknown,-0.0479278564453125,0.0218505859375,0.99603271484375
1647871000837,2022-03-21T13:56:40.837,unknown,-0.04742431640625,0.021942138671875,0.9922332763671875
1647871000936,2022-03-21T13:56:40.936,unknown,-0.047515869140625,0.0205535888671875,0.9968414306640625
1647871001036,2022-03-21T13:56:41.036,unknown,-0.047210693359375,0.022125244140625,0.9968719482421875
1647871001135,2022-03-21T13:56:41.135,unknown,-0.04718017578125,0.020233154296875,0.990478515625
1647871001235,2022-03-21T13:56:41.235,unknown,-0.0474853515625,0.021087646484375,0.994354248046875
1647871001334,2022-03-21T13:56:41.334,unknown,-0.0477752685546875,0.0217742919921875,0.9945220947265625
1647871001434,2022-03-21T13:56:41.434,unknown,-0.0478973388671875,0.0205841064453125,0.9935760498046875
1647871001533,2022-03-21T13:56:41.533,unknown,-0.047607421875,0.0217437744140625,0.9967193603515625
1647871001633,2022-03-21T13:56:41.633,unknown,-0.0476531982421875,0.0208282470703125,0.9899139404296875
1647871001733,2022-03-21T13:56:41.733,unknown,-0.0479736328125,0.0201873779296875,0.9964447021484375
1647871001832,2022-03-21T13:56:41.832,unknown,-0.0477752685546875,0.0215606689453125,0.99395751953125
1647871001932,2022-03-21T13:56:41.932,unknown,-0.0477294921875,0.0206451416015625,0.9930419921875
1647871002031,2022-03-21T13:56:42.031,unknown,-0.047943115234375,0.02142333984375,0.9954986572265625
1647871002131,2022-03-21T13:56:42.131,unknown,-0.0474700927734375,0.0208892822265625,0.992645263671875
1647871002230,2022-03-21T13:56:42.230,unknown,-0.046539306640625,0.0208740234375,0.9964141845703125
1647871002330,2022-03-21T13:56:42.330,unknown,-0.0479888916015625,0.0215606689453125,0.992706298828125
1647871002430,2022-03-21T13:56:42.430,unknown,-0.0473785400390625,0.0204925537109375,0.9927825927734375
1647871002529,2022-03-21T13:56:42.529,unknown,-0.0475616455078125,0.0217437744140625,0.9970855712890625
1647871002629,2022-03-21T13:56:42.629,unknown,-0.047821044921875,0.0204925537109375,0.9925537109375
1647871002728,2022-03-21T13:56:42.728,unknown,-0.04779052734375,0.0214691162109375,0.997467041015625
1647871002828,2022-03-21T13:56:42.828,unknown,-0.0471038818359375,0.0212860107421875,0.9940185546875
1647871002927,2022-03-21T13:56:42.927,unknown,-0.0471343994140625,0.0215606689453125,0.992218017578125
1647871003027,2022-03-21T13:56:43.027,unknown,-0.0483245849609375,0.0214996337890625,0.99615478515625
1647871003127,2022-03-21T13:56:43.127,unknown,-0.0477294921875,0.0214996337890625,0.9917144775390625
1647871003226,2022-03-21T13:56:43.226,unknown,-0.047821044921875,0.0206146240234375,0.9951019287109375
1647871003326,2022-03-21T13:56:43.326,unknown,-0.0475006103515625,0.0218963623046875,0.995025634765625
1647871003425,2022-03-21T13:56:43.425,unknown,-0.04779052734375,0.0213470458984375,0.9941558837890625
1647871003525,2022-03-21T13:56:43.525,unknown,-0.0482330322265625,0.0220489501953125,0.99566650390625
1647871003624,2022-03-21T13:56:43.624,unknown,-0.047454833984375,0.021087646484375,0.992645263671875
1647871003724,2022-03-21T13:56:43.724,unknown,-0.0481719970703125,0.0205841064453125,0.9976806640625
1647871003824,2022-03-21T13:56:43.824,unknown,-0.0485382080078125,0.0205841064453125,0.9966888427734375
1647871003923,2022-03-21T13:56:43.923,unknown,-0.0474853515625,0.0205535888671875,0.992645263671875
1647871004023,2022-03-21T13:56:44.023,unknown,-0.047637939453125,0.0210113525390625,0.99688720703125
1647871004122,2022-03-21T13:56:44.122,unknown,-0.0470733642578125,0.02105712890625,0.99169921875
1647871004222,2022-03-21T13:56:44.222,unknown,-0.0477752685546875,0.0213165283203125,0.9959716796875
1647871004321,2022-03-21T13:56:44.321,unknown,-0.047821044921875,0.0201568603515625,0.9962005615234375
1647871004421,2022-03-21T13:56:44.421,unknown,-0.0473785400390625,0.02099609375,0.992889404296875
1647871004521,2022-03-21T13:56:44.521,unknown,-0.0475921630859375,0.021759033203125,0.9974365234375
1647871004620,2022-03-21T13:56:44.620,unknown,-0.046966552734375,0.0207061767578125,0.9925384521484375
1647871004720,2022-03-21T13:56:44.720,unknown,-0.0476531982421875,0.0214691162109375,0.9958953857421875
1647871004819,2022-03-21T13:56:44.819,unknown,-0.0475311279296875,0.0210723876953125,0.9949798583984375
1647871004919,2022-03-21T13:56:44.919,unknown,-0.047760009765625,0.0215911865234375,0.99151611328125
1647871005018,2022-03-21T13:56:45.018,unknown,-0.0485076904296875,0.0214996337890625,0.997772216796875
1647871005118,2022-03-21T13:56:45.118,unknown,-0.0482635498046875,0.0219268798828125,0.99267578125
1647871005218,2022-03-21T13:56:45.218,unknown,-0.0475616455078125,0.0204620361328125,0.9946136474609375
1647871005317,2022-03-21T13:56:45.317,unknown,-0.048004150390625,0.021148681640625,0.9953460693359375
1647871005417,2022-03-21T13:56:45.417,unknown,-0.0478668212890625,0.020355224609375,0.993072509765625
1647871065479,2022-03-21T13:57:45.479,unknown,-0.04791259765625,0.0211029052734375,0.9950103759765625
1647871065578,2022-03-21T13:57:45.578,unknown,-0.047637939453125,0.0201568603515625,0.991851806640625
1647871065678,2022-03-21T13:57:45.678,unknown,-0.0474090576171875,0.019989013671875,0.9970550537109375
1647871065777,2022-03-21T13:57:45.777,unknown,-0.0482025146484375,0.02142333984375,0.9940948486328125
1647871065877,2022-03-21T13:57:45.877,unknown,-0.0477447509765625,0.021240234375,0.99517822265625
1647871065976,2022-03-21T13:57:45.976,unknown,-0.0477447509765625,0.0210113525390625,0.996246337890625
1647871066076,2022-03-21T13:57:46.076,unknown,-0.04730224609375,0.0209503173828125,0.9916534423828125
1647871066176,2022-03-21T13:57:46.176,unknown,-0.0477447509765625,0.0210113525390625,0.9967193603515625
1647871066275,2022-03-21T13:57:46.275,unknown,-0.0474853515625,0.02069091796875,0.99310302734375
1647871066375,2022-03-21T13:57:46.375,unknown,-0.047576904296875,0.02130126953125,0.994232177734375
1647871066474,2022-03-21T13:57:46.474,unknown,-0.0476226806640625,0.0212554931640625,0.99517822265625
1647871066574,2022-03-21T13:57:46.574,unknown,-0.0471649169921875,0.0212860107421875,0.9910430908203125
1647871066673,2022-03-21T13:57:46.673,unknown,-0.04730224609375,0.0204315185546875,0.998138427734375
1647871066773,2022-03-21T13:57:46.773,unknown,-0.047515869140625,0.0203857421875,0.9932403564453125
1647871066873,2022-03-21T13:57:46.873,unknown,-0.047119140625,0.0209197998046875,0.9933624267578125
1647871066972,2022-03-21T13:57:46.972,unknown,-0.0476226806640625,0.021209716796875,0.9960174560546875
1647871067072,2022-03-21T13:57:47.072,unknown,-0.04766845703125,0.0207672119140625,0.9924774169921875
1647871067171,2022-03-21T13:57:47.171,unknown,-0.0476531982421875,0.020660400390625,0.9976654052734375
1647871067271,2022-03-21T13:57:47.271,unknown,-0.0482635498046875,0.0205841064453125,0.99560546875
1647871067370,2022-03-21T13:57:47.370,unknown,-0.04766845703125,0.020477294921875,0.9946746826171875
1647871067470,2022-03-21T13:57:47.470,unknown,-0.047515869140625,0.020538330078125,0.9964141845703125
1647871067570,2022-03-21T13:57:47.570,unknown,-0.0479888916015625,0.0212860107421875,0.9911041259765625
1647871067669,2022-03-21T13:57:47.669,unknown,-0.047698974609375,0.02099609375,0.9964141845703125
1647871067769,2022-03-21T13:57:47.769,unknown,-0.0489044189453125,0.0210113525390625,0.993560791015625
1647871067868,2022-03-21T13:57:47.868,unknown,-0.0474395751953125,0.0210113525390625,0.9927215576171875
1647871067968,2022-03-21T13:57:47.968,unknown,-0.0472259521484375,0.0211181640625,0.9969635009765625
1647871068067,2022-03-21T13:57:48.067,unknown,-0.0470733642578125,0.021148681640625,0.9918670654296875
1647871068167,2022-03-21T13:57:48.167,unknown,-0.0481414794921875,0.0204620361328125,0.99542236328125
1647871068267,2022-03-21T13:57:48.267,unknown,-0.0476226806640625,0.0211029052734375,0.9955902099609375
1647871068366,2022-03-21T13:57:48.366,unknown,-0.04718017578125,0.0208740234375,0.9940948486328125
1647871068466,2022-03-21T13:57:48.466,unknown,-0.0478057861328125,0.0208740234375,0.9976654052734375
1647871068565,2022-03-21T13:57:48.565,unknown,-0.04791259765625,0.021209716796875,0.992462158203125
1647871068665,2022-03-21T13:57:48.665,unknown,-0.04730224609375,0.0208892822265625,0.9964752197265625
1647871068764,2022-03-21T13:57:48.764,unknown,-0.0481719970703125,0.0212860107421875,0.9935760498046875
1647871068864,2022-03-21T13:57:48.864,unknown,-0.0473480224609375,0.0203399658203125,0.99261474609375
1647871068963,2022-03-21T13:57:48.963,unknown,-0.0477447509765625,0.0211944580078125,0.99566650390625
1647871069063,2022-03-21T13:57:49.063,unknown,-0.0471649169921875,0.0208587646484375,0.994232177734375
1647871069163,2022-03-21T13:57:49.163,unknown,-0.047821044921875,0.0209503173828125,0.996368408203125
1647871069262,2022-03-21T13:57:49.262,unknown,-0.0479278564453125,0.0213470458984375,0.9936676025390625
1647871069362,2022-03-21T13:57:49.362,unknown,-0.047607421875,0.0210418701171875,0.9916839599609375
1647871069461,2022-03-21T13:57:49.461,unknown,-0.0467987060546875,0.021209716796875,0.99713134765625
1647871069561,2022-03-21T13:57:49.561,unknown,-0.0473480224609375,0.0208892822265625,0.993133544921875
1647871069660,2022-03-21T13:57:49.660,unknown,-0.0477294921875,0.0211181640625,0.994781494140625
1647871069760,2022-03-21T13:57:49.760,unknown,-0.0474090576171875,0.0209503173828125,0.995880126953125
1647871069860,2022-03-21T13:57:49.860,unknown,-0.048065185546875,0.0202484130859375,0.9947052001953125
1647871069959,2022-03-21T13:57:49.959,unknown,-0.04742431640625,0.0213165283203125,0.9957122802734375
1647871070059,2022-03-21T13:57:50.059,unknown,-0.0475616455078125,0.020751953125,0.992218017578125
1647871070158,2022-03-21T13:57:50.158,unknown,-0.0484619140625,0.0214996337890625,0.9958648681640625
1647871070258,2022-03-21T13:57:50.258,unknown,-0.0478515625,0.0213775634765625,0.9948577880859375
1647871070357,2022-03-21T13:57:50.357,unknown,-0.0477294921875,0.0208740234375,0.99200439453125
1647871070457,2022-03-21T13:57:50.457,unknown,-0.04718017578125,0.0213165283203125,0.9969329833984375
1647871070557,2022-03-21T13:57:50.557,unknown,-0.0472259521484375,0.0211334228515625,0.9929962158203125
1647871070656,2022-03-21T13:57:50.656,unknown,-0.0474090576171875,0.0212249755859375,0.996307373046875
1647871070756,2022-03-21T13:57:50.756,unknown,-0.0469818115234375,0.02117919921875,0.9979705810546875
1647871070855,2022-03-21T13:57:50.855,unknown,-0.047210693359375,0.0218353271484375,0.9929962158203125
1647871070955,2022-03-21T13:57:50.955,unknown,-0.04754638671875,0.021484375,0.9952392578125
1647871071054,2022-03-21T13:57:51.054,unknown,-0.0471649169921875,0.0204620361328125,0.993927001953125
1647871071154,2022-03-21T13:57:51.154,unknown,-0.0476226806640625,0.0204620361328125,0.9941253662109375
1647871071254,2022-03-21T13:57:51.254,unknown,-0.0479888916015625,0.0203857421875,0.9962310791015625
1647871071353,2022-03-21T13:57:51.353,unknown,-0.0470733642578125,0.0209503173828125,0.9927520751953125
1647871071453,2022-03-21T13:57:51.453,unknown,-0.0472564697265625,0.02056884765625,0.9978179931640625
1647871071552,2022-03-21T13:57:51.552,unknown,-0.0473175048828125,0.0210723876953125,0.9920501708984375
1647871071652,2022-03-21T13:57:51.652,unknown,-0.0481414794921875,0.0206451416015625,0.9940948486328125
1647871071751,2022-03-21T13:57:51.751,unknown,-0.047698974609375,0.020751953125,0.9965972900390625
1647871071851,2022-03-21T13:57:51.851,unknown,-0.0478973388671875,0.0205230712890625,0.9908447265625
1647871071951,2022-03-21T13:57:51.951,unknown,-0.0479583740234375,0.02032470703125,0.99639892578125
1647871072050,2022-03-21T13:57:52.050,unknown,-0.0474853515625,0.0205535888671875,0.9929962158203125
1647871072150,2022-03-21T13:57:52.150,unknown,-0.04736328125,0.021087646484375,0.994354248046875
1647871072249,2022-03-21T13:57:52.249,unknown,-0.0470123291015625,0.0210113525390625,0.9973602294921875
1647871072349,2022-03-21T13:57:52.349,unknown,-0.04791259765625,0.020904541015625,0.9933929443359375
1647871072448,2022-03-21T13:57:52.448,unknown,-0.0471038818359375,0.02105712890625,0.9966278076171875
1647871072548,2022-03-21T13:57:52.548,unknown,-0.047210693359375,0.021575927734375,0.9942626953125
1647871072648,2022-03-21T13:57:52.648,unknown,-0.0476531982421875,0.020416259765625,0.9939117431640625
1647871072747,2022-03-21T13:57:52.747,unknown,-0.0478668212890625,0.02008056640625,0.994873046875
1647871072847,2022-03-21T13:57:52.847,unknown,-0.0471343994140625,0.0210723876953125,0.9917449951171875
1647871072946,2022-03-21T13:57:52.946,unknown,-0.048004150390625,0.020751953125,0.997344970703125
1647871073046,2022-03-21T13:57:53.046,unknown,-0.047637939453125,0.0212860107421875,0.992095947265625
1647871073145,2022-03-21T13:57:53.145,unknown,-0.0480194091796875,0.0214385986328125,0.994049072265625
1647871073245,2022-03-21T13:57:53.245,unknown,-0.0470428466796875,0.021514892578125,0.99560546875
1647871073345,2022-03-21T13:57:53.345,unknown,-0.04815673828125,0.0208892822265625,0.9934234619140625
1647871073444,2022-03-21T13:57:53.444,unknown,-0.0477447509765625,0.0212860107421875,0.9959716796875
1647871073544,2022-03-21T13:57:53.544,unknown,-0.047943115234375,0.0208282470703125,0.995025634765625
1647871073643,2022-03-21T13:57:53.643,unknown,-0.04766845703125,0.020660400390625,0.9917144775390625
1647871073743,2022-03-21T13:57:53.743,unknown,-0.0483245849609375,0.0206756591796875,0.9971923828125
1647871073842,2022-03-21T13:57:53.842,unknown,-0.0478515625,0.0211334228515625,0.993621826171875
1647871073942,2022-03-21T13:57:53.942,unknown,-0.047210693359375,0.0207977294921875,0.997802734375
1647871074042,2022-03-21T13:57:54.042,unknown,-0.0477142333984375,0.0213623046875,0.9936065673828125
1647871074141,2022-03-21T13:57:54.141,unknown,-0.047332763671875,0.0217742919921875,0.9942779541015625
1647871074241,2022-03-21T13:57:54.241,unknown,-0.0479888916015625,0.0214080810546875,0.99664306640625
1647871074340,2022-03-21T13:57:54.340,unknown,-0.04736328125,0.020751953125,0.98974609375
1647871074440,2022-03-21T13:57:54.440,unknown,-0.047393798828125,0.0206756591796875,0.9975738525390625
1647871074539,2022-03-21T13:57:54.539,unknown,-0.047760009765625,0.02117919921875,0.993988037109375
1647871074639,2022-03-21T13:57:54.639,unknown,-0.046875,0.0207061767578125,0.9926605224609375
1647871074739,2022-03-21T13:57:54.739,unknown,-0.0478363037109375,0.0208892822265625,0.9958648681640625
1647871074838,2022-03-21T13:57:54.838,unknown,-0.0472412109375,0.0207672119140625,0.9908599853515625
1647871074938,2022-03-21T13:57:54.938,unknown,-0.0477142333984375,0.021209716796875,0.9966583251953125
1647871075037,2022-03-21T13:57:55.037,unknown,-0.04779052734375,0.0202484130859375,0.99365234375
1647871075137,2022-03-21T13:57:55.137,unknown,-0.0475311279296875,0.0216522216796875,0.9937286376953125
1647871075236,2022-03-21T13:57:55.236,unknown,-0.0477447509765625,0.020843505859375,0.99713134765625
1647871075336,2022-03-21T13:57:55.336,unknown,-0.047760009765625,0.020965576171875,0.9911956787109375
1647871075436,2022-03-21T13:57:55.436,unknown,-0.0474395751953125,0.0208892822265625,0.996795654296875
1647871075535,2022-03-21T13:57:55.535,unknown,-0.0477142333984375,0.021392822265625,0.993438720703125
1647871075635,2022-03-21T13:57:55.635,unknown,-0.047698974609375,0.02227783203125,0.99407958984375
1647871075734,2022-03-21T13:57:55.734,unknown,-0.046966552734375,0.02056884765625,0.9958343505859375
1647871075834,2022-03-21T13:57:55.834,unknown,-0.0481109619140625,0.0212249755859375,0.9910430908203125
1647871075933,2022-03-21T13:57:55.933,unknown,-0.047454833984375,0.0199737548828125,0.9974212646484375
1647871076033,2022-03-21T13:57:56.033,unknown,-0.0478973388671875,0.02166748046875,0.991668701171875
1647871076132,2022-03-21T13:57:56.132,unknown,-0.04736328125,0.0199127197265625,0.994873046875
1647871076232,2022-03-21T13:57:56.232,unknown,-0.0474395751953125,0.0212554931640625,0.996307373046875
1647871076332,2022-03-21T13:57:56.332,unknown,-0.0484161376953125,0.02008056640625,0.9924163818359375
1647871076431,2022-03-21T13:57:56.431,unknown,-0.0479583740234375,0.0213775634765625,0.996734619140625
1647871076531,2022-03-21T13:57:56.531,unknown,-0.0473785400390625,0.02069091796875,0.9920501708984375
1647871076630,2022-03-21T13:57:56.630,unknown,-0.0470123291015625,0.020751953125,0.99505615234375
1647871076730,2022-03-21T13:57:56.730,unknown,-0.047393798828125,0.02032470703125,0.99554443359375
1647871076829,2022-03-21T13:57:56.829,unknown,-0.04815673828125,0.02081298828125,0.9920654296875
1647871076929,2022-03-21T13:57:56.929,unknown,-0.0478515625,0.0205841064453125,0.9962005615234375
1647871077029,2022-03-21T13:57:57.029,unknown,-0.0483551025390625,0.0204010009765625,0.991973876953125
1647871077128,2022-03-21T13:57:57.128,unknown,-0.0477447509765625,0.0207977294921875,0.995391845703125
1647871077228,2022-03-21T13:57:57.228,unknown,-0.0478973388671875,0.0207672119140625,0.9969940185546875
1647871077327,2022-03-21T13:57:57.327,unknown,-0.0478057861328125,0.0208587646484375,0.9912567138671875
1647871077427,2022-03-21T13:57:57.427,unknown,-0.0474853515625,0.0205078125,0.9957122802734375
1647871077526,2022-03-21T13:57:57.526,unknown,-0.0472564697265625,0.0203857421875,0.993804931640625
1647871077626,2022-03-21T13:57:57.626,unknown,-0.0476837158203125,0.020660400390625,0.9940338134765625
1647871077726,2022-03-21T13:57:57.726,unknown,-0.0477142333984375,0.021453857421875,0.994537353515625
1647871077825,2022-03-21T13:57:57.825,unknown,-0.04705810546875,0.0212249755859375,0.9921112060546875
1647871077925,2022-03-21T13:57:57.925,unknown,-0.047882080078125,0.021240234375,0.9972076416015625
1647871078024,2022-03-21T13:57:58.024,unknown,-0.04742431640625,0.021087646484375,0.9925689697265625
1647871078124,2022-03-21T13:57:58.124,unknown,-0.0477752685546875,0.020172119140625,0.9935150146484375
1647871078223,2022-03-21T13:57:58.223,unknown,-0.0474700927734375,0.0212860107421875,0.9974212646484375
1647871078323,2022-03-21T13:57:58.323,unknown,-0.046722412109375,0.0213165283203125,0.9915008544921875
1647871078423,2022-03-21T13:57:58.423,unknown,-0.047821044921875,0.0219573974609375,0.9971160888671875
1647871078522,2022-03-21T13:57:58.522,unknown,-0.0476226806640625,0.0203857421875,0.99322509765625
1647871078622,2022-03-21T13:57:58.622,unknown,-0.0481414794921875,0.021514892578125,0.9947967529296875
1647871078721,2022-03-21T13:57:58.721,unknown,-0.047576904296875,0.021942138671875,0.996185302734375
1647871078821,2022-03-21T13:57:58.821,unknown,-0.0471954345703125,0.0211029052734375,0.99169921875
1647871078920,2022-03-21T13:57:58.920,unknown,-0.048065185546875,0.0209808349609375,0.99755859375
1647871079020,2022-03-21T13:57:59.020,unknown,-0.0478973388671875,0.0211944580078125,0.991455078125
1647871079120,2022-03-21T13:57:59.120,unknown,-0.0476837158203125,0.020904541015625,0.9937591552734375
1647871079219,2022-03-21T13:57:59.219,unknown,-0.04718017578125,0.020904541015625,0.9966278076171875
1647871079319,2022-03-21T13:57:59.319,unknown,-0.047332763671875,0.0203399658203125,0.9925994873046875
1647871079418,2022-03-21T13:57:59.418,unknown,-0.04840087890625,0.0216827392578125,0.9966583251953125
1647871079518,2022-03-21T13:57:59.518,unknown,-0.047027587890625,0.021453857421875,0.9925384521484375
1647871079617,2022-03-21T13:57:59.617,unknown,-0.0469207763671875,0.0209197998046875,0.995574951171875
1647871079717,2022-03-21T13:57:59.717,unknown,-0.0477294921875,0.020599365234375,0.99578857421875
1647871079817,2022-03-21T13:57:59.817,unknown,-0.0476226806640625,0.0204010009765625,0.992462158203125
1647871079916,2022-03-21T13:57:59.916,unknown,-0.046905517578125,0.02154541015625,0.99688720703125
1647871080016,2022-03-21T13:58:00.016,unknown,-0.047760009765625,0.020751953125,0.9933319091796875
1647871080115,2022-03-21T13:58:00.115,unknown,-0.04779052734375,0.0208892822265625,0.9946136474609375
1647871080215,2022-03-21T13:58:00.215,unknown,-0.048095703125,0.021209716796875,0.9949188232421875
1647871080314,2022-03-21T13:58:00.314,unknown,-0.0475616455078125,0.0203094482421875,0.9923248291015625
1647871080414,2022-03-21T13:58:00.414,unknown,-0.0472259521484375,0.0210418701171875,0.99786376953125
1647871080514,2022-03-21T13:58:00.514,unknown,-0.04736328125,0.020477294921875,0.99139404296875
1647871080613,2022-03-21T13:58:00.613,unknown,-0.0473785400390625,0.0204620361328125,0.9943084716796875
1647871080713,2022-03-21T13:58:00.713,unknown,-0.0477142333984375,0.0212860107421875,0.996337890625
1647871080812,2022-03-21T13:58:00.812,unknown,-0.04766845703125,0.021881103515625,0.9918060302734375
1647871080912,2022-03-21T13:58:00.912,unknown,-0.047607421875,0.0213470458984375,0.997222900390625
1647871081011,2022-03-21T13:58:01.011,unknown,-0.0476837158203125,0.020477294921875,0.9942779541015625
1647871081111,2022-03-21T13:58:01.111,unknown,-0.0468597412109375,0.0208740234375,0.994659423828125
1647871081211,2022-03-21T13:58:01.211,unknown,-0.0473480224609375,0.02105712890625,0.99609375
1647871081310,2022-03-21T13:58:01.310,unknown,-0.0479278564453125,0.0204925537109375,0.9937286376953125
1647871081410,2022-03-21T13:58:01.410,unknown,-0.046783447265625,0.0208587646484375,0.997467041015625
1647871081509,2022-03-21T13:58:01.509,unknown,-0.047637939453125,0.0203399658203125,0.99163818359375
1647871081609,2022-03-21T13:58:01.609,unknown,-0.0467987060546875,0.020843505859375,0.9936370849609375
1647871081708,2022-03-21T13:58:01.708,unknown,-0.0471954345703125,0.020843505859375,0.9954376220703125
1647871081808,2022-03-21T13:58:01.808,unknown,-0.03857421875,0.0245208740234375,0.994354248046875
1647871081908,2022-03-21T13:58:01.908,unknown,-0.065338134765625,-0.01007080078125,0.994415283203125
1647871082007,2022-03-21T13:58:02.007,unknown,-0.0736541748046875,0.0391693115234375,0.99462890625
1647871082107,2022-03-21T13:58:02.107,unknown,0.000244140625,-9.1552734375e-05,0.990509033203125
1647871082206,2022-03-21T13:58:02.206,unknown,-0.063232421875,0.037017822265625,1.0008087158203125
1647871082306,2022-03-21T13:58:02.306,unknown,-0.0653228759765625,0.0023345947265625,0.990997314453125
1647871082405,2022-03-21T13:58:02.405,unknown,-0.0228424072265625,0.0368804931640625,0.9987030029296875
1647871082505,2022-03-21T13:58:02.505,unknown,-0.045806884765625,0.021087646484375,0.9934844970703125
1647871082605,2022-03-21T13:58:02.605,unknown,-0.076080322265625,0.0269012451171875,1.007476806640625
1647871082704,2022-03-21T13:58:02.704,unknown,-0.03985595703125,0.01080322265625,0.998199462890625
1647871082804,2022-03-21T13:58:02.804,unknown,-0.0438232421875,0.0524444580078125,0.9969940185546875
1647871082903,2022-03-21T13:58:02.903,unknown,-0.0538787841796875,0.0001678466796875,0.99176025390625
1647871083003,2022-03-21T13:58:03.003,unknown,-0.0528106689453125,0.0402984619140625,0.9943084716796875
1647871083102,2022-03-21T13:58:03.102,unknown,-0.0366363525390625,0.0112762451171875,0.99090576171875
1647871083202,2022-03-21T13:58:03.202,unknown,-0.0531463623046875,0.0380401611328125,0.998321533203125
1647871083301,2022-03-21T13:58:03.301,unknown,-0.0519256591796875,0.006744384765625,0.9917755126953125
1647871083401,2022-03-21T13:58:03.401,unknown,-0.041717529296875,0.025482177734375,0.9982757568359375
1647871083501,2022-03-21T13:58:03.501,unknown,-0.0470123291015625,0.0185089111328125,0.9915008544921875
1647871083600,2022-03-21T13:58:03.600,unknown,-0.0519561767578125,0.0224761962890625,0.99444580078125
1647871083700,2022-03-21T13:58:03.700,unknown,-0.0490875244140625,0.024139404296875,0.998291015625
1647871083799,2022-03-21T13:58:03.799,unknown,-0.04345703125,0.02154541015625,0.9916229248046875
1647871083899,2022-03-21T13:58:03.899,unknown,-0.051116943359375,0.025238037109375,0.998077392578125
1647871083998,2022-03-21T13:58:03.998,unknown,-0.049774169921875,0.01593017578125,0.9929962158203125
1647871084098,2022-03-21T13:58:04.098,unknown,-0.0445709228515625,0.0236663818359375,0.994171142578125
1647871084198,2022-03-21T13:58:04.198,unknown,-0.048126220703125,0.01690673828125,0.994964599609375
1647871084297,2022-03-21T13:58:04.297,unknown,-0.0501708984375,0.026031494140625,0.99261474609375
1647871084397,2022-03-21T13:58:04.397,unknown,-0.045074462890625,0.0189971923828125,0.9963836669921875
1647871084496,2022-03-21T13:58:04.496,unknown,-0.04583740234375,0.023345947265625,0.9946136474609375
1647871084596,2022-03-21T13:58:04.596,unknown,-0.0513153076171875,0.022796630859375,0.990570068359375
1647871084695,2022-03-21T13:58:04.695,unknown,-0.0476837158203125,0.0180206298828125,0.9967498779296875
1647871084795,2022-03-21T13:58:04.795,unknown,-0.045623779296875,0.0223236083984375,0.99188232421875
1647871084895,2022-03-21T13:58:04.895,unknown,-0.0494384765625,0.0222015380859375,0.996826171875
1647871084994,2022-03-21T13:58:04.994,unknown,-0.0468292236328125,0.020477294921875,0.9936065673828125
1647871085094,2022-03-21T13:58:05.094,unknown,-0.0468597412109375,0.0230255126953125,0.9929656982421875
1647871085193,2022-03-21T13:58:05.193,unknown,-0.04876708984375,0.020050048828125,0.9972686767578125
1647871085293,2022-03-21T13:58:05.293,unknown,-0.046142578125,0.0225982666015625,0.9918060302734375
1647871085392,2022-03-21T13:58:05.392,unknown,-0.0466461181640625,0.0189208984375,0.9959716796875
1647871085492,2022-03-21T13:58:05.492,unknown,-0.0484771728515625,0.0231170654296875,0.9943695068359375
1647871085592,2022-03-21T13:58:05.592,unknown,-0.046600341796875,0.020233154296875,0.9931488037109375
1647871085691,2022-03-21T13:58:05.691,unknown,-0.0474090576171875,0.02392578125,0.9962310791015625
1647871085791,2022-03-21T13:58:05.791,unknown,-0.048736572265625,0.0200347900390625,0.9928131103515625
1647871085890,2022-03-21T13:58:05.890,unknown,-0.04669189453125,0.02294921875,0.9962005615234375
1647871085990,2022-03-21T13:58:05.990,unknown,-0.0466461181640625,0.0205841064453125,0.99237060546875
1647871086089,2022-03-21T13:58:06.089,unknown,-0.0479278564453125,0.0219268798828125,0.9944000244140625
1647871086189,2022-03-21T13:58:06.189,unknown,-0.0470733642578125,0.0207977294921875,0.9978790283203125
1647871086289,2022-03-21T13:58:06.289,unknown,-0.0464324951171875,0.021453857421875,0.9907684326171875
1647871086388,2022-03-21T13:58:06.388,unknown,-0.04833984375,0.021453857421875,0.997589111328125
1647871086488,2022-03-21T13:58:06.488,unknown,-0.0478668212890625,0.021514892578125,0.9930877685546875
1647871086587,2022-03-21T13:58:06.587,unknown,-0.0473480224609375,0.022247314453125,0.9941558837890625
1647871086687,2022-03-21T13:58:06.687,unknown,-0.047637939453125,0.021331787109375,0.99749755859375
1647871086786,2022-03-21T13:58:06.786,unknown,-0.0479888916015625,0.0225067138671875,0.9930419921875
1647871086886,2022-03-21T13:58:06.886,unknown,-0.0464630126953125,0.020660400390625,0.9970855712890625
1647871086986,2022-03-21T13:58:06.986,unknown,-0.048309326171875,0.0222320556640625,0.9932403564453125
1647871087085,2022-03-21T13:58:07.085,unknown,-0.0477294921875,0.0213470458984375,0.9928131103515625
1647871087185,2022-03-21T13:58:07.185,unknown,-0.0486907958984375,0.0171966552734375,0.9973297119140625
1647871087284,2022-03-21T13:58:07.284,unknown,-0.0427398681640625,0.0086822509765625,0.9902801513671875
1647871087384,2022-03-21T13:58:07.384,unknown,-0.056365966796875,0.03778076171875,0.999786376953125
1647871087483,2022-03-21T13:58:07.483,unknown,-0.041259765625,0.0063018798828125,0.9921112060546875
1647871087583,2022-03-21T13:58:07.583,unknown,-0.046142578125,0.032501220703125,0.99462890625
1647871087683,2022-03-21T13:58:07.683,unknown,-0.053253173828125,0.026336669921875,0.998046875
1647871087782,2022-03-21T13:58:07.782,unknown,-0.0375823974609375,-0.0013580322265625,0.988006591796875
1647871087882,2022-03-21T13:58:07.882,unknown,-0.058502197265625,0.03070068359375,0.996337890625
1647871087981,2022-03-21T13:58:07.981,unknown,-0.0428924560546875,0.0049285888671875,0.9924774169921875
1647871088081,2022-03-21T13:58:08.081,unknown,-0.0368499755859375,0.0338287353515625,0.9939117431640625
1647871088180,2022-03-21T13:58:08.180,unknown,-0.06109619140625,0.0118255615234375,0.9940032958984375
1647871088280,2022-03-21T13:58:08.280,unknown,-0.05145263671875,0.0297393798828125,0.9934844970703125
1647871088380,2022-03-21T13:58:08.380,unknown,-0.0343170166015625,0.023956298828125,0.9972991943359375
1647871088479,2022-03-21T13:58:08.479,unknown,-0.05389404296875,0.0185089111328125,0.994171142578125
1647871088579,2022-03-21T13:58:08.579,unknown,-0.05303955078125,0.0224151611328125,0.993621826171875
1647871088678,2022-03-21T13:58:08.678,unknown,-0.0391845703125,0.020599365234375,0.9962158203125
1647871088778,2022-03-21T13:58:08.778,unknown,-0.0498046875,0.0222625732421875,0.99114990234375
1647871088877,2022-03-21T13:58:08.877,unknown,-0.05322265625,0.0206146240234375,0.9966888427734375
1647871088977,2022-03-21T13:58:08.977,unknown,-0.0423583984375,0.0232391357421875,0.9937591552734375
1647871089077,2022-03-21T13:58:09.077,unknown,-0.046844482421875,0.024749755859375,0.9922332763671875
1647871089176,2022-03-21T13:58:09.176,unknown,-0.0518951416015625,0.020233154296875,0.996490478515625
1647871089276,2022-03-21T13:58:09.276,unknown,-0.0471038818359375,0.022918701171875,0.9929046630859375
1647871089375,2022-03-21T13:58:09.375,unknown,-0.0437774658203125,0.023590087890625,0.9952239990234375
1647871089475,2022-03-21T13:58:09.475,unknown,-0.049468994140625,0.0189056396484375,0.9943389892578125
1647871089574,2022-03-21T13:58:09.574,unknown,-0.051727294921875,0.0225677490234375,0.9930419921875
1647871089674,2022-03-21T13:58:09.674,unknown,-0.0431060791015625,0.02520751953125,0.996429443359375
1647871089774,2022-03-21T13:58:09.774,unknown,-0.045654296875,0.022369384765625,0.9905853271484375
1647871089873,2022-03-21T13:58:09.873,unknown,-0.05364990234375,0.022125244140625,0.9972076416015625
1647871089973,2022-03-21T13:58:09.973,unknown,-0.045257568359375,0.0224761962890625,0.993316650390625
1647871090072,2022-03-21T13:58:10.072,unknown,-0.0439453125,0.021484375,0.9938507080078125
1647871090172,2022-03-21T13:58:10.172,unknown,-0.0521392822265625,0.021392822265625,0.9971160888671875
1647871090271,2022-03-21T13:58:10.271,unknown,-0.04620361328125,0.02203369140625,0.9904022216796875
1647871090371,2022-03-21T13:58:10.371,unknown,-0.0460052490234375,0.02056884765625,0.9955291748046875
1647871090470,2022-03-21T13:58:10.470,unknown,-0.05035400390625,0.0221710205078125,0.9935760498046875
1647871090570,2022-03-21T13:58:10.570,unknown,-0.0463714599609375,0.0229034423828125,0.9943084716796875
1647871090670,2022-03-21T13:58:10.670,unknown,-0.046661376953125,0.0217437744140625,0.9964599609375
1647871090769,2022-03-21T13:58:10.769,unknown,-0.0496978759765625,0.023529052734375,0.991241455078125
1647871090869,2022-03-21T13:58:10.869,unknown,-0.046600341796875,0.0234375,0.99755859375
1647871090968,2022-03-21T13:58:10.968,unknown,-0.04705810546875,0.020477294921875,0.9922027587890625
1647871091068,2022-03-21T13:58:11.068,unknown,-0.049835205078125,0.025421142578125,0.99395751953125
1647871091167,2022-03-21T13:58:11.167,unknown,-0.04827880859375,0.02581787109375,0.995849609375
1647871091267,2022-03-21T13:58:11.267,unknown,-0.04620361328125,0.0208892822265625,0.989959716796875
1647871091367,2022-03-21T13:58:11.367,unknown,-0.0446624755859375,0.021209716796875,0.9978790283203125
1647871091466,2022-03-21T13:58:11.466,unknown,-0.049560546875,0.0232086181640625,0.99420166015625
1647871091566,2022-03-21T13:58:11.566,unknown,-0.047332763671875,0.0095672607421875,0.99169921875
1647871091665,2022-03-21T13:58:11.665,unknown,-0.049407958984375,0.0340118408203125,0.9974365234375
1647871091765,2022-03-21T13:58:11.765,unknown,-0.04730224609375,0.0174102783203125,0.9920654296875
1647871091864,2022-03-21T13:58:11.864,unknown,-0.049224853515625,0.0295257568359375,0.9986572265625
1647871091964,2022-03-21T13:58:11.964,unknown,-0.047698974609375,0.01690673828125,0.9923553466796875
1647871092064,2022-03-21T13:58:12.064,unknown,-0.0503387451171875,0.0234832763671875,0.9950714111328125
1647871092163,2022-03-21T13:58:12.163,unknown,-0.0458221435546875,0.0205078125,0.99505615234375
1647871092263,2022-03-21T13:58:12.263,unknown,-0.048095703125,0.0207672119140625,0.9917449951171875
1647871092362,2022-03-21T13:58:12.362,unknown,-0.0482330322265625,0.0225677490234375,0.997344970703125
1647871092462,2022-03-21T13:58:12.462,unknown,-0.0438995361328125,0.01519775390625,0.9927215576171875
1647871092561,2022-03-21T13:58:12.561,unknown,-0.0457000732421875,0.02740478515625,0.9938507080078125
1647871092661,2022-03-21T13:58:12.661,unknown,-0.053192138671875,0.01800537109375,0.9962005615234375
1647871092761,2022-03-21T13:58:12.761,unknown,-0.045074462890625,0.023101806640625,0.992523193359375
1647871092860,2022-03-21T13:58:12.860,unknown,-0.044830322265625,0.021728515625,0.9954071044921875
1647871092960,2022-03-21T13:58:12.960,unknown,-0.050567626953125,0.021148681640625,0.993072509765625
1647871093059,2022-03-21T13:58:13.059,unknown,-0.046478271484375,0.0191802978515625,0.9934844970703125
1647871093159,2022-03-21T13:58:13.159,unknown,-0.0465087890625,0.0247955322265625,0.99658203125
1647871093258,2022-03-21T13:58:13.258,unknown,-0.0494384765625,0.0215606689453125,0.990936279296875
1647871093358,2022-03-21T13:58:13.358,unknown,-0.046783447265625,0.0220489501953125,0.995147705078125
1647871093458,2022-03-21T13:58:13.458,unknown,-0.048553466796875,0.023101806640625,0.9941864013671875
1647871093557,2022-03-21T13:58:13.557,unknown,-0.0470428466796875,0.0191802978515625,0.994049072265625
1647871093657,2022-03-21T13:58:13.657,unknown,-0.0477752685546875,0.0235595703125,0.9977874755859375
1647871093756,2022-03-21T13:58:13.756,unknown,-0.04718017578125,0.020904541015625,0.9919586181640625
1647871093856,2022-03-21T13:58:13.856,unknown,-0.04852294921875,0.020416259765625,0.99725341796875
1647871093955,2022-03-21T13:58:13.955,unknown,-0.04766845703125,0.024200439453125,0.994232177734375
1647871094055,2022-03-21T13:58:14.055,unknown,-0.047760009765625,0.020782470703125,0.9911956787109375
1647871094155,2022-03-21T13:58:14.155,unknown,-0.0482940673828125,0.0214385986328125,0.9961090087890625
1647871094254,2022-03-21T13:58:14.254,unknown,-0.0464630126953125,0.02337646484375,0.994110107421875
1647871094354,2022-03-21T13:58:14.354,unknown,-0.0477752685546875,0.019256591796875,0.99615478515625
1647871094453,2022-03-21T13:58:14.453,unknown,-0.047821044921875,0.022705078125,0.994964599609375
1647871094553,2022-03-21T13:58:14.553,unknown,-0.047210693359375,0.0210418701171875,0.9926300048828125
1647871094652,2022-03-21T13:58:14.652,unknown,-0.0479736328125,0.0214996337890625,0.997650146484375
1647871094752,2022-03-21T13:58:14.752,unknown,-0.047607421875,0.02288818359375,0.9918060302734375
1647871094852,2022-03-21T13:58:14.852,unknown,-0.0484771728515625,0.0187225341796875,0.9956817626953125
1647871094951,2022-03-21T13:58:14.951,unknown,-0.0473785400390625,0.02337646484375,0.9932403564453125
1647871095051,2022-03-21T13:58:15.051,unknown,-0.04754638671875,0.01953125,0.99237060546875
1647871095150,2022-03-21T13:58:15.150,unknown,-0.04730224609375,0.021759033203125,0.9970855712890625
1647871095250,2022-03-21T13:58:15.250,unknown,-0.0468902587890625,0.0223388671875,0.9931793212890625
1647871095349,2022-03-21T13:58:15.349,unknown,-0.048797607421875,0.02239990234375,0.9983062744140625
1647871095449,2022-03-21T13:58:15.449,unknown,-0.0477752685546875,0.02056884765625,0.993316650390625
1647871095549,2022-03-21T13:58:15.549,unknown,-0.046661376953125,0.0208740234375,0.9943084716796875
1647871095648,2022-03-21T13:58:15.648,unknown,-0.049224853515625,0.0222930908203125,0.996856689453125
1647871095748,2022-03-21T13:58:15.748,unknown,-0.04730224609375,0.021636962890625,0.9922943115234375
1647871095847,2022-03-21T13:58:15.847,unknown,-0.047637939453125,0.022125244140625,0.9967193603515625
1647871095947,2022-03-21T13:58:15.947,unknown,-0.048553466796875,0.0229339599609375,0.9924468994140625
1647871096046,2022-03-21T13:58:16.046,unknown,-0.0479736328125,0.019866943359375,0.9947357177734375
1647871096146,2022-03-21T13:58:16.146,unknown,-0.0475616455078125,0.022674560546875,0.9968109130859375
1647871096246,2022-03-21T13:58:16.246,unknown,-0.048004150390625,0.0194244384765625,0.9915618896484375
1647871096345,2022-03-21T13:58:16.345,unknown,-0.0482025146484375,0.022735595703125,0.998077392578125
1647871096445,2022-03-21T13:58:16.445,unknown,-0.046875,0.0210723876953125,0.99542236328125
1647871096544,2022-03-21T13:58:16.544,unknown,-0.04833984375,0.0213775634765625,0.994354248046875
1647871096644,2022-03-21T13:58:16.644,unknown,-0.04852294921875,0.0217437744140625,0.9973297119140625
1647871096743,2022-03-21T13:58:16.743,unknown,-0.0471038818359375,0.0220489501953125,0.9935760498046875
1647871096843,2022-03-21T13:58:16.843,unknown,-0.04840087890625,0.02117919921875,0.9959259033203125
1647871096943,2022-03-21T13:58:16.943,unknown,-0.04730224609375,0.021942138671875,0.994964599609375
1647871097042,2022-03-21T13:58:17.042,unknown,-0.0471954345703125,0.0224151611328125,0.99310302734375
1647871097142,2022-03-21T13:58:17.142,unknown,-0.0479888916015625,0.02142333984375,0.998321533203125
1647871097241,2022-03-21T13:58:17.241,unknown,-0.0481719970703125,0.0217437744140625,0.992156982421875
1647871097341,2022-03-21T13:58:17.341,unknown,-0.0468597412109375,0.0217742919921875,0.9972381591796875
1647871097440,2022-03-21T13:58:17.440,unknown,-0.0478363037109375,0.019683837890625,0.99603271484375
1647871097540,2022-03-21T13:58:17.540,unknown,-0.0477447509765625,0.024139404296875,0.9930572509765625
1647871097639,2022-03-21T13:58:17.639,unknown,-0.0479583740234375,0.020111083984375,0.9967041015625
1647871097739,2022-03-21T13:58:17.739,unknown,-0.047393798828125,0.02178955078125,0.9924774169921875
1647871097839,2022-03-21T13:58:17.839,unknown,-0.0472259521484375,0.02215576171875,0.9965972900390625
1647871097938,2022-03-21T13:58:17.938,unknown,-0.04864501953125,0.0211181640625,0.9965362548828125
1647871098038,2022-03-21T13:58:18.038,unknown,-0.0471343994140625,0.0216827392578125,0.9924774169921875
1647871098137,2022-03-21T13:58:18.137,unknown,-0.046478271484375,0.021026611328125,0.99737548828125
1647871098237,2022-03-21T13:58:18.237,unknown,-0.0476837158203125,0.0230712890625,0.99102783203125
1647871098336,2022-03-21T13:58:18.336,unknown,-0.04742431640625,0.022430419921875,0.9948883056640625
1647871098436,2022-03-21T13:58:18.436,unknown,-0.04815673828125,0.0204925537109375,0.994903564453125
1647871098536,2022-03-21T13:58:18.536,unknown,-0.0476837158203125,0.022674560546875,0.9918365478515625
1647871098635,2022-03-21T13:58:18.635,unknown,-0.04681396484375,0.0219268798828125,1.0008087158203125
1647871098735,2022-03-21T13:58:18.735,unknown,-0.0479583740234375,0.0226287841796875,0.989288330078125
1647871098834,2022-03-21T13:58:18.834,unknown,-0.0473480224609375,0.0221710205078125,0.9968109130859375
1647871098934,2022-03-21T13:58:18.934,unknown,-0.047332763671875,0.0207061767578125,0.9940338134765625
1647871099033,2022-03-21T13:58:19.033,unknown,-0.0485687255859375,0.023223876953125,0.9914093017578125
1647871099133,2022-03-21T13:58:19.133,unknown,-0.047149658203125,0.01983642578125,0.9985809326171875
1647871099233,2022-03-21T13:58:19.233,unknown,-0.0472869873046875,0.0210418701171875,0.9919586181640625
1647871099332,2022-03-21T13:58:19.332,unknown,-0.0487823486328125,0.022064208984375,0.9945068359375
1647871099432,2022-03-21T13:58:19.432,unknown,-0.046600341796875,0.0213165283203125,0.995819091796875
1647871099531,2022-03-21T13:58:19.531,unknown,-0.0464019775390625,0.0229034423828125,0.9911651611328125
1647871099631,2022-03-21T13:58:19.631,unknown,-0.0475006103515625,0.0207061767578125,0.9976959228515625
1647871099730,2022-03-21T13:58:19.730,unknown,-0.047698974609375,0.021392822265625,0.992523193359375
1647871099830,2022-03-21T13:58:19.830,unknown,-0.04779052734375,0.022064208984375,0.99407958984375
1647871099930,2022-03-21T13:58:19.930,unknown,-0.0482940673828125,0.0206451416015625,0.9974365234375
1647871100029,2022-03-21T13:58:20.029,unknown,-0.0478057861328125,0.022613525390625,0.99261474609375
1647871100129,2022-03-21T13:58:20.129,unknown,-0.048187255859375,0.020843505859375,0.9968719482421875
1647871100228,2022-03-21T13:58:20.228,unknown,-0.047882080078125,0.0219268798828125,0.9941558837890625
1647871100328,2022-03-21T13:58:20.328,unknown,-0.0479278564453125,0.0221099853515625,0.9947509765625
1647871100427,2022-03-21T13:58:20.427,unknown,-0.0476226806640625,0.020965576171875,0.997650146484375
1647871100527,2022-03-21T13:58:20.527,unknown,-0.04791259765625,0.022216796875,0.9921417236328125
1647871100627,2022-03-21T13:58:20.627,unknown,-0.047119140625,0.0206451416015625,0.9955902099609375
1647871100726,2022-03-21T13:58:20.726,unknown,-0.047637939453125,0.0225067138671875,0.9943695068359375
1647871100826,2022-03-21T13:58:20.826,unknown,-0.04766845703125,0.0211944580078125,0.993255615234375
1647871100925,2022-03-21T13:58:20.925,unknown,-0.0478973388671875,0.021728515625,0.9965972900390625
1647871101025,2022-03-21T13:58:21.025,unknown,-0.048553466796875,0.023712158203125,0.990081787109375
1647871101124,2022-03-21T13:58:21.124,unknown,-0.04730224609375,0.0205841064453125,0.9959869384765625
1647871101224,2022-03-21T13:58:21.224,unknown,-0.04833984375,0.0224609375,0.996429443359375
1647871101324,2022-03-21T13:58:21.324,unknown,-0.0482177734375,0.0211639404296875,0.9926300048828125
1647871101423,2022-03-21T13:58:21.423,unknown,-0.0473785400390625,0.021392822265625,0.996337890625
1647871101523,2022-03-21T13:58:21.523,unknown,-0.04840087890625,0.0224151611328125,0.993316650390625
1647871101622,2022-03-21T13:58:21.622,unknown,-0.047393798828125,0.0196990966796875,0.994720458984375
1647871101722,2022-03-21T13:58:21.722,unknown,-0.047882080078125,0.0224151611328125,0.99444580078125
1647871101821,2022-03-21T13:58:21.821,unknown,-0.0480499267578125,0.020721435546875,0.9927215576171875
1647871101921,2022-03-21T13:58:21.921,unknown,-0.0469207763671875,0.02044677734375,0.9965057373046875
1647871102021,2022-03-21T13:58:22.021,unknown,-0.047760009765625,0.022064208984375,0.9925537109375
1647871102120,2022-03-21T13:58:22.120,unknown,-0.0469970703125,0.020751953125,0.9967498779296875
1647871102220,2022-03-21T13:58:22.220,unknown,-0.0477447509765625,0.0222015380859375,0.9965057373046875
1647871102319,2022-03-21T13:58:22.319,unknown,-0.047943115234375,0.023040771484375,0.99249267578125
1647871102419,2022-03-21T13:58:22.419,unknown,-0.0474853515625,0.019500732421875,0.9976348876953125
1647871102518,2022-03-21T13:58:22.518,unknown,-0.0474090576171875,0.0220489501953125,0.99456787109375
1647871102618,2022-03-21T13:58:22.618,unknown,-0.048187255859375,0.0205078125,0.994049072265625
1647871102718,2022-03-21T13:58:22.718,unknown,-0.047454833984375,0.0207977294921875,0.995330810546875
1647871102817,2022-03-21T13:58:22.817,unknown,-0.047393798828125,0.022186279296875,0.99334716796875
1647871102917,2022-03-21T13:58:22.917,unknown,-0.0480194091796875,0.0200653076171875,0.9943695068359375
1647871103016,2022-03-21T13:58:23.016,unknown,-0.0482940673828125,0.02294921875,0.99261474609375
1647871103116,2022-03-21T13:58:23.116,unknown,-0.047637939453125,0.0216522216796875,0.9947509765625
1647871103215,2022-03-21T13:58:23.215,unknown,-0.0467529296875,0.023223876953125,0.9945220947265625
1647871103315,2022-03-21T13:58:23.315,unknown,-0.04730224609375,0.0198516845703125,0.9926605224609375
1647871103415,2022-03-21T13:58:23.415,unknown,-0.0484771728515625,0.0228729248046875,0.995391845703125
1647871103514,2022-03-21T13:58:23.514,unknown,-0.0474853515625,0.02313232421875,0.9942626953125
1647871103614,2022-03-21T13:58:23.614,unknown,-0.047393798828125,0.02239990234375,0.990478515625
1647871103713,2022-03-21T13:58:23.713,unknown,-0.0476531982421875,0.02191162109375,0.99664306640625
1647871103813,2022-03-21T13:58:23.813,unknown,-0.0476531982421875,0.0214996337890625,0.9933929443359375
1647871103912,2022-03-21T13:58:23.912,unknown,-0.04766845703125,0.021392822265625,0.998016357421875
1647871104012,2022-03-21T13:58:24.012,unknown,-0.0472564697265625,0.0206451416015625,0.99609375
1647871104112,2022-03-21T13:58:24.112,unknown,-0.048126220703125,0.02117919921875,0.9902191162109375
1647871104211,2022-03-21T13:58:24.211,unknown,-0.0477752685546875,0.0205535888671875,0.994140625
1647871104311,2022-03-21T13:58:24.311,unknown,-0.0478057861328125,0.0218048095703125,0.9910430908203125
1647871104410,2022-03-21T13:58:24.410,unknown,-0.04730224609375,0.0213775634765625,0.9936676025390625
1647871104510,2022-03-21T13:58:24.510,unknown,-0.0478668212890625,0.021484375,0.9966888427734375
1647871104609,2022-03-21T13:58:24.609,unknown,-0.047576904296875,0.02191162109375,0.9918060302734375
1647871104709,2022-03-21T13:58:24.709,unknown,-0.0471649169921875,0.022247314453125,0.9967041015625
1647871104808,2022-03-21T13:58:24.808,unknown,-0.047882080078125,0.021514892578125,0.990814208984375
1647871104908,2022-03-21T13:58:24.908,unknown,-0.04827880859375,0.023223876953125,0.9963226318359375
1647871105008,2022-03-21T13:58:25.008,unknown,-0.0482635498046875,0.02099609375,0.9973602294921875
1647871105107,2022-03-21T13:58:25.107,unknown,-0.0480194091796875,0.0206756591796875,0.994232177734375
1647871105207,2022-03-21T13:58:25.207,unknown,-0.0478973388671875,0.0219268798828125,1.0006256103515625
1647871105306,2022-03-21T13:58:25.306,unknown,-0.046875,0.02069091796875,0.98785400390625
1647871105406,2022-03-21T13:58:25.406,unknown,-0.04754638671875,0.021148681640625,0.992034912109375
1647871105505,2022-03-21T13:58:25.505,unknown,-0.0484161376953125,0.0223846435546875,0.993621826171875
1647871105605,2022-03-21T13:58:25.605,unknown,-0.04730224609375,0.0202789306640625,0.9936981201171875
1647871105705,2022-03-21T13:58:25.705,unknown,-0.0480499267578125,0.022308349609375,1.0008544921875
1647871105804,2022-03-21T13:58:25.804,unknown,-0.0478973388671875,0.021484375,0.98822021484375
1647871105904,2022-03-21T13:58:25.904,unknown,-0.048126220703125,0.0218658447265625,1.0023345947265625
1647871106003,2022-03-21T13:58:26.003,unknown,-0.0479583740234375,0.0226898193359375,1.0021209716796875
1647871106103,2022-03-21T13:58:26.103,unknown,-0.04718017578125,0.0208587646484375,0.9884490966796875
1647871106202,2022-03-21T13:58:26.202,unknown,-0.0482635498046875,0.0204620361328125,0.989776611328125
1647871106302,2022-03-21T13:58:26.302,unknown,-0.04803466796875,0.0234375,0.9937744140625
1647871106402,2022-03-21T13:58:26.402,unknown,-0.048187255859375,0.020599365234375,1.00091552734375
1647871106501,2022-03-21T13:58:26.501,unknown,-0.047027587890625,0.02197265625,0.9907684326171875
1647871106601,2022-03-21T13:58:26.601,unknown,-0.047027587890625,0.0225677490234375,0.986419677734375
1647871106700,2022-03-21T13:58:26.700,unknown,-0.048828125,0.021820068359375,1.0060882568359375
1647871106800,2022-03-21T13:58:26.800,unknown,-0.0484771728515625,0.022430419921875,0.997528076171875
1647871106899,2022-03-21T13:58:26.899,unknown,-0.04730224609375,0.020904541015625,0.994964599609375
1647871106999,2022-03-21T13:58:26.999,unknown,-0.0478668212890625,0.021392822265625,1.0001220703125
1647871107099,2022-03-21T13:58:27.099,unknown,-0.0474700927734375,0.02105712890625,0.9964141845703125
1647871107198,2022-03-21T13:58:27.198,unknown,-0.046905517578125,0.0218048095703125,0.9882049560546875
1647871107298,2022-03-21T13:58:27.298,unknown,-0.0474090576171875,0.0211334228515625,0.9885406494140625
1647871107397,2022-03-21T13:58:27.397,unknown,-0.0480194091796875,0.022216796875,0.9987030029296875
1647871107497,2022-03-21T13:58:27.497,unknown,-0.0476531982421875,0.022796630859375,0.9955596923828125
1647871107596,2022-03-21T13:58:27.596,unknown,-0.0473480224609375,0.02105712890625,0.9883575439453125
1647871107696,2022-03-21T13:58:27.696,unknown,-0.048248291015625,0.0223541259765625,0.9979400634765625
1647871107796,2022-03-21T13:58:27.796,unknown,-0.0465850830078125,0.0204010009765625,0.994140625
1647871107895,2022-03-21T13:58:27.895,unknown,-0.0478973388671875,0.021026611328125,0.994293212890625
1647871107995,2022-03-21T13:58:27.995,unknown,-0.04791259765625,0.023223876953125,0.9927978515625
1647871108094,2022-03-21T13:58:28.094,unknown,-0.0467681884765625,0.0202789306640625,0.9913482666015625
1647871108194,2022-03-21T13:58:28.194,unknown,-0.046539306640625,0.02301025390625,0.9946746826171875
1647871108293,2022-03-21T13:58:28.293,unknown,-0.0473480224609375,0.021209716796875,0.9906463623046875
1647871108393,2022-03-21T13:58:28.393,unknown,-0.0471649169921875,0.0204010009765625,0.994720458984375
1647871108493,2022-03-21T13:58:28.493,unknown,-0.0486602783203125,0.0229034423828125,0.993499755859375
1647871108592,2022-03-21T13:58:28.592,unknown,-0.046539306640625,0.01995849609375,0.990203857421875
1647871108692,2022-03-21T13:58:28.692,unknown,-0.04833984375,0.0225830078125,0.99774169921875
1647871108791,2022-03-21T13:58:28.791,unknown,-0.0478973388671875,0.022735595703125,0.9932861328125
1647871108891,2022-03-21T13:58:28.891,unknown,-0.0464630126953125,0.0206298828125,0.9877166748046875
1647871108990,2022-03-21T13:58:28.990,unknown,-0.0486907958984375,0.022735595703125,0.994659423828125
1647871109090,2022-03-21T13:58:29.090,unknown,-0.047149658203125,0.0211639404296875,0.988983154296875
1647871109190,2022-03-21T13:58:29.190,unknown,-0.0472259521484375,0.020660400390625,0.998504638671875
1647871109289,2022-03-21T13:58:29.289,unknown,-0.048248291015625,0.0235443115234375,0.994384765625
1647871109389,2022-03-21T13:58:29.389,unknown,-0.046234130859375,0.0202178955078125,0.9921722412109375
1647871109488,2022-03-21T13:58:29.488,unknown,-0.0480499267578125,0.0218353271484375,0.9927520751953125
1647871109588,2022-03-21T13:58:29.588,unknown,-0.048553466796875,0.0225830078125,0.9924468994140625
1647871109687,2022-03-21T13:58:29.687,unknown,-0.047271728515625,0.02001953125,0.9975433349609375
1647871109787,2022-03-21T13:58:29.787,unknown,-0.0477142333984375,0.022857666015625,0.9928741455078125
1647871109887,2022-03-21T13:58:29.887,unknown,-0.048126220703125,0.020843505859375,0.9926300048828125
1647871109986,2022-03-21T13:58:29.986,unknown,-0.048065185546875,0.0221710205078125,0.9988250732421875
1647871110086,2022-03-21T13:58:30.086,unknown,-0.0464630126953125,0.021820068359375,0.9926300048828125
1647871110185,2022-03-21T13:58:30.185,unknown,-0.0481109619140625,0.019744873046875,0.99578857421875
1647871110285,2022-03-21T13:58:30.285,unknown,-0.0480804443359375,0.023468017578125,0.991668701171875
1647871110384,2022-03-21T13:58:30.384,unknown,-0.0472412109375,0.020172119140625,0.9947357177734375
1647871110484,2022-03-21T13:58:30.484,unknown,-0.046905517578125,0.0231781005859375,0.9957122802734375
1647871110584,2022-03-21T13:58:30.584,unknown,-0.047821044921875,0.0220794677734375,0.994598388671875
1647871110683,2022-03-21T13:58:30.683,unknown,-0.0480194091796875,0.0214385986328125,0.9953460693359375
1647871110783,2022-03-21T13:58:30.783,unknown,-0.048736572265625,0.02166748046875,0.994842529296875
1647871110882,2022-03-21T13:58:30.882,unknown,-0.0458831787109375,0.0204925537109375,0.99432373046875
1647871110982,2022-03-21T13:58:30.982,unknown,-0.049224853515625,0.0236968994140625,0.996856689453125
1647871111081,2022-03-21T13:58:31.081,unknown,-0.0473175048828125,0.02142333984375,0.9897308349609375
1647871111181,2022-03-21T13:58:31.181,unknown,-0.046600341796875,0.02130126953125,0.997589111328125
1647871111280,2022-03-21T13:58:31.280,unknown,-0.0479583740234375,0.0229949951171875,0.9950103759765625
1647871111380,2022-03-21T13:58:31.380,unknown,-0.0480804443359375,0.0200653076171875,0.993896484375
1647871111480,2022-03-21T13:58:31.480,unknown,-0.0471343994140625,0.0238494873046875,0.996063232421875
1647871111579,2022-03-21T13:58:31.579,unknown,-0.047515869140625,0.02044677734375,0.992919921875
1647871111679,2022-03-21T13:58:31.679,unknown,-0.0488128662109375,0.022247314453125,0.996124267578125
1647871111778,2022-03-21T13:58:31.778,unknown,-0.04583740234375,0.02117919921875,0.99566650390625
1647871111878,2022-03-21T13:58:31.878,unknown,-0.049285888671875,0.020904541015625,0.9930572509765625
1647871111977,2022-03-21T13:58:31.977,unknown,-0.04779052734375,0.022216796875,0.9952239990234375
1647871112077,2022-03-21T13:58:32.077,unknown,-0.0455780029296875,0.0207061767578125,0.992828369140625
1647871112177,2022-03-21T13:58:32.177,unknown,-0.04864501953125,0.0221099853515625,0.9963531494140625
1647871112276,2022-03-21T13:58:32.276,unknown,-0.0479736328125,0.0228271484375,0.9915008544921875
1647871112376,2022-03-21T13:58:32.376,unknown,-0.0453338623046875,0.0179901123046875,0.994537353515625
1647871112475,2022-03-21T13:58:32.475,unknown,-0.0476837158203125,0.020782470703125,0.99853515625
1647871112575,2022-03-21T13:58:32.575,unknown,-0.0491790771484375,0.0212249755859375,0.9917755126953125
1647871112674,2022-03-21T13:58:32.674,unknown,-0.0462188720703125,0.0198211669921875,0.997802734375
1647871112774,2022-03-21T13:58:32.774,unknown,-0.047393798828125,0.0232391357421875,0.993927001953125
1647871112874,2022-03-21T13:58:32.874,unknown,-0.0478668212890625,0.0202178955078125,0.9937896728515625
1647871112973,2022-03-21T13:58:32.973,unknown,-0.0478363037109375,0.02178955078125,0.995086669921875
1647871113073,2022-03-21T13:58:33.073,unknown,-0.047454833984375,0.023284912109375,0.9920196533203125
1647871113172,2022-03-21T13:58:33.172,unknown,-0.0484466552734375,0.0214691162109375,0.9954986572265625
1647871113272,2022-03-21T13:58:33.272,unknown,-0.045867919921875,0.0210418701171875,0.9938201904296875
1647871113371,2022-03-21T13:58:33.371,unknown,-0.04736328125,0.0215911865234375,0.9956207275390625
1647871113471,2022-03-21T13:58:33.471,unknown,-0.04815673828125,0.021881103515625,0.994873046875
1647871113571,2022-03-21T13:58:33.571,unknown,-0.04644775390625,0.02032470703125,0.9921112060546875
1647871113670,2022-03-21T13:58:33.670,unknown,-0.04827880859375,0.0223541259765625,0.9951171875
1647871113770,2022-03-21T13:58:33.770,unknown,-0.04779052734375,0.0205230712890625,0.9931793212890625
1647871113869,2022-03-21T13:58:33.869,unknown,-0.048370361328125,0.022674560546875,0.994049072265625
1647871113969,2022-03-21T13:58:33.969,unknown,-0.0467987060546875,0.0231781005859375,0.9965057373046875
1647871114068,2022-03-21T13:58:34.068,unknown,-0.0475311279296875,0.0194244384765625,0.990692138671875
1647871114168,2022-03-21T13:58:34.168,unknown,-0.048736572265625,0.025421142578125,0.998779296875
1647871114268,2022-03-21T13:58:34.268,unknown,-0.04779052734375,0.0202789306640625,0.991790771484375
1647871114367,2022-03-21T13:58:34.367,unknown,-0.0477447509765625,0.022247314453125,0.9922637939453125
1647871114467,2022-03-21T13:58:34.467,unknown,-0.04632568359375,0.0211181640625,0.996612548828125
1647871114566,2022-03-21T13:58:34.566,unknown,-0.047607421875,0.022247314453125,0.99261474609375
1647871114666,2022-03-21T13:58:34.666,unknown,-0.04840087890625,0.0208740234375,0.9958038330078125
1647871114765,2022-03-21T13:58:34.765,unknown,-0.0474700927734375,0.02435302734375,0.995452880859375
1647871114865,2022-03-21T13:58:34.865,unknown,-0.0482330322265625,0.0182647705078125,0.9924774169921875
1647871114965,2022-03-21T13:58:34.965,unknown,-0.04876708984375,0.022705078125,0.9961090087890625
1647871115064,2022-03-21T13:58:35.064,unknown,-0.0435638427734375,0.0274505615234375,0.9905242919921875
1647871115164,2022-03-21T13:58:35.164,unknown,-0.05181884765625,0.0201416015625,0.9967803955078125
1647871115263,2022-03-21T13:58:35.263,unknown,-0.0507354736328125,0.0264739990234375,0.9936676025390625
1647871115363,2022-03-21T13:58:35.363,unknown,-0.0404510498046875,0.018890380859375,0.993438720703125
1647871115462,2022-03-21T13:58:35.462,unknown,-0.048736572265625,0.016448974609375,0.9959716796875
1647871115562,2022-03-21T13:58:35.562,unknown,-0.0507049560546875,0.02545166015625,0.993133544921875
1647871115662,2022-03-21T13:58:35.662,unknown,-0.042144775390625,0.0197296142578125,0.9969329833984375
1647871115761,2022-03-21T13:58:35.761,unknown,-0.05010986328125,0.0228729248046875,0.9942779541015625
1647871115861,2022-03-21T13:58:35.861,unknown,-0.047088623046875,0.019805908203125,0.99298095703125
1647871115960,2022-03-21T13:58:35.960,unknown,-0.0457305908203125,0.0202484130859375,0.9974517822265625
1647871116060,2022-03-21T13:58:36.060,unknown,-0.0514373779296875,0.0222625732421875,0.9906158447265625
1647871116159,2022-03-21T13:58:36.159,unknown,-0.0457916259765625,0.020416259765625,0.9953155517578125
1647871116259,2022-03-21T13:58:36.259,unknown,-0.0447540283203125,0.023193359375,0.9945068359375
1647871116359,2022-03-21T13:58:36.359,unknown,-0.0516815185546875,0.02008056640625,0.993621826171875
1647871116458,2022-03-21T13:58:36.458,unknown,-0.048065185546875,0.022247314453125,0.99652099609375
1647871116558,2022-03-21T13:58:36.558,unknown,-0.0442962646484375,0.0237274169921875,0.9935302734375
1647871116657,2022-03-21T13:58:36.657,unknown,-0.0504913330078125,0.0194091796875,0.995941162109375
1647871116757,2022-03-21T13:58:36.757,unknown,-0.0473175048828125,0.0222930908203125,0.99505615234375
1647871116856,2022-03-21T13:58:36.856,unknown,-0.0471343994140625,0.022064208984375,0.992431640625
1647871116956,2022-03-21T13:58:36.956,unknown,-0.048065185546875,0.0229034423828125,0.9976043701171875
1647871117056,2022-03-21T13:58:37.056,unknown,-0.0471038818359375,0.0216064453125,0.9904937744140625
1647871117155,2022-03-21T13:58:37.155,unknown,-0.0468902587890625,0.0221405029296875,0.996490478515625
1647871117255,2022-03-21T13:58:37.255,unknown,-0.047454833984375,0.0211639404296875,0.9939422607421875
1647871117354,2022-03-21T13:58:37.354,unknown,-0.047698974609375,0.02105712890625,0.993255615234375
1647871117454,2022-03-21T13:58:37.454,unknown,-0.048248291015625,0.0218353271484375,0.9976348876953125
1647871117553,2022-03-21T13:58:37.553,unknown,-0.0471343994140625,0.0210113525390625,0.9904022216796875
1647871117653,2022-03-21T13:58:37.653,unknown,-0.047576904296875,0.01983642578125,0.9954071044921875
1647871117753,2022-03-21T13:58:37.753,unknown,-0.0467376708984375,0.024169921875,0.9959259033203125
1647871117852,2022-03-21T13:58:37.852,unknown,-0.04815673828125,0.02020263671875,0.9923095703125
1647871117952,2022-03-21T13:58:37.952,unknown,-0.048309326171875,0.0229339599609375,0.997222900390625
1647871118051,2022-03-21T13:58:38.051,unknown,-0.0478973388671875,0.0225372314453125,0.9924163818359375
1647871118151,2022-03-21T13:58:38.151,unknown,-0.0476226806640625,0.020416259765625,0.996826171875
1647871118250,2022-03-21T13:58:38.250,unknown,-0.047515869140625,0.0235443115234375,0.9949951171875
1647871118350,2022-03-21T13:58:38.350,unknown,-0.0482635498046875,0.0222015380859375,0.9917755126953125
1647871118449,2022-03-21T13:58:38.449,unknown,-0.0471343994140625,0.0204925537109375,0.99603271484375
1647871118549,2022-03-21T13:58:38.549,unknown,-0.047943115234375,0.02301025390625,0.9931182861328125
1647871118649,2022-03-21T13:58:38.649,unknown,-0.0477294921875,0.0205230712890625,0.9954681396484375
1647871118748,2022-03-21T13:58:38.748,unknown,-0.047088623046875,0.0206756591796875,0.9958648681640625
1647871118848,2022-03-21T13:58:38.848,unknown,-0.0483856201171875,0.0227508544921875,0.9921875
1647871118947,2022-03-21T13:58:38.947,unknown,-0.047271728515625,0.020233154296875,0.9971466064453125
1647871119047,2022-03-21T13:58:39.047,unknown,-0.0478515625,0.0225677490234375,0.9927978515625
1647871119146,2022-03-21T13:58:39.146,unknown,-0.048187255859375,0.0228424072265625,0.9958343505859375
1647871119246,2022-03-21T13:58:39.246,unknown,-0.0469512939453125,0.02020263671875,0.9945220947265625
1647871119346,2022-03-21T13:58:39.346,unknown,-0.0476531982421875,0.02276611328125,0.991485595703125
1647871119445,2022-03-21T13:58:39.445,unknown,-0.0479888916015625,0.020660400390625,0.99786376953125
1647871119545,2022-03-21T13:58:39.545,unknown,-0.047088623046875,0.0213165283203125,0.993438720703125
1647871119644,2022-03-21T13:58:39.644,unknown,-0.0477752685546875,0.02239990234375,0.997283935546875
1647871119744,2022-03-21T13:58:39.744,unknown,-0.048004150390625,0.0199432373046875,0.995269775390625
1647871119843,2022-03-21T13:58:39.843,unknown,-0.047027587890625,0.021820068359375,0.99066162109375
1647871119943,2022-03-21T13:58:39.943,unknown,-0.048095703125,0.02294921875,0.997833251953125
1647871120043,2022-03-21T13:58:40.043,unknown,-0.04833984375,0.020172119140625,0.9918365478515625
1647871120142,2022-03-21T13:58:40.142,unknown,-0.0483551025390625,0.02435302734375,0.9933929443359375
1647871120242,2022-03-21T13:58:40.242,unknown,-0.048004150390625,0.0205078125,0.995391845703125
1647871120341,2022-03-21T13:58:40.341,unknown,-0.0471954345703125,0.0211334228515625,0.9922027587890625
1647871120441,2022-03-21T13:58:40.441,unknown,-0.0477752685546875,0.022857666015625,0.995941162109375
1647871120540,2022-03-21T13:58:40.540,unknown,-0.04833984375,0.0190277099609375,0.992828369140625
1647871120640,2022-03-21T13:58:40.640,unknown,-0.0480804443359375,0.023193359375,0.9954681396484375
1647871120740,2022-03-21T13:58:40.740,unknown,-0.047454833984375,0.0225830078125,0.996246337890625
1647871120839,2022-03-21T13:58:40.839,unknown,-0.04833984375,0.0209197998046875,0.992706298828125
1647871120939,2022-03-21T13:58:40.939,unknown,-0.0475006103515625,0.0237579345703125,0.996429443359375
1647871121038,2022-03-21T13:58:41.038,unknown,-0.04827880859375,0.020660400390625,0.9937896728515625
1647871121138,2022-03-21T13:58:41.138,unknown,-0.047393798828125,0.021148681640625,0.9936370849609375
1647871121237,2022-03-21T13:58:41.237,unknown,-0.0477294921875,0.02215576171875,0.999267578125
1647871121337,2022-03-21T13:58:41.337,unknown,-0.0474853515625,0.021881103515625,0.991851806640625
1647871121437,2022-03-21T13:58:41.437,unknown,-0.0502166748046875,0.020782470703125,0.9970703125
1647871121536,2022-03-21T13:58:41.536,unknown,-0.045654296875,0.0263824462890625,0.99200439453125
1647871121636,2022-03-21T13:58:41.636,unknown,-0.048095703125,0.0193023681640625,0.99298095703125
1647871121735,2022-03-21T13:58:41.735,unknown,-0.0482635498046875,0.0219573974609375,0.9964447021484375
1647871121835,2022-03-21T13:58:41.835,unknown,-0.0472564697265625,0.0204315185546875,0.992279052734375
1647871121934,2022-03-21T13:58:41.934,unknown,-0.0461883544921875,0.0240631103515625,0.9984588623046875
1647871122034,2022-03-21T13:58:42.034,unknown,-0.0486602783203125,0.0207977294921875,0.9924774169921875
1647871122134,2022-03-21T13:58:42.134,unknown,-0.0485687255859375,0.0210723876953125,0.99365234375
1647871122233,2022-03-21T13:58:42.233,unknown,-0.04730224609375,0.022064208984375,0.9970855712890625
1647871122333,2022-03-21T13:58:42.333,unknown,-0.0473785400390625,0.0212860107421875,0.9940185546875
1647871122432,2022-03-21T13:58:42.432,unknown,-0.04864501953125,0.0235443115234375,0.9964599609375
1647871122532,2022-03-21T13:58:42.532,unknown,-0.04736328125,0.020782470703125,0.9931793212890625
1647871122631,2022-03-21T13:58:42.631,unknown,-0.0479278564453125,0.0205535888671875,0.99591064453125
1647871122731,2022-03-21T13:58:42.731,unknown,-0.0483551025390625,0.0240020751953125,0.9955291748046875
1647871122831,2022-03-21T13:58:42.831,unknown,-0.04730224609375,0.0203094482421875,0.99267578125
1647871122930,2022-03-21T13:58:42.930,unknown,-0.048248291015625,0.0229644775390625,0.9974822998046875
1647871123030,2022-03-21T13:58:43.030,unknown,-0.0472259521484375,0.021697998046875,0.9933319091796875
1647871123129,2022-03-21T13:58:43.129,unknown,-0.04779052734375,0.0206756591796875,0.992919921875
1647871123229,2022-03-21T13:58:43.229,unknown,-0.0483856201171875,0.0231170654296875,0.995697021484375
1647871123328,2022-03-21T13:58:43.328,unknown,-0.0465087890625,0.019866943359375,0.9918212890625
1647871123428,2022-03-21T13:58:43.428,unknown,-0.0477294921875,0.0229339599609375,0.9978179931640625
1647871123528,2022-03-21T13:58:43.528,unknown,-0.046783447265625,0.0208740234375,0.9935455322265625
1647871123627,2022-03-21T13:58:43.627,unknown,-0.0462188720703125,0.022369384765625,0.994384765625
1647871123727,2022-03-21T13:58:43.727,unknown,-0.0489501953125,0.021881103515625,0.9965362548828125
1647871123826,2022-03-21T13:58:43.826,unknown,-0.047821044921875,0.0196533203125,0.9928436279296875
1647871123926,2022-03-21T13:58:43.926,unknown,-0.04693603515625,0.02264404296875,0.99725341796875
1647871124025,2022-03-21T13:58:44.025,unknown,-0.0487060546875,0.0221710205078125,0.992279052734375
1647871124125,2022-03-21T13:58:44.125,unknown,-0.0473480224609375,0.021087646484375,0.993927001953125
1647871124225,2022-03-21T13:58:44.225,unknown,-0.0465545654296875,0.0228424072265625,0.9969329833984375
1647871124324,2022-03-21T13:58:44.324,unknown,-0.0481109619140625,0.0206451416015625,0.9908447265625
1647871124424,2022-03-21T13:58:44.424,unknown,-0.0478973388671875,0.021392822265625,0.9975433349609375
1647871124523,2022-03-21T13:58:44.523,unknown,-0.0474090576171875,0.0225372314453125,0.9933319091796875
1647871124623,2022-03-21T13:58:44.623,unknown,-0.0485687255859375,0.020477294921875,0.9952850341796875
1647871124722,2022-03-21T13:58:44.722,unknown,-0.0468902587890625,0.02239990234375,0.9959564208984375
1647871124822,2022-03-21T13:58:44.822,unknown,-0.0483856201171875,0.0222320556640625,0.9911956787109375
1647871124921,2022-03-21T13:58:44.921,unknown,-0.047607421875,0.0208740234375,0.997589111328125
1647871125021,2022-03-21T13:58:45.021,unknown,-0.04608154296875,0.020721435546875,0.9918212890625
1647871125121,2022-03-21T13:58:45.121,unknown,-0.0486907958984375,0.022705078125,0.9950714111328125
1647871125220,2022-03-21T13:58:45.220,unknown,-0.04779052734375,0.02081298828125,0.9950714111328125
1647871125320,2022-03-21T13:58:45.320,unknown,-0.047210693359375,0.0224609375,0.991241455078125
1647871125419,2022-03-21T13:58:45.419,unknown,-0.0480194091796875,0.0222930908203125,0.997161865234375
1647871185492,2022-03-21T13:59:45.492,unknown,-0.045379638671875,0.0195465087890625,0.9933319091796875
1647871185592,2022-03-21T13:59:45.592,unknown,-0.055145263671875,0.01812744140625,0.990966796875
1647871185692,2022-03-21T13:59:45.692,unknown,-0.046142578125,0.019012451171875,0.997039794921875
1647871185791,2022-03-21T13:59:45.791,unknown,-0.0404510498046875,0.0225677490234375,0.993927001953125
1647871185891,2022-03-21T13:59:45.891,unknown,-0.056304931640625,0.018890380859375,0.9955902099609375
1647871185990,2022-03-21T13:59:45.990,unknown,-0.048828125,0.019561767578125,0.995391845703125
1647871186090,2022-03-21T13:59:46.090,unknown,-0.0362091064453125,0.0243988037109375,0.9951324462890625
1647871186189,2022-03-21T13:59:46.189,unknown,-0.0591278076171875,0.0184783935546875,0.993988037109375
1647871186289,2022-03-21T13:59:46.289,unknown,-0.0443115234375,0.0210418701171875,0.9919281005859375
1647871186389,2022-03-21T13:59:46.389,unknown,-0.0422821044921875,0.0199127197265625,0.9971923828125
1647871186488,2022-03-21T13:59:46.488,unknown,-0.0515899658203125,0.0158843994140625,0.9937591552734375
1647871186588,2022-03-21T13:59:46.588,unknown,-0.0475006103515625,0.0211334228515625,0.991668701171875
1647871186687,2022-03-21T13:59:46.687,unknown,-0.0452728271484375,0.0189208984375,0.9959564208984375
1647871186787,2022-03-21T13:59:46.787,unknown,-0.0492401123046875,0.020660400390625,0.991058349609375
1647871186886,2022-03-21T13:59:46.886,unknown,-0.0499420166015625,0.0187835693359375,0.9959259033203125
1647871186986,2022-03-21T13:59:46.986,unknown,-0.0450897216796875,0.0224151611328125,0.994873046875
1647871187086,2022-03-21T13:59:47.086,unknown,-0.0464630126953125,0.0173797607421875,0.9932861328125
1647871187185,2022-03-21T13:59:47.185,unknown,-0.050323486328125,0.021453857421875,0.99578857421875
1647871187285,2022-03-21T13:59:47.285,unknown,-0.047454833984375,0.0163116455078125,0.9893035888671875
1647871187384,2022-03-21T13:59:47.384,unknown,-0.04168701171875,0.022918701171875,0.9972686767578125
1647871187484,2022-03-21T13:59:47.484,unknown,-0.051025390625,0.0214385986328125,0.9952850341796875
1647871187583,2022-03-21T13:59:47.583,unknown,-0.0494842529296875,0.0183563232421875,0.992919921875
1647871187683,2022-03-21T13:59:47.683,unknown,-0.0462188720703125,0.0243072509765625,0.996063232421875
1647871187783,2022-03-21T13:59:47.783,unknown,-0.0437469482421875,0.01416015625,0.9907073974609375
1647871187882,2022-03-21T13:59:47.882,unknown,-0.047637939453125,0.0243682861328125,0.997467041015625
1647871187982,2022-03-21T13:59:47.982,unknown,-0.0515289306640625,0.0138092041015625,0.99127197265625
1647871188081,2022-03-21T13:59:48.081,unknown,-0.04083251953125,0.022552490234375,0.9930419921875
1647871188181,2022-03-21T13:59:48.181,unknown,-0.0493316650390625,0.01800537109375,0.99609375
1647871188280,2022-03-21T13:59:48.280,unknown,-0.05126953125,0.020660400390625,0.991455078125
1647871188380,2022-03-21T13:59:48.380,unknown,-0.04443359375,0.0196685791015625,0.9969329833984375
1647871188480,2022-03-21T13:59:48.480,unknown,-0.046661376953125,0.02117919921875,0.9957122802734375
1647871188579,2022-03-21T13:59:48.579,unknown,-0.051422119140625,0.020294189453125,0.9917755126953125
1647871188679,2022-03-21T13:59:48.679,unknown,-0.0465850830078125,0.019989013671875,0.997833251953125
1647871188778,2022-03-21T13:59:48.778,unknown,-0.0457763671875,0.020904541015625,0.9932098388671875
1647871188878,2022-03-21T13:59:48.878,unknown,-0.051116943359375,0.0190582275390625,0.995330810546875
1647871188977,2022-03-21T13:59:48.977,unknown,-0.0449676513671875,0.0215301513671875,0.996368408203125
1647871189077,2022-03-21T13:59:49.077,unknown,-0.04681396484375,0.020111083984375,0.9918975830078125
1647871189177,2022-03-21T13:59:49.177,unknown,-0.0516510009765625,0.019378662109375,0.9974365234375
1647871189276,2022-03-21T13:59:49.276,unknown,-0.0439910888671875,0.019744873046875,0.99249267578125
1647871189376,2022-03-21T13:59:49.376,unknown,-0.0462493896484375,0.0204925537109375,0.995758056640625
1647871189475,2022-03-21T13:59:49.475,unknown,-0.0509490966796875,0.019439697265625,0.994781494140625
1647871189575,2022-03-21T13:59:49.575,unknown,-0.0465240478515625,0.0193939208984375,0.9912872314453125
1647871189674,2022-03-21T13:59:49.674,unknown,-0.045684814453125,0.0214691162109375,0.998870849609375
1647871189774,2022-03-21T13:59:49.774,unknown,-0.0492706298828125,0.0199127197265625,0.99139404296875
1647871189874,2022-03-21T13:59:49.874,unknown,-0.047576904296875,0.02044677734375,0.99383544921875
1647871189973,2022-03-21T13:59:49.973,unknown,-0.048370361328125,0.01922607421875,0.9955291748046875
1647871190073,2022-03-21T13:59:50.073,unknown,-0.04229736328125,0.0159454345703125,0.9918670654296875
1647871190172,2022-03-21T13:59:50.172,unknown,-0.0460205078125,0.0239715576171875,0.998809814453125
1647871190272,2022-03-21T13:59:50.272,unknown,-0.0592193603515625,0.019500732421875,0.9927520751953125
1647871190371,2022-03-21T13:59:50.371,unknown,-0.045440673828125,0.018096923828125,0.99163818359375
1647871190471,2022-03-21T13:59:50.471,unknown,-0.037689208984375,0.0205841064453125,0.99456787109375
1647871190570,2022-03-21T13:59:50.570,unknown,-0.0490570068359375,0.0171661376953125,0.9915618896484375
1647871190670,2022-03-21T13:59:50.670,unknown,-0.054901123046875,0.0160980224609375,0.9979095458984375
1647871190770,2022-03-21T13:59:50.770,unknown,-0.040252685546875,0.0197601318359375,0.99359130859375
1647871190869,2022-03-21T13:59:50.869,unknown,-0.0465850830078125,0.0207366943359375,0.9941558837890625
1647871190969,2022-03-21T13:59:50.969,unknown,-0.052490234375,0.0189666748046875,0.996856689453125
1647871191068,2022-03-21T13:59:51.068,unknown,-0.0455322265625,0.0210723876953125,0.992462158203125
1647871191168,2022-03-21T13:59:51.168,unknown,-0.0446319580078125,0.0186309814453125,0.9962615966796875
1647871191267,2022-03-21T13:59:51.267,unknown,-0.05059814453125,0.0221710205078125,0.99176025390625
1647871191367,2022-03-21T13:59:51.367,unknown,-0.049530029296875,0.016448974609375,0.992523193359375
1647871191467,2022-03-21T13:59:51.467,unknown,-0.0404510498046875,0.0229949951171875,0.996368408203125
1647871191566,2022-03-21T13:59:51.566,unknown,-0.05224609375,0.01702880859375,0.99127197265625
1647871191666,2022-03-21T13:59:51.666,unknown,-0.049041748046875,0.0203094482421875,0.9983062744140625
1647871191765,2022-03-21T13:59:51.765,unknown,-0.043304443359375,0.0166473388671875,0.9937286376953125
1647871191865,2022-03-21T13:59:51.865,unknown,-0.04766845703125,0.02154541015625,0.99261474609375
1647871191964,2022-03-21T13:59:51.964,unknown,-0.052490234375,0.02252197265625,0.9974517822265625
1647871192064,2022-03-21T13:59:52.064,unknown,-0.0444183349609375,0.02069091796875,0.98974609375
1647871192164,2022-03-21T13:59:52.164,unknown,-0.0535125732421875,0.0249481201171875,0.9964447021484375
1647871192263,2022-03-21T13:59:52.263,unknown,-0.041961669921875,0.015380859375,0.99261474609375
1647871192363,2022-03-21T13:59:52.363,unknown,-0.0439910888671875,0.0279541015625,0.99639892578125
1647871192462,2022-03-21T13:59:52.462,unknown,-0.0624542236328125,0.0163421630859375,0.9973907470703125
1647871192562,2022-03-21T13:59:52.562,unknown,-0.0441436767578125,0.0244293212890625,0.993743896484375
1647871192661,2022-03-21T13:59:52.661,unknown,-0.0389251708984375,0.01983642578125,0.9969329833984375
1647871192761,2022-03-21T13:59:52.761,unknown,-0.053619384765625,0.0178070068359375,0.99139404296875
1647871192861,2022-03-21T13:59:52.861,unknown,-0.0488128662109375,0.0199737548828125,0.99603271484375
1647871192960,2022-03-21T13:59:52.960,unknown,-0.0413360595703125,0.0200347900390625,0.996063232421875
1647871193060,2022-03-21T13:59:53.060,unknown,-0.0525970458984375,0.0226898193359375,0.99163818359375
1647871193159,2022-03-21T13:59:53.159,unknown,-0.0521087646484375,0.016265869140625,0.9990081787109375
1647871193259,2022-03-21T13:59:53.259,unknown,-0.0370330810546875,0.0258941650390625,0.9959716796875
1647871193358,2022-03-21T13:59:53.358,unknown,-0.0535736083984375,0.017974853515625,0.9944610595703125
1647871193458,2022-03-21T13:59:53.458,unknown,-0.0516357421875,0.0200653076171875,0.9969940185546875
1647871193558,2022-03-21T13:59:53.558,unknown,-0.04193115234375,0.0226287841796875,0.992095947265625
1647871193657,2022-03-21T13:59:53.657,unknown,-0.047271728515625,0.01751708984375,0.9945831298828125
1647871193757,2022-03-21T13:59:53.757,unknown,-0.0529937744140625,0.02294921875,0.993194580078125
1647871193856,2022-03-21T13:59:53.856,unknown,-0.042694091796875,0.0180816650390625,0.9944915771484375
1647871193956,2022-03-21T13:59:53.956,unknown,-0.04742431640625,0.0220184326171875,0.9962158203125
1647871194055,2022-03-21T13:59:54.055,unknown,-0.0505828857421875,0.0188751220703125,0.9935455322265625
1647871194155,2022-03-21T13:59:54.155,unknown,-0.0455780029296875,0.0189666748046875,0.9970703125
1647871194255,2022-03-21T13:59:54.255,unknown,-0.04541015625,0.0205078125,0.992279052734375
1647871194354,2022-03-21T13:59:54.354,unknown,-0.04840087890625,0.0171661376953125,0.992889404296875
1647871194454,2022-03-21T13:59:54.454,unknown,-0.04644775390625,0.0196533203125,0.995269775390625
1647871194553,2022-03-21T13:59:54.553,unknown,-0.04595947265625,0.0202789306640625,0.992828369140625
1647871194653,2022-03-21T13:59:54.653,unknown,-0.04840087890625,0.0196380615234375,0.998046875
1647871194752,2022-03-21T13:59:54.752,unknown,-0.048370361328125,0.0222015380859375,0.991485595703125
1647871194852,2022-03-21T13:59:54.852,unknown,-0.04583740234375,0.022003173828125,0.994720458984375
1647871194952,2022-03-21T13:59:54.952,unknown,-0.047760009765625,0.0175018310546875,0.9967498779296875
1647871195051,2022-03-21T13:59:55.051,unknown,-0.0477752685546875,0.0229644775390625,0.9921417236328125
1647871195151,2022-03-21T13:59:55.151,unknown,-0.045928955078125,0.0141448974609375,0.996978759765625
1647871195250,2022-03-21T13:59:55.250,unknown,-0.0486602783203125,0.024505615234375,0.9979248046875
1647871195350,2022-03-21T13:59:55.350,unknown,-0.0475616455078125,0.0202178955078125,0.9942474365234375
1647871195449,2022-03-21T13:59:55.449,unknown,-0.0490875244140625,0.0234832763671875,0.9957122802734375
1647871195549,2022-03-21T13:59:55.549,unknown,-0.0406036376953125,0.0195770263671875,0.9915008544921875
1647871195649,2022-03-21T13:59:55.649,unknown,-0.058380126953125,0.019805908203125,0.9966888427734375
1647871195748,2022-03-21T13:59:55.748,unknown,-0.0436859130859375,0.0196075439453125,0.98931884765625
1647871195848,2022-03-21T13:59:55.848,unknown,-0.04736328125,0.0233001708984375,0.9976654052734375
1647871195947,2022-03-21T13:59:55.947,unknown,-0.0489959716796875,0.0218048095703125,0.994903564453125
1647871196047,2022-03-21T13:59:56.047,unknown,-0.0484466552734375,0.0197601318359375,0.990692138671875
1647871196146,2022-03-21T13:59:56.146,unknown,-0.0474700927734375,0.020294189453125,0.9983062744140625
1647871196246,2022-03-21T13:59:56.246,unknown,-0.04339599609375,0.0189361572265625,0.9919281005859375
1647871196346,2022-03-21T13:59:56.346,unknown,-0.0499725341796875,0.0209503173828125,0.9939422607421875
1647871196445,2022-03-21T13:59:56.445,unknown,-0.04669189453125,0.016845703125,0.9960174560546875
1647871196545,2022-03-21T13:59:56.545,unknown,-0.05255126953125,0.0234222412109375,0.993133544921875
1647871196644,2022-03-21T13:59:56.644,unknown,-0.0396881103515625,0.0207672119140625,0.9961090087890625
1647871196744,2022-03-21T13:59:56.744,unknown,-0.050689697265625,0.0178375244140625,0.9941558837890625
1647871196843,2022-03-21T13:59:56.843,unknown,-0.047637939453125,0.018951416015625,0.992828369140625
1647871196943,2022-03-21T13:59:56.943,unknown,-0.0486297607421875,0.026641845703125,0.995269775390625
1647871197042,2022-03-21T13:59:57.042,unknown,-0.0472259521484375,0.01641845703125,0.9929046630859375
1647871197142,2022-03-21T13:59:57.142,unknown,-0.047027587890625,0.0227203369140625,0.9975433349609375
1647871197242,2022-03-21T13:59:57.242,unknown,-0.0447540283203125,0.0176544189453125,0.9932403564453125
1647871197341,2022-03-21T13:59:57.341,unknown,-0.04827880859375,0.0171051025390625,0.99334716796875
1647871197441,2022-03-21T13:59:57.441,unknown,-0.0471954345703125,0.025787353515625,0.998687744140625
1647871197540,2022-03-21T13:59:57.540,unknown,-0.046234130859375,0.014678955078125,0.991241455078125
1647871197640,2022-03-21T13:59:57.640,unknown,-0.0486297607421875,0.026153564453125,0.9978485107421875
1647871197739,2022-03-21T13:59:57.739,unknown,-0.0443267822265625,0.0169219970703125,0.99273681640625
1647871197839,2022-03-21T13:59:57.839,unknown,-0.0494232177734375,0.023223876953125,0.9930877685546875
1647871197939,2022-03-21T13:59:57.939,unknown,-0.049072265625,0.0192108154296875,0.99530029296875
1647871198038,2022-03-21T13:59:58.038,unknown,-0.0459747314453125,0.0212860107421875,0.9927978515625
1647871198138,2022-03-21T13:59:58.138,unknown,-0.0499267578125,0.0189208984375,0.99456787109375
1647871198237,2022-03-21T13:59:58.237,unknown,-0.0469970703125,0.0233306884765625,0.9936676025390625
1647871198337,2022-03-21T13:59:58.337,unknown,-0.0448760986328125,0.0164337158203125,0.9943389892578125
1647871198436,2022-03-21T13:59:58.436,unknown,-0.049957275390625,0.021728515625,0.9960784912109375
1647871198536,2022-03-21T13:59:58.536,unknown,-0.0473785400390625,0.02001953125,0.9922027587890625
1647871198636,2022-03-21T13:59:58.636,unknown,-0.0464630126953125,0.019439697265625,0.9986419677734375
1647871198735,2022-03-21T13:59:58.735,unknown,-0.050628662109375,0.0200347900390625,0.9956817626953125
1647871198835,2022-03-21T13:59:58.835,unknown,-0.0472564697265625,0.0194244384765625,0.9925384521484375
1647871198934,2022-03-21T13:59:58.934,unknown,-0.0454559326171875,0.0224151611328125,0.996337890625
1647871199034,2022-03-21T13:59:59.034,unknown,-0.046966552734375,0.0219268798828125,0.994781494140625
1647871199133,2022-03-21T13:59:59.133,unknown,-0.050689697265625,0.0202178955078125,0.9974212646484375
1647871199233,2022-03-21T13:59:59.233,unknown,-0.04376220703125,0.0141754150390625,0.99334716796875
1647871199333,2022-03-21T13:59:59.333,unknown,-0.0483245849609375,0.0220947265625,0.9927978515625
1647871199432,2022-03-21T13:59:59.432,unknown,-0.0496063232421875,0.0186920166015625,0.9970245361328125
1647871199532,2022-03-21T13:59:59.532,unknown,-0.0456085205078125,0.0185699462890625,0.990692138671875
1647871199631,2022-03-21T13:59:59.631,unknown,-0.045928955078125,0.0211639404296875,0.9960174560546875
1647871199731,2022-03-21T13:59:59.731,unknown,-0.0508880615234375,0.0182647705078125,0.994720458984375
1647871199830,2022-03-21T13:59:59.830,unknown,-0.0460205078125,0.0213165283203125,0.9935150146484375
1647871199930,2022-03-21T13:59:59.930,unknown,-0.0469970703125,0.0204315185546875,0.999114990234375